image_id,true_class,s02_mobilenet_v3_large_none_exploratory_seed42,s03_efficientnet_b0_none_exploratory_seed42,s05_efficientnet_b0_cbam_exploratory_seed42,s04_s02_s03_equal_probability_exploratory_seed42,s06_convnext_tiny_none_exploratory_seed42
ISIC_0027419,bkl,bkl,bkl,bkl,bkl,bkl
ISIC_0031633,bkl,bkl,bkl,bkl,bkl,bkl
ISIC_0027828,bkl,bkl,bkl,bkl,bkl,bkl
ISIC_0029559,bkl,bkl,bkl,bkl,bkl,bkl
ISIC_0025642,bkl,nv,nv,nv,nv,nv
ISIC_0031691,bkl,bkl,bcc,bkl,bkl,nv
ISIC_0025419,bkl,bkl,nv,nv,bkl,bkl
ISIC_0029301,bkl,mel,mel,mel,mel,nv
ISIC_0030377,bkl,bkl,nv,nv,bkl,bkl
ISIC_0027960,bkl,bkl,mel,bkl,bkl,bkl
ISIC_0031495,bkl,nv,bkl,bkl,bkl,bkl
ISIC_0025099,bkl,bkl,bkl,nv,bkl,bkl
ISIC_0029413,bkl,bkl,bkl,bkl,bkl,bkl
ISIC_0025140,bkl,bkl,mel,mel,mel,nv
ISIC_0029912,bkl,nv,vasc,nv,nv,nv
ISIC_0033539,bkl,bkl,bkl,bkl,bkl,bkl
ISIC_0030005,bkl,bkl,mel,mel,mel,bkl
ISIC_0024832,bkl,nv,bkl,bcc,nv,bkl
ISIC_0029837,bkl,nv,nv,nv,nv,nv
ISIC_0025510,bkl,nv,bkl,bkl,nv,bkl
ISIC_0029060,bkl,bkl,bkl,nv,bkl,bkl
ISIC_0026153,bkl,nv,bkl,bkl,bkl,nv
ISIC_0025063,bkl,bkl,bkl,bkl,bkl,bkl
ISIC_0032306,bkl,bkl,bkl,akiec,bkl,bkl
ISIC_0032304,bkl,bkl,bkl,bkl,bkl,bkl
ISIC_0032382,bkl,bkl,bkl,bkl,bkl,bkl
ISIC_0029674,bkl,bkl,nv,nv,bkl,bkl
ISIC_0028607,bkl,nv,bkl,nv,nv,bkl
ISIC_0028646,bkl,bkl,bkl,bkl,bkl,bkl
ISIC_0033041,bkl,mel,mel,mel,mel,bkl
ISIC_0033900,bkl,nv,bkl,nv,nv,bkl
ISIC_0030276,bkl,bkl,bkl,bkl,bkl,bkl
ISIC_0033201,bkl,bkl,bkl,bkl,bkl,bkl
ISIC_0033613,bkl,bkl,bkl,bkl,bkl,bkl
ISIC_0032978,bkl,mel,mel,mel,mel,bkl
ISIC_0032829,bkl,bkl,bkl,bkl,bkl,bkl
ISIC_0033601,bkl,bkl,bkl,bkl,bkl,bkl
ISIC_0032570,bkl,bkl,bkl,bkl,bkl,bkl
ISIC_0033410,bkl,bkl,nv,nv,bkl,bkl
ISIC_0033306,bkl,bkl,bkl,bkl,bkl,bkl
ISIC_0033235,bkl,bkl,bkl,bkl,bkl,bkl
ISIC_0026085,bkl,akiec,mel,mel,mel,mel
ISIC_0032756,bkl,mel,bkl,bkl,bkl,bkl
ISIC_0034031,bkl,mel,nv,nv,nv,bkl
ISIC_0033449,bkl,bkl,bkl,bkl,bkl,bkl
ISIC_0033414,bkl,bkl,nv,nv,bkl,bkl
ISIC_0033791,bkl,bkl,mel,mel,bkl,bkl
ISIC_0033060,bkl,bkl,bkl,bkl,bkl,bkl
ISIC_0031376,bkl,bkl,bkl,bkl,bkl,bkl
ISIC_0027989,bkl,bkl,bkl,bkl,bkl,bkl
ISIC_0027218,bkl,bkl,nv,nv,nv,nv
ISIC_0028020,bkl,nv,bkl,bkl,bkl,bkl
ISIC_0026623,bkl,bcc,akiec,akiec,akiec,bcc
ISIC_0031989,bkl,akiec,akiec,akiec,akiec,bcc
ISIC_0029394,bkl,mel,nv,bkl,mel,nv
ISIC_0027374,bkl,bkl,bkl,bkl,bkl,bkl
ISIC_0032168,bkl,nv,bkl,bkl,bkl,bkl
ISIC_0028308,bkl,bkl,akiec,bkl,bkl,nv
ISIC_0029522,bkl,nv,mel,mel,mel,nv
ISIC_0031060,bkl,bkl,mel,nv,bkl,bkl
ISIC_0026634,bkl,bkl,bkl,mel,bkl,bkl
ISIC_0026923,bkl,akiec,bkl,bkl,bkl,akiec
ISIC_0030203,bkl,bkl,bkl,bkl,bkl,bkl
ISIC_0025985,bkl,bcc,bkl,bkl,bkl,bcc
ISIC_0030208,bkl,bkl,bkl,bkl,bkl,bkl
ISIC_0025986,bkl,mel,nv,nv,nv,bkl
ISIC_0025805,bkl,nv,bkl,nv,bkl,bkl
ISIC_0024880,bkl,bkl,bkl,bkl,bkl,bkl
ISIC_0029525,bkl,bkl,bkl,bkl,bkl,bkl
ISIC_0025376,bkl,bkl,bkl,bkl,bkl,nv
ISIC_0024726,bkl,bkl,bkl,bkl,bkl,bkl
ISIC_0028100,bkl,bkl,bkl,bkl,bkl,bkl
ISIC_0030636,bkl,bkl,bkl,bkl,bkl,bkl
ISIC_0031078,bkl,bkl,bkl,bkl,bkl,bkl
ISIC_0025693,bkl,bkl,bkl,bkl,bkl,bkl
ISIC_0032116,bkl,bkl,bkl,bkl,bkl,mel
ISIC_0024772,bkl,mel,bkl,bkl,bkl,bkl
ISIC_0026219,bkl,mel,bkl,bkl,bkl,bkl
ISIC_0029139,bkl,bkl,bkl,bkl,bkl,bkl
ISIC_0031061,bkl,bkl,bkl,bkl,bkl,bkl
ISIC_0027991,bkl,mel,mel,mel,mel,bkl
ISIC_0031289,bkl,mel,mel,bkl,mel,bkl
ISIC_0031580,bkl,bkl,bkl,bkl,bkl,bkl
ISIC_0030365,bkl,mel,mel,mel,mel,mel
ISIC_0029810,bkl,bkl,bkl,bkl,bkl,bkl
ISIC_0029678,bkl,mel,mel,mel,mel,bkl
ISIC_0027990,bkl,bkl,bkl,bkl,bkl,bkl
ISIC_0031808,bkl,bkl,bkl,bkl,bkl,bkl
ISIC_0027470,bkl,nv,bkl,bkl,bkl,bkl
ISIC_0024910,bkl,bkl,nv,nv,bkl,bkl
ISIC_0025374,bkl,bkl,bkl,bkl,bkl,bkl
ISIC_0030533,bkl,nv,bkl,bkl,bkl,bkl
ISIC_0027335,bkl,mel,mel,bkl,mel,bkl
ISIC_0025389,bkl,df,bcc,akiec,df,akiec
ISIC_0028593,bkl,bkl,bkl,bkl,bkl,bkl
ISIC_0030801,bkl,bkl,mel,mel,mel,bkl
ISIC_0030231,bkl,akiec,bkl,akiec,akiec,bkl
ISIC_0029206,bkl,bkl,bkl,mel,bkl,bkl
ISIC_0030608,bkl,mel,nv,bkl,nv,nv
ISIC_0030935,bkl,bkl,bkl,bkl,bkl,bkl
ISIC_0028611,bkl,akiec,akiec,akiec,akiec,akiec
ISIC_0028842,bkl,bkl,akiec,mel,bkl,bkl
ISIC_0028913,bkl,bkl,bkl,bkl,bkl,bkl
ISIC_0031831,bkl,bkl,bkl,bkl,bkl,bkl
ISIC_0030130,bkl,mel,bkl,mel,bkl,bkl
ISIC_0032031,bkl,bkl,bkl,bkl,bkl,bkl
ISIC_0028294,bkl,bkl,bkl,bkl,bkl,bkl
ISIC_0030835,bkl,bkl,bkl,bkl,bkl,bkl
ISIC_0027811,bkl,bkl,bkl,bkl,bkl,bkl
ISIC_0026249,bkl,nv,bkl,bkl,nv,bkl
ISIC_0024774,bkl,bkl,bkl,bkl,bkl,bkl
ISIC_0026016,bkl,bkl,bkl,bkl,bkl,bkl
ISIC_0026069,bkl,bkl,bkl,bkl,bkl,bkl
ISIC_0031528,bkl,bkl,bkl,bkl,bkl,bkl
ISIC_0028623,bkl,bkl,bkl,bkl,bkl,bkl
ISIC_0025103,bkl,bkl,bkl,bkl,bkl,bkl
ISIC_0030123,bkl,bkl,bkl,bkl,bkl,mel
ISIC_0024782,bkl,bkl,mel,mel,bkl,mel
ISIC_0029320,bkl,bkl,nv,bkl,bkl,bkl
ISIC_0029924,bkl,bkl,bkl,bkl,bkl,bkl
ISIC_0032498,bkl,bkl,bkl,bkl,bkl,bkl
ISIC_0024943,bkl,bkl,bkl,bkl,bkl,bkl
ISIC_0028449,bkl,bkl,bkl,bkl,bkl,bkl
ISIC_0026174,bkl,bkl,bkl,bkl,bkl,bkl
ISIC_0032170,bkl,nv,nv,nv,nv,bkl
ISIC_0025005,bkl,bkl,bkl,bkl,bkl,bkl
ISIC_0025851,bkl,bkl,mel,bkl,bkl,bkl
ISIC_0033722,bkl,nv,bkl,bkl,bkl,nv
ISIC_0032719,bkl,bkl,bkl,bkl,bkl,bkl
ISIC_0030630,bkl,bkl,bkl,bkl,bkl,nv
ISIC_0032179,bkl,bkl,bkl,bkl,bkl,bkl
ISIC_0034197,bkl,akiec,akiec,bkl,akiec,bkl
ISIC_0033022,bkl,bkl,bkl,bkl,bkl,bkl
ISIC_0033693,bkl,bkl,bkl,bkl,bkl,bkl
ISIC_0033246,bkl,bkl,bkl,bkl,bkl,bkl
ISIC_0033528,bkl,bkl,bkl,bkl,bkl,bkl
ISIC_0033865,bkl,bkl,bkl,bkl,bkl,bkl
ISIC_0034296,bkl,bkl,mel,bkl,bkl,bkl
ISIC_0032763,bkl,mel,bkl,bkl,mel,bkl
ISIC_0034291,bkl,bkl,bkl,bkl,bkl,bkl
ISIC_0033701,bkl,nv,nv,bkl,nv,nv
ISIC_0033945,bkl,nv,bkl,bkl,bkl,bkl
ISIC_0033750,bkl,bkl,bkl,bkl,bkl,bkl
ISIC_0033490,bkl,bkl,bkl,bkl,bkl,bkl
ISIC_0032740,bkl,bkl,bkl,nv,bkl,bkl
ISIC_0032271,bkl,bkl,bkl,bkl,bkl,bkl
ISIC_0029202,bkl,bkl,bkl,bkl,bkl,bkl
ISIC_0032124,bkl,bkl,bkl,bkl,bkl,bkl
ISIC_0030959,bkl,bkl,bkl,bkl,bkl,bkl
ISIC_0029251,bkl,bkl,bkl,bkl,bkl,bkl
ISIC_0026291,bkl,bkl,bkl,bkl,bkl,bkl
ISIC_0029345,bkl,bkl,nv,bkl,bkl,bkl
ISIC_0028448,bkl,bkl,bkl,bkl,bkl,bkl
ISIC_0032460,bkl,bkl,bkl,bkl,bkl,bkl
ISIC_0026959,bkl,bkl,bkl,bkl,bkl,nv
ISIC_0027167,bkl,bkl,bkl,bkl,bkl,bkl
ISIC_0028525,bkl,nv,mel,mel,nv,bkl
ISIC_0028331,bkl,bkl,bkl,nv,bkl,bkl
ISIC_0025330,bkl,bkl,bkl,bkl,bkl,bkl
ISIC_0026967,bkl,bkl,bkl,bkl,bkl,df
ISIC_0031223,bkl,bkl,bkl,bkl,bkl,bkl
ISIC_0025879,bkl,bkl,bkl,bkl,bkl,bkl
ISIC_0025387,bkl,bkl,bkl,bkl,bkl,bkl
ISIC_0028797,bkl,nv,bkl,bkl,bkl,nv
ISIC_0025668,df,df,df,df,df,df
ISIC_0032642,df,df,df,df,df,df
ISIC_0029248,df,df,df,df,df,df
ISIC_0032247,df,df,df,df,df,df
ISIC_0029967,df,akiec,mel,mel,mel,df
ISIC_0028926,df,nv,df,df,df,bcc
ISIC_0029891,df,bcc,bcc,df,bcc,bcc
ISIC_0034135,df,df,df,df,df,df
ISIC_0033891,df,df,df,df,df,df
ISIC_0033554,df,df,df,df,df,df
ISIC_0033422,df,df,df,df,df,df
ISIC_0033808,df,df,df,df,df,df
ISIC_0033847,df,df,df,df,df,df
ISIC_0030830,df,nv,df,df,nv,df
ISIC_0026254,df,bkl,bkl,nv,bkl,bkl
ISIC_0031271,df,df,df,df,df,df
ISIC_0027141,df,df,df,df,df,df
ISIC_0030623,mel,mel,mel,mel,mel,mel
ISIC_0026993,mel,mel,mel,mel,mel,mel
ISIC_0028412,mel,mel,mel,mel,mel,mel
ISIC_0026531,mel,mel,mel,mel,mel,mel
ISIC_0032396,mel,nv,bkl,mel,nv,mel
ISIC_0031499,mel,mel,mel,mel,mel,mel
ISIC_0030486,mel,akiec,mel,mel,mel,mel
ISIC_0027125,mel,nv,nv,mel,nv,nv
ISIC_0024367,mel,mel,mel,mel,mel,mel
ISIC_0032079,mel,mel,mel,mel,mel,mel
ISIC_0032400,mel,mel,nv,mel,mel,mel
ISIC_0030211,mel,mel,mel,mel,mel,mel
ISIC_0027769,mel,mel,bkl,mel,mel,mel
ISIC_0029913,mel,nv,mel,mel,mel,mel
ISIC_0031557,mel,mel,mel,mel,mel,mel
ISIC_0028901,mel,nv,nv,nv,nv,nv
ISIC_0032098,mel,mel,vasc,vasc,vasc,mel
ISIC_0025603,mel,nv,mel,mel,mel,mel
ISIC_0032044,mel,mel,mel,mel,mel,mel
ISIC_0024886,mel,bkl,mel,bkl,bkl,nv
ISIC_0027102,mel,mel,mel,mel,mel,mel
ISIC_0031369,mel,bkl,mel,bkl,mel,bcc
ISIC_0029547,mel,mel,bcc,mel,mel,mel
ISIC_0027060,mel,mel,mel,mel,mel,mel
ISIC_0025996,mel,mel,mel,mel,mel,mel
ISIC_0031779,mel,mel,bkl,bkl,bkl,mel
ISIC_0028442,mel,bkl,mel,mel,mel,mel
ISIC_0031977,mel,mel,nv,nv,nv,mel
ISIC_0031517,mel,mel,mel,mel,mel,mel
ISIC_0029473,mel,mel,mel,mel,mel,mel
ISIC_0029571,mel,mel,mel,mel,mel,mel
ISIC_0032220,mel,nv,nv,nv,nv,mel
ISIC_0028127,mel,mel,mel,mel,mel,mel
ISIC_0029241,mel,nv,akiec,mel,nv,mel
ISIC_0024875,mel,mel,mel,mel,mel,bcc
ISIC_0030552,mel,nv,nv,nv,nv,mel
ISIC_0028029,mel,mel,mel,mel,mel,mel
ISIC_0025489,mel,nv,nv,nv,nv,mel
ISIC_0025265,mel,nv,mel,nv,nv,nv
ISIC_0028489,mel,mel,nv,nv,nv,nv
ISIC_0027260,mel,mel,mel,mel,mel,mel
ISIC_0026996,mel,mel,nv,nv,nv,nv
ISIC_0029562,mel,nv,nv,bcc,nv,nv
ISIC_0033268,mel,mel,mel,mel,mel,mel
ISIC_0033834,mel,mel,mel,mel,mel,mel
ISIC_0033678,mel,mel,mel,mel,mel,mel
ISIC_0033975,mel,mel,mel,mel,mel,df
ISIC_0034118,mel,nv,mel,mel,mel,mel
ISIC_0033831,mel,mel,mel,mel,mel,mel
ISIC_0032583,mel,bcc,mel,mel,bcc,mel
ISIC_0032564,mel,bcc,mel,mel,mel,mel
ISIC_0032993,mel,mel,mel,mel,mel,mel
ISIC_0033154,mel,mel,mel,nv,mel,nv
ISIC_0034222,mel,nv,mel,nv,nv,mel
ISIC_0034064,mel,bcc,nv,nv,bcc,bcc
ISIC_0033902,mel,mel,mel,mel,mel,mel
ISIC_0032840,mel,mel,mel,mel,mel,mel
ISIC_0033570,mel,mel,mel,mel,mel,mel
ISIC_0033129,mel,mel,mel,mel,mel,mel
ISIC_0033325,mel,mel,mel,mel,mel,mel
ISIC_0033068,mel,mel,bkl,bkl,mel,mel
ISIC_0032892,mel,mel,mel,mel,mel,mel
ISIC_0026976,mel,nv,mel,mel,mel,nv
ISIC_0032844,mel,mel,mel,mel,mel,mel
ISIC_0034059,mel,mel,mel,mel,mel,mel
ISIC_0033272,mel,mel,mel,mel,mel,mel
ISIC_0032718,mel,mel,bcc,mel,bcc,mel
ISIC_0034269,mel,mel,mel,mel,mel,mel
ISIC_0032598,mel,mel,mel,mel,mel,mel
ISIC_0033004,mel,nv,mel,nv,mel,mel
ISIC_0032072,mel,bkl,mel,bcc,bkl,bkl
ISIC_0033687,mel,mel,mel,mel,mel,mel
ISIC_0032812,mel,nv,nv,mel,nv,nv
ISIC_0033038,mel,mel,mel,mel,mel,mel
ISIC_0033630,mel,mel,mel,mel,mel,mel
ISIC_0033209,mel,mel,mel,mel,mel,mel
ISIC_0034074,mel,mel,mel,mel,mel,mel
ISIC_0032622,mel,mel,mel,mel,mel,mel
ISIC_0033883,mel,mel,mel,mel,mel,mel
ISIC_0033470,mel,mel,mel,mel,mel,mel
ISIC_0024482,mel,mel,mel,mel,mel,mel
ISIC_0033863,mel,mel,mel,mel,mel,mel
ISIC_0034242,mel,mel,mel,mel,mel,mel
ISIC_0032913,mel,mel,mel,mel,mel,mel
ISIC_0033981,mel,mel,mel,mel,mel,mel
ISIC_0034188,mel,nv,mel,mel,mel,nv
ISIC_0032684,mel,mel,mel,mel,mel,mel
ISIC_0032836,mel,mel,nv,nv,mel,mel
ISIC_0033546,mel,nv,nv,nv,nv,mel
ISIC_0027306,mel,mel,mel,mel,mel,mel
ISIC_0032552,mel,nv,mel,mel,nv,mel
ISIC_0033300,mel,nv,nv,nv,nv,mel
ISIC_0033611,mel,mel,nv,nv,nv,nv
ISIC_0033586,mel,mel,nv,nv,nv,nv
ISIC_0033029,mel,nv,mel,nv,nv,mel
ISIC_0033670,mel,mel,mel,mel,mel,nv
ISIC_0032509,mel,nv,nv,nv,nv,mel
ISIC_0032592,mel,mel,mel,mel,mel,mel
ISIC_0032687,mel,mel,mel,mel,mel,mel
ISIC_0033055,mel,mel,nv,mel,mel,mel
ISIC_0033487,mel,mel,mel,mel,mel,nv
ISIC_0033957,mel,mel,mel,mel,mel,mel
ISIC_0032626,mel,mel,mel,mel,mel,mel
ISIC_0033051,mel,mel,mel,mel,mel,mel
ISIC_0027149,mel,mel,nv,nv,mel,mel
ISIC_0032918,mel,mel,mel,mel,mel,mel
ISIC_0033752,mel,bkl,akiec,akiec,bkl,mel
ISIC_0033730,mel,mel,mel,mel,mel,mel
ISIC_0032975,mel,mel,mel,mel,mel,mel
ISIC_0033114,mel,mel,mel,mel,mel,mel
ISIC_0030150,mel,mel,akiec,mel,akiec,mel
ISIC_0031233,mel,nv,nv,nv,nv,mel
ISIC_0027204,mel,bkl,mel,mel,mel,mel
ISIC_0028173,mel,nv,nv,nv,nv,nv
ISIC_0026770,mel,mel,mel,mel,mel,mel
ISIC_0025512,mel,mel,mel,mel,mel,mel
ISIC_0025963,mel,mel,mel,mel,mel,mel
ISIC_0032134,mel,mel,mel,mel,mel,mel
ISIC_0027561,mel,bkl,bkl,bkl,bkl,bkl
ISIC_0025316,mel,nv,nv,nv,nv,mel
ISIC_0029316,mel,df,mel,mel,mel,mel
ISIC_0030356,mel,mel,mel,nv,mel,nv
ISIC_0025145,mel,mel,nv,mel,mel,mel
ISIC_0031999,mel,nv,nv,nv,nv,nv
ISIC_0028481,mel,mel,mel,mel,mel,mel
ISIC_0029172,mel,mel,mel,mel,mel,mel
ISIC_0031386,mel,mel,mel,mel,mel,mel
ISIC_0027302,mel,nv,nv,nv,nv,nv
ISIC_0028548,mel,bkl,nv,nv,bkl,mel
ISIC_0032036,mel,nv,mel,mel,mel,mel
ISIC_0029843,mel,mel,nv,nv,nv,nv
ISIC_0029454,mel,mel,mel,mel,mel,mel
ISIC_0028051,mel,mel,mel,mel,mel,nv
ISIC_0027328,mel,mel,akiec,mel,akiec,mel
ISIC_0024546,mel,nv,mel,mel,mel,bkl
ISIC_0030382,mel,mel,mel,nv,mel,mel
ISIC_0028017,mel,nv,nv,nv,nv,nv
ISIC_0028288,mel,mel,mel,mel,mel,mel
ISIC_0027030,mel,mel,mel,mel,mel,mel
ISIC_0030689,mel,mel,mel,mel,mel,mel
ISIC_0024516,mel,mel,mel,mel,mel,nv
ISIC_0029744,mel,mel,mel,mel,mel,mel
ISIC_0024351,mel,mel,mel,mel,mel,mel
ISIC_0026916,mel,mel,mel,mel,mel,mel
ISIC_0029319,mel,mel,mel,mel,mel,mel
ISIC_0028898,mel,mel,mel,mel,mel,mel
ISIC_0025413,mel,mel,mel,mel,mel,mel
ISIC_0027663,mel,nv,nv,nv,nv,nv
ISIC_0030423,mel,mel,mel,mel,mel,mel
ISIC_0026897,mel,mel,nv,nv,mel,mel
ISIC_0030695,mel,mel,mel,mel,mel,mel
ISIC_0024679,mel,mel,mel,mel,mel,mel
ISIC_0025832,mel,mel,mel,mel,mel,mel
ISIC_0027179,mel,mel,mel,mel,mel,mel
ISIC_0026930,mel,mel,mel,mel,mel,nv
ISIC_0026738,mel,mel,mel,mel,mel,mel
ISIC_0032207,mel,bkl,nv,nv,nv,nv
ISIC_0024733,mel,mel,nv,nv,mel,mel
ISIC_0031821,mel,nv,nv,nv,nv,mel
ISIC_0025128,mel,nv,mel,mel,nv,nv
ISIC_0028156,mel,mel,nv,mel,nv,mel
ISIC_0030901,mel,mel,nv,mel,mel,mel
ISIC_0030995,mel,bkl,mel,bkl,mel,bkl
ISIC_0031368,mel,mel,mel,mel,mel,mel
ISIC_0025724,mel,nv,nv,nv,nv,nv
ISIC_0027067,mel,bkl,mel,mel,bkl,mel
ISIC_0025941,mel,nv,akiec,akiec,mel,nv
ISIC_0031901,vasc,bcc,vasc,vasc,bcc,vasc
ISIC_0026092,vasc,vasc,vasc,vasc,vasc,vasc
ISIC_0030956,vasc,vasc,vasc,vasc,vasc,vasc
ISIC_0027983,vasc,vasc,bcc,bcc,bcc,vasc
ISIC_0027672,vasc,vasc,vasc,vasc,vasc,vasc
ISIC_0033031,vasc,vasc,vasc,vasc,vasc,vasc
ISIC_0032919,vasc,vasc,vasc,vasc,vasc,vasc
ISIC_0033230,vasc,bcc,vasc,bcc,bcc,vasc
ISIC_0032270,vasc,nv,nv,nv,nv,nv
ISIC_0026876,vasc,vasc,vasc,vasc,vasc,vasc
ISIC_0025924,vasc,vasc,vasc,vasc,vasc,vasc
ISIC_0027256,vasc,vasc,vasc,vasc,vasc,vasc
ISIC_0032890,vasc,vasc,vasc,vasc,vasc,vasc
ISIC_0031706,vasc,vasc,vasc,vasc,vasc,vasc
ISIC_0025677,vasc,vasc,vasc,vasc,vasc,vasc
ISIC_0028680,vasc,vasc,vasc,vasc,vasc,vasc
ISIC_0029742,vasc,vasc,vasc,vasc,vasc,vasc
ISIC_0026490,vasc,vasc,vasc,vasc,vasc,vasc
ISIC_0029099,vasc,vasc,vasc,vasc,vasc,vasc
ISIC_0027937,vasc,vasc,vasc,vasc,vasc,vasc
ISIC_0026068,vasc,vasc,vasc,vasc,vasc,vasc
ISIC_0031513,bcc,bcc,bcc,bcc,bcc,bcc
ISIC_0027146,bcc,bcc,bcc,df,bcc,bcc
ISIC_0028807,bcc,bcc,bcc,bcc,bcc,bcc
ISIC_0031585,bcc,bcc,bcc,bcc,bcc,bcc
ISIC_0028693,bcc,bcc,bcc,bcc,bcc,bcc
ISIC_0027057,bcc,bcc,bcc,bcc,bcc,bcc
ISIC_0025691,bcc,nv,nv,nv,nv,bcc
ISIC_0031400,bcc,bcc,bcc,bcc,bcc,bcc
ISIC_0029747,bcc,bcc,bcc,bcc,bcc,bcc
ISIC_0027433,bcc,bcc,bkl,bcc,bcc,bcc
ISIC_0026643,bcc,bcc,bcc,akiec,bcc,bcc
ISIC_0032139,bcc,bcc,bcc,bcc,bcc,bcc
ISIC_0031789,bcc,bcc,nv,nv,nv,mel
ISIC_0031169,bcc,akiec,bcc,bcc,bcc,bcc
ISIC_0026453,bcc,bcc,bcc,bcc,bcc,bcc
ISIC_0027297,bcc,bcc,bcc,bcc,bcc,bcc
ISIC_0030114,bcc,bcc,bcc,bcc,bcc,bcc
ISIC_0033271,bcc,bcc,bcc,bcc,bcc,bcc
ISIC_0034255,bcc,bcc,bcc,bcc,bcc,bcc
ISIC_0032652,bcc,bcc,bcc,bcc,bcc,bcc
ISIC_0034276,bcc,bcc,bcc,bcc,bcc,bcc
ISIC_0033468,bcc,mel,mel,mel,mel,mel
ISIC_0032816,bcc,nv,bcc,bcc,bcc,bcc
ISIC_0033372,bcc,bcc,bcc,bcc,bcc,bcc
ISIC_0033301,bcc,bcc,bcc,bcc,bcc,bcc
ISIC_0033146,bcc,bcc,bcc,akiec,bcc,bcc
ISIC_0032727,bcc,bcc,bcc,bcc,bcc,bcc
ISIC_0025617,bcc,nv,bcc,bcc,nv,bcc
ISIC_0029564,bcc,bcc,bcc,bcc,bcc,bcc
ISIC_0032146,bcc,bcc,akiec,akiec,bcc,bcc
ISIC_0025576,bcc,bcc,bcc,bcc,bcc,bcc
ISIC_0029392,bcc,bcc,bcc,bcc,bcc,bcc
ISIC_0027601,bcc,bcc,bcc,bcc,bcc,bcc
ISIC_0031245,bcc,bcc,bcc,bcc,bcc,bcc
ISIC_0027631,bcc,bcc,bcc,bcc,bcc,bcc
ISIC_0028035,bcc,bcc,bcc,bcc,bcc,bcc
ISIC_0025299,bcc,bcc,bcc,bcc,bcc,bcc
ISIC_0024595,bcc,bcc,bcc,bcc,bcc,bcc
ISIC_0025046,bcc,bcc,bcc,bcc,bcc,bcc
ISIC_0029805,bcc,bcc,bcc,bcc,bcc,bcc
ISIC_0025433,bcc,bcc,bcc,bcc,bcc,bcc
ISIC_0026855,bcc,bcc,nv,nv,nv,bcc
ISIC_0028107,bcc,bcc,bcc,bcc,bcc,bcc
ISIC_0032022,bcc,bcc,bcc,bcc,bcc,bcc
ISIC_0031122,bcc,bcc,bcc,bcc,bcc,bcc
ISIC_0032225,bcc,nv,bcc,bcc,bcc,bcc
ISIC_0031007,bcc,bcc,bcc,bcc,bcc,bcc
ISIC_0032290,bcc,bcc,vasc,vasc,bcc,bcc
ISIC_0031728,bcc,bcc,bcc,bcc,bcc,bcc
ISIC_0028973,bcc,bcc,bcc,bcc,bcc,bcc
ISIC_0031009,bcc,bkl,bcc,bcc,bcc,bcc
ISIC_0030452,bcc,bcc,bcc,bcc,bcc,bcc
ISIC_0031057,bcc,bcc,bcc,bcc,bcc,bcc
ISIC_0031294,bcc,bcc,bcc,bcc,bcc,bcc
ISIC_0025530,bcc,bcc,bcc,bcc,bcc,bcc
ISIC_0029337,bcc,bcc,bcc,akiec,bcc,bcc
ISIC_0028652,bcc,bcc,bcc,bcc,bcc,bcc
ISIC_0030782,bcc,bcc,bcc,bcc,bcc,bcc
ISIC_0030915,bcc,bcc,akiec,akiec,bcc,bcc
ISIC_0032092,bcc,akiec,bcc,akiec,bcc,bcc
ISIC_0029602,bcc,bcc,bcc,bcc,bcc,bcc
ISIC_0029053,bcc,bcc,df,df,bcc,bcc
ISIC_0029220,bcc,bcc,bcc,bcc,bcc,bcc
ISIC_0026829,bcc,nv,nv,nv,nv,nv
ISIC_0028568,bcc,bcc,bcc,bcc,bcc,bcc
ISIC_0027595,bcc,bcc,bcc,bcc,bcc,bcc
ISIC_0026154,bcc,bcc,bcc,bcc,bcc,bcc
ISIC_0029917,bcc,bcc,bcc,bcc,bcc,bcc
ISIC_0026090,bcc,bcc,bcc,bcc,bcc,bcc
ISIC_0025285,bcc,bcc,bcc,bkl,bcc,bcc
ISIC_0027920,bcc,bcc,bcc,bcc,bcc,bcc
ISIC_0025031,bcc,bcc,bcc,bcc,bcc,bcc
ISIC_0024931,bcc,bcc,nv,nv,nv,bcc
ISIC_0026957,bcc,nv,nv,bcc,nv,bcc
ISIC_0025564,bcc,akiec,akiec,bkl,akiec,bcc
ISIC_0032318,bcc,bcc,bcc,mel,bcc,bcc
ISIC_0032061,bcc,bcc,bcc,bcc,bcc,bcc
ISIC_0028239,nv,nv,nv,nv,nv,nv
ISIC_0031325,nv,nv,nv,nv,nv,nv
ISIC_0025311,nv,nv,nv,nv,nv,nv
ISIC_0031536,nv,nv,nv,nv,nv,nv
ISIC_0032060,nv,nv,nv,nv,nv,nv
ISIC_0026824,nv,nv,nv,nv,nv,nv
ISIC_0030993,nv,nv,nv,nv,nv,nv
ISIC_0029526,nv,nv,nv,nv,nv,nv
ISIC_0032210,nv,nv,nv,nv,nv,nv
ISIC_0031207,nv,nv,nv,nv,nv,nv
ISIC_0027000,nv,nv,nv,nv,nv,nv
ISIC_0032317,nv,nv,nv,nv,nv,nv
ISIC_0027784,nv,nv,nv,nv,nv,nv
ISIC_0028359,nv,nv,nv,nv,nv,nv
ISIC_0026948,nv,nv,nv,nv,nv,nv
ISIC_0031604,nv,nv,nv,nv,nv,nv
ISIC_0029273,nv,nv,nv,nv,nv,nv
ISIC_0027854,nv,nv,nv,nv,nv,nv
ISIC_0027752,nv,nv,nv,nv,nv,nv
ISIC_0030669,nv,nv,nv,nv,nv,nv
ISIC_0025325,nv,nv,nv,nv,nv,nv
ISIC_0026036,nv,nv,nv,nv,nv,nv
ISIC_0028932,nv,nv,nv,nv,nv,nv
ISIC_0025676,nv,nv,nv,nv,nv,nv
ISIC_0025142,nv,nv,nv,nv,nv,nv
ISIC_0030016,nv,nv,nv,nv,nv,nv
ISIC_0027160,nv,nv,nv,nv,nv,nv
ISIC_0028395,nv,nv,nv,nv,nv,nv
ISIC_0027316,nv,nv,nv,nv,nv,nv
ISIC_0028034,nv,nv,nv,nv,nv,nv
ISIC_0030128,nv,nv,nv,nv,nv,nv
ISIC_0026435,nv,nv,nv,nv,nv,nv
ISIC_0027416,nv,nv,nv,nv,nv,nv
ISIC_0024746,nv,nv,nv,nv,nv,nv
ISIC_0024580,nv,nv,nv,nv,nv,nv
ISIC_0031701,nv,nv,nv,nv,nv,nv
ISIC_0024369,nv,nv,nv,nv,nv,nv
ISIC_0031157,nv,nv,bkl,nv,nv,nv
ISIC_0027834,nv,nv,nv,nv,nv,nv
ISIC_0032254,nv,nv,nv,nv,nv,nv
ISIC_0030292,nv,nv,nv,nv,nv,nv
ISIC_0031330,nv,nv,nv,nv,nv,nv
ISIC_0028812,nv,nv,nv,nv,nv,nv
ISIC_0031174,nv,nv,nv,nv,nv,nv
ISIC_0028025,nv,nv,nv,nv,nv,nv
ISIC_0027572,nv,nv,nv,nv,nv,nv
ISIC_0029918,nv,nv,bkl,nv,nv,nv
ISIC_0025635,nv,nv,nv,nv,nv,nv
ISIC_0031237,nv,nv,nv,nv,nv,nv
ISIC_0026613,nv,nv,nv,nv,nv,nv
ISIC_0029701,nv,nv,nv,nv,nv,nv
ISIC_0030902,nv,nv,vasc,nv,nv,nv
ISIC_0031837,nv,nv,nv,nv,nv,nv
ISIC_0024512,nv,nv,nv,nv,nv,nv
ISIC_0024637,nv,nv,nv,nv,nv,nv
ISIC_0031947,nv,nv,nv,nv,nv,nv
ISIC_0029386,nv,nv,nv,nv,nv,nv
ISIC_0029410,nv,nv,nv,nv,nv,nv
ISIC_0028044,nv,nv,nv,nv,nv,nv
ISIC_0024348,nv,nv,nv,nv,nv,nv
ISIC_0025444,nv,nv,nv,nv,nv,nv
ISIC_0027375,nv,nv,nv,nv,nv,nv
ISIC_0031534,nv,nv,nv,nv,nv,nv
ISIC_0028108,nv,nv,nv,nv,nv,nv
ISIC_0027661,nv,nv,nv,nv,nv,nv
ISIC_0028572,nv,nv,nv,nv,nv,nv
ISIC_0026168,nv,nv,nv,nv,nv,nv
ISIC_0028613,nv,nv,nv,nv,nv,nv
ISIC_0025054,nv,nv,nv,nv,nv,nv
ISIC_0031102,nv,nv,nv,nv,nv,nv
ISIC_0031461,nv,nv,nv,nv,nv,nv
ISIC_0031909,nv,nv,nv,nv,nv,nv
ISIC_0029142,nv,nv,nv,nv,nv,nv
ISIC_0028319,nv,nv,nv,nv,nv,nv
ISIC_0025544,nv,nv,nv,nv,nv,nv
ISIC_0029699,nv,nv,nv,nv,nv,nv
ISIC_0032066,nv,nv,nv,nv,nv,nv
ISIC_0024649,nv,nv,nv,nv,nv,nv
ISIC_0031661,nv,nv,nv,nv,nv,nv
ISIC_0026689,nv,nv,nv,nv,nv,nv
ISIC_0027646,nv,nv,nv,nv,nv,nv
ISIC_0026862,nv,nv,nv,nv,nv,nv
ISIC_0025057,nv,nv,nv,nv,nv,nv
ISIC_0030736,nv,nv,nv,nv,nv,nv
ISIC_0028833,nv,nv,nv,nv,nv,nv
ISIC_0030875,nv,nv,nv,nv,nv,nv
ISIC_0031647,nv,nv,nv,nv,nv,nv
ISIC_0027938,nv,nv,nv,nv,nv,nv
ISIC_0029381,nv,nv,nv,nv,nv,nv
ISIC_0024838,nv,nv,nv,nv,nv,nv
ISIC_0024804,nv,nv,nv,nv,nv,nv
ISIC_0031364,nv,nv,nv,bkl,nv,nv
ISIC_0027440,nv,nv,nv,nv,nv,nv
ISIC_0030743,nv,bkl,bkl,bkl,bkl,bkl
ISIC_0024465,nv,nv,nv,nv,nv,nv
ISIC_0029984,nv,nv,nv,nv,nv,nv
ISIC_0025849,nv,nv,nv,nv,nv,nv
ISIC_0030911,nv,nv,nv,nv,nv,nv
ISIC_0032166,nv,nv,nv,nv,nv,nv
ISIC_0028375,nv,nv,nv,nv,nv,nv
ISIC_0031734,nv,nv,nv,nv,nv,nv
ISIC_0027910,nv,nv,nv,nv,nv,nv
ISIC_0030524,nv,nv,nv,nv,nv,nv
ISIC_0029085,nv,nv,nv,nv,nv,nv
ISIC_0030193,nv,nv,bkl,nv,nv,nv
ISIC_0026740,nv,nv,nv,nv,nv,nv
ISIC_0027307,nv,nv,nv,nv,nv,nv
ISIC_0026731,nv,nv,nv,nv,nv,nv
ISIC_0024555,nv,nv,nv,nv,nv,nv
ISIC_0030660,nv,nv,nv,nv,nv,nv
ISIC_0025931,nv,nv,nv,nv,nv,nv
ISIC_0025213,nv,nv,nv,nv,nv,nv
ISIC_0026449,nv,nv,nv,nv,nv,nv
ISIC_0028609,nv,nv,nv,nv,nv,nv
ISIC_0024860,nv,nv,nv,nv,nv,nv
ISIC_0026267,nv,nv,nv,nv,nv,nv
ISIC_0030490,nv,nv,nv,nv,nv,nv
ISIC_0028403,nv,nv,bkl,bkl,bkl,nv
ISIC_0032411,nv,nv,nv,nv,nv,nv
ISIC_0032507,nv,nv,nv,nv,nv,nv
ISIC_0024404,nv,nv,nv,nv,nv,nv
ISIC_0031097,nv,nv,nv,nv,nv,nv
ISIC_0029004,nv,nv,nv,nv,nv,nv
ISIC_0025527,nv,nv,nv,nv,nv,nv
ISIC_0029492,nv,nv,nv,nv,nv,nv
ISIC_0030418,nv,nv,nv,nv,nv,nv
ISIC_0026515,nv,nv,nv,nv,nv,nv
ISIC_0032398,nv,nv,nv,nv,nv,nv
ISIC_0026253,nv,nv,nv,nv,nv,nv
ISIC_0026000,nv,nv,nv,nv,nv,nv
ISIC_0030972,nv,nv,nv,nv,nv,nv
ISIC_0029536,nv,nv,nv,nv,nv,nv
ISIC_0026233,nv,nv,nv,nv,nv,nv
ISIC_0027317,nv,nv,nv,nv,nv,nv
ISIC_0030413,nv,nv,nv,nv,nv,nv
ISIC_0028021,nv,nv,nv,nv,nv,nv
ISIC_0030307,nv,nv,nv,nv,nv,nv
ISIC_0026832,nv,nv,nv,nv,nv,nv
ISIC_0027553,nv,nv,nv,nv,nv,nv
ISIC_0029287,nv,nv,nv,nv,nv,nv
ISIC_0030441,nv,nv,nv,nv,nv,nv
ISIC_0025164,nv,nv,nv,nv,nv,nv
ISIC_0031532,nv,nv,nv,nv,nv,nv
ISIC_0030913,nv,nv,nv,nv,nv,nv
ISIC_0031434,nv,nv,nv,nv,nv,nv
ISIC_0025007,nv,nv,nv,nv,nv,nv
ISIC_0028083,nv,nv,nv,nv,nv,nv
ISIC_0030896,nv,nv,nv,nv,nv,nv
ISIC_0032505,nv,nv,nv,nv,nv,nv
ISIC_0028279,nv,nv,nv,nv,nv,nv
ISIC_0026688,nv,nv,nv,nv,nv,nv
ISIC_0032339,nv,nv,nv,nv,nv,nv
ISIC_0027731,nv,nv,nv,nv,nv,nv
ISIC_0028318,nv,nv,nv,nv,nv,nv
ISIC_0028133,nv,nv,nv,nv,nv,nv
ISIC_0028771,nv,bkl,bkl,bkl,bkl,nv
ISIC_0031540,nv,nv,nv,nv,nv,nv
ISIC_0027653,nv,nv,nv,nv,nv,nv
ISIC_0026649,nv,nv,nv,nv,nv,nv
ISIC_0026677,nv,nv,nv,nv,nv,nv
ISIC_0025438,nv,nv,nv,nv,nv,nv
ISIC_0032500,nv,nv,nv,nv,nv,nv
ISIC_0030578,nv,nv,nv,nv,nv,nv
ISIC_0025614,nv,nv,nv,nv,nv,nv
ISIC_0029387,nv,nv,nv,nv,nv,nv
ISIC_0025854,nv,nv,nv,nv,nv,nv
ISIC_0024308,nv,nv,nv,nv,nv,nv
ISIC_0029449,nv,nv,nv,nv,nv,nv
ISIC_0026224,nv,nv,nv,nv,nv,nv
ISIC_0024919,nv,nv,nv,nv,nv,nv
ISIC_0028143,nv,nv,nv,nv,nv,nv
ISIC_0027214,nv,nv,nv,nv,nv,nv
ISIC_0025844,nv,nv,nv,nv,nv,nv
ISIC_0031383,nv,nv,nv,nv,nv,nv
ISIC_0026244,nv,nv,nv,nv,nv,nv
ISIC_0027393,nv,nv,nv,nv,nv,nv
ISIC_0028301,nv,nv,nv,nv,nv,nv
ISIC_0028616,nv,nv,nv,nv,nv,nv
ISIC_0027200,nv,nv,nv,nv,nv,nv
ISIC_0024611,nv,nv,nv,nv,nv,nv
ISIC_0032180,nv,nv,nv,nv,nv,nv
ISIC_0024660,nv,nv,nv,nv,nv,nv
ISIC_0028772,nv,nv,nv,nv,nv,nv
ISIC_0029906,nv,nv,nv,nv,nv,nv
ISIC_0029168,nv,nv,nv,nv,nv,nv
ISIC_0024820,nv,nv,nv,nv,nv,nv
ISIC_0027491,nv,nv,nv,nv,nv,nv
ISIC_0031964,nv,nv,nv,nv,nv,nv
ISIC_0027962,nv,nv,nv,nv,nv,nv
ISIC_0027325,nv,nv,nv,nv,nv,nv
ISIC_0024488,nv,nv,nv,nv,nv,nv
ISIC_0027048,nv,nv,nv,nv,nv,nv
ISIC_0029556,nv,nv,nv,nv,nv,nv
ISIC_0029377,nv,nv,nv,nv,nv,nv
ISIC_0026062,nv,nv,nv,nv,nv,nv
ISIC_0026300,nv,nv,nv,nv,nv,nv
ISIC_0029517,nv,nv,nv,nv,nv,nv
ISIC_0025290,nv,nv,nv,nv,nv,nv
ISIC_0028911,nv,nv,nv,nv,nv,nv
ISIC_0030837,nv,nv,nv,nv,nv,nv
ISIC_0030068,nv,nv,nv,nv,nv,nv
ISIC_0026699,nv,nv,nv,nv,nv,nv
ISIC_0028927,nv,nv,nv,nv,nv,nv
ISIC_0028241,nv,nv,nv,nv,nv,nv
ISIC_0029006,nv,nv,nv,nv,nv,nv
ISIC_0024588,nv,nv,nv,nv,nv,nv
ISIC_0024671,nv,nv,nv,nv,nv,nv
ISIC_0030295,nv,nv,nv,nv,nv,nv
ISIC_0031954,nv,nv,nv,nv,nv,nv
ISIC_0029944,nv,nv,nv,nv,nv,nv
ISIC_0028387,nv,nv,nv,nv,nv,nv
ISIC_0024826,nv,nv,nv,nv,nv,nv
ISIC_0028207,nv,nv,nv,nv,nv,nv
ISIC_0028322,nv,nv,nv,nv,nv,nv
ISIC_0029874,nv,nv,nv,nv,nv,nv
ISIC_0026904,nv,nv,nv,nv,nv,nv
ISIC_0029408,nv,nv,nv,nv,nv,nv
ISIC_0026564,nv,nv,nv,nv,nv,nv
ISIC_0026299,nv,nv,nv,nv,nv,nv
ISIC_0028248,nv,nv,nv,nv,nv,nv
ISIC_0028991,nv,nv,nv,nv,nv,nv
ISIC_0026550,nv,nv,nv,nv,nv,nv
ISIC_0029483,nv,nv,nv,nv,nv,nv
ISIC_0024601,nv,nv,nv,nv,nv,nv
ISIC_0027660,nv,nv,nv,nv,nv,nv
ISIC_0028324,nv,nv,nv,nv,nv,nv
ISIC_0024405,nv,nv,nv,nv,nv,nv
ISIC_0029532,nv,nv,nv,nv,nv,nv
ISIC_0027273,nv,nv,nv,nv,nv,nv
ISIC_0028778,nv,nv,nv,nv,nv,nv
ISIC_0028839,nv,nv,nv,nv,nv,nv
ISIC_0026748,nv,nv,nv,nv,nv,nv
ISIC_0032377,nv,nv,nv,nv,nv,nv
ISIC_0026648,nv,nv,nv,nv,nv,nv
ISIC_0025521,nv,nv,nv,nv,nv,nv
ISIC_0027592,nv,nv,nv,nv,nv,nv
ISIC_0024713,nv,nv,nv,nv,nv,nv
ISIC_0031884,nv,nv,nv,nv,nv,nv
ISIC_0028492,nv,nv,nv,nv,nv,nv
ISIC_0030799,nv,nv,nv,nv,nv,nv
ISIC_0031669,nv,nv,nv,nv,nv,nv
ISIC_0024659,nv,nv,nv,nv,nv,nv
ISIC_0028516,nv,nv,nv,nv,nv,nv
ISIC_0026357,nv,nv,nv,nv,nv,nv
ISIC_0025011,nv,nv,nv,nv,nv,nv
ISIC_0024956,nv,nv,nv,nv,nv,nv
ISIC_0029467,nv,nv,nv,nv,nv,nv
ISIC_0031587,nv,nv,nv,nv,nv,nv
ISIC_0030103,nv,nv,nv,nv,nv,nv
ISIC_0028661,nv,nv,nv,nv,nv,nv
ISIC_0028483,nv,nv,nv,nv,nv,nv
ISIC_0024532,nv,nv,nv,nv,nv,nv
ISIC_0029710,nv,nv,nv,nv,nv,nv
ISIC_0032038,nv,nv,nv,nv,nv,nv
ISIC_0024895,nv,nv,nv,nv,nv,nv
ISIC_0031553,nv,nv,nv,nv,nv,nv
ISIC_0028942,nv,nv,nv,nv,nv,nv
ISIC_0028391,nv,nv,nv,nv,nv,nv
ISIC_0029086,nv,nv,nv,nv,nv,nv
ISIC_0027543,nv,nv,nv,nv,nv,nv
ISIC_0030987,nv,nv,nv,nv,nv,nv
ISIC_0030527,nv,nv,nv,nv,nv,nv
ISIC_0024460,nv,nv,nv,nv,nv,nv
ISIC_0026602,nv,nv,nv,nv,nv,nv
ISIC_0027296,nv,nv,nv,nv,nv,nv
ISIC_0026771,nv,nv,nv,nv,nv,nv
ISIC_0024536,nv,nv,nv,nv,nv,nv
ISIC_0029478,nv,nv,nv,nv,nv,nv
ISIC_0026724,nv,nv,nv,nv,nv,nv
ISIC_0030199,nv,nv,nv,nv,nv,nv
ISIC_0026392,nv,nv,nv,nv,nv,nv
ISIC_0029365,nv,nv,nv,nv,nv,nv
ISIC_0030147,nv,nv,nv,nv,nv,nv
ISIC_0025728,nv,nv,nv,nv,nv,nv
ISIC_0026066,nv,nv,nv,nv,nv,nv
ISIC_0024645,nv,nv,nv,nv,nv,nv
ISIC_0030624,nv,nv,nv,nv,nv,nv
ISIC_0028161,nv,nv,nv,nv,nv,nv
ISIC_0032503,nv,nv,nv,nv,nv,nv
ISIC_0025762,nv,nv,nv,nv,nv,nv
ISIC_0025721,nv,nv,nv,nv,nv,nv
ISIC_0026418,nv,nv,nv,nv,nv,nv
ISIC_0028634,nv,nv,nv,nv,nv,nv
ISIC_0027611,nv,nv,nv,nv,nv,nv
ISIC_0024613,nv,nv,nv,nv,nv,nv
ISIC_0026667,nv,nv,nv,nv,nv,nv
ISIC_0030895,nv,nv,nv,nv,nv,nv
ISIC_0031264,nv,nv,nv,nv,nv,nv
ISIC_0028996,nv,nv,nv,nv,nv,nv
ISIC_0029586,nv,nv,nv,nv,nv,nv
ISIC_0027059,nv,nv,nv,nv,nv,nv
ISIC_0027483,nv,nv,nv,nv,nv,nv
ISIC_0030169,nv,nv,nv,nv,nv,nv
ISIC_0028485,nv,nv,nv,nv,nv,nv
ISIC_0027459,nv,nv,nv,nv,nv,nv
ISIC_0028206,nv,nv,nv,nv,nv,nv
ISIC_0024783,nv,nv,nv,nv,nv,nv
ISIC_0029754,nv,nv,nv,nv,nv,nv
ISIC_0029692,nv,nv,nv,nv,nv,nv
ISIC_0032167,nv,nv,nv,nv,nv,nv
ISIC_0024724,nv,nv,nv,nv,nv,nv
ISIC_0030577,nv,nv,nv,nv,nv,nv
ISIC_0027555,nv,nv,nv,nv,nv,nv
ISIC_0031538,nv,nv,nv,nv,nv,nv
ISIC_0030288,nv,nv,nv,nv,nv,nv
ISIC_0025495,nv,nv,nv,nv,nv,nv
ISIC_0027521,nv,nv,nv,nv,nv,nv
ISIC_0030438,nv,nv,nv,nv,nv,nv
ISIC_0030043,nv,nv,nv,nv,nv,nv
ISIC_0026662,nv,nv,nv,nv,nv,nv
ISIC_0026088,nv,nv,nv,nv,nv,nv
ISIC_0032127,nv,nv,nv,nv,nv,nv
ISIC_0029136,nv,nv,nv,nv,nv,nv
ISIC_0025750,nv,nv,nv,nv,nv,nv
ISIC_0030506,nv,nv,nv,nv,nv,nv
ISIC_0029131,nv,nv,nv,nv,nv,nv
ISIC_0027618,nv,nv,nv,nv,nv,nv
ISIC_0024591,nv,nv,nv,nv,nv,nv
ISIC_0026160,nv,nv,nv,nv,nv,nv
ISIC_0030716,nv,nv,nv,nv,nv,nv
ISIC_0027743,nv,nv,nv,nv,nv,nv
ISIC_0024558,nv,nv,nv,nv,nv,nv
ISIC_0025111,nv,nv,nv,nv,nv,nv
ISIC_0024633,nv,nv,nv,nv,nv,nv
ISIC_0031842,nv,nv,nv,nv,nv,nv
ISIC_0029853,nv,nv,nv,nv,nv,nv
ISIC_0027015,nv,nv,nv,nv,nv,nv
ISIC_0031684,nv,nv,nv,nv,nv,nv
ISIC_0024889,nv,nv,nv,nv,nv,nv
ISIC_0028672,nv,nv,nv,nv,nv,nv
ISIC_0024438,nv,nv,nv,nv,nv,nv
ISIC_0026077,nv,nv,nv,nv,nv,nv
ISIC_0031300,nv,nv,nv,nv,nv,nv
ISIC_0026434,nv,nv,nv,nv,nv,nv
ISIC_0031780,nv,nv,nv,nv,nv,nv
ISIC_0029616,nv,nv,nv,nv,nv,nv
ISIC_0028624,nv,nv,nv,nv,nv,nv
ISIC_0026899,nv,nv,nv,nv,nv,nv
ISIC_0028892,nv,nv,nv,nv,nv,nv
ISIC_0027050,nv,nv,nv,nv,nv,nv
ISIC_0025270,nv,nv,nv,nv,nv,nv
ISIC_0029506,nv,nv,nv,nv,nv,nv
ISIC_0028189,nv,nv,nv,nv,nv,nv
ISIC_0028708,nv,nv,nv,nv,nv,nv
ISIC_0024354,nv,nv,nv,nv,nv,nv
ISIC_0027342,nv,nv,nv,nv,nv,nv
ISIC_0032295,nv,nv,nv,nv,nv,nv
ISIC_0030012,nv,nv,nv,nv,nv,nv
ISIC_0027761,nv,nv,nv,nv,nv,nv
ISIC_0024339,nv,nv,nv,nv,nv,nv
ISIC_0024627,nv,nv,nv,nv,nv,nv
ISIC_0030152,nv,nv,nv,nv,nv,nv
ISIC_0028867,nv,nv,nv,nv,nv,nv
ISIC_0031607,nv,nv,nv,nv,nv,nv
ISIC_0026616,nv,nv,nv,nv,nv,nv
ISIC_0026459,nv,nv,nv,nv,nv,nv
ISIC_0024384,nv,nv,nv,nv,nv,nv
ISIC_0029275,nv,nv,nv,nv,nv,nv
ISIC_0026332,nv,nv,nv,nv,nv,nv
ISIC_0024600,nv,nv,nv,nv,nv,nv
ISIC_0030078,nv,nv,nv,nv,nv,nv
ISIC_0029957,nv,nv,nv,nv,nv,nv
ISIC_0028273,nv,nv,nv,nv,nv,nv
ISIC_0027864,nv,nv,nv,nv,nv,nv
ISIC_0027292,nv,nv,nv,nv,nv,nv
ISIC_0025269,nv,nv,nv,nv,nv,nv
ISIC_0031397,nv,nv,nv,nv,nv,nv
ISIC_0028171,nv,nv,nv,nv,nv,nv
ISIC_0030001,nv,nv,nv,nv,nv,nv
ISIC_0029535,nv,nv,nv,nv,nv,nv
ISIC_0025582,nv,nv,nv,nv,nv,nv
ISIC_0029078,nv,nv,nv,nv,nv,nv
ISIC_0031983,nv,nv,nv,nv,nv,nv
ISIC_0027830,nv,nv,nv,nv,nv,nv
ISIC_0026450,nv,nv,nv,nv,nv,nv
ISIC_0024817,nv,nv,nv,nv,nv,nv
ISIC_0031109,nv,nv,nv,nv,nv,nv
ISIC_0031307,nv,nv,nv,nv,nv,nv
ISIC_0030472,nv,nv,nv,nv,nv,nv
ISIC_0026563,nv,nv,nv,nv,nv,nv
ISIC_0025757,nv,nv,nv,nv,nv,nv
ISIC_0025037,nv,nv,nv,nv,nv,nv
ISIC_0031439,nv,nv,bkl,nv,nv,nv
ISIC_0032488,nv,nv,nv,nv,nv,nv
ISIC_0027977,nv,nv,nv,nv,nv,nv
ISIC_0030634,nv,nv,nv,nv,nv,nv
ISIC_0025538,nv,nv,nv,nv,nv,nv
ISIC_0030719,nv,nv,nv,nv,nv,nv
ISIC_0026472,nv,nv,nv,nv,nv,nv
ISIC_0032012,nv,nv,nv,nv,nv,nv
ISIC_0031717,nv,nv,nv,nv,nv,nv
ISIC_0026307,nv,nv,nv,nv,nv,nv
ISIC_0024483,nv,nv,nv,nv,nv,nv
ISIC_0031879,nv,nv,nv,nv,nv,nv
ISIC_0027845,nv,nv,nv,nv,nv,nv
ISIC_0028251,nv,nv,nv,nv,nv,nv
ISIC_0028940,nv,nv,nv,nv,nv,nv
ISIC_0028799,nv,nv,nv,nv,nv,nv
ISIC_0032435,nv,nv,nv,nv,nv,nv
ISIC_0031246,nv,nv,nv,nv,nv,nv
ISIC_0024325,nv,nv,nv,nv,nv,nv
ISIC_0029987,nv,nv,nv,nv,nv,nv
ISIC_0025464,nv,nv,nv,nv,nv,nv
ISIC_0031265,nv,nv,nv,nv,nv,nv
ISIC_0030563,nv,nv,nv,nv,nv,nv
ISIC_0031047,nv,nv,nv,nv,nv,nv
ISIC_0025532,nv,nv,nv,nv,nv,nv
ISIC_0029134,nv,nv,nv,nv,nv,nv
ISIC_0032147,nv,nv,nv,nv,nv,nv
ISIC_0026495,nv,nv,nv,nv,nv,nv
ISIC_0032323,nv,nv,nv,nv,nv,nv
ISIC_0025739,nv,nv,nv,nv,nv,nv
ISIC_0025460,nv,nv,nv,nv,nv,nv
ISIC_0026939,nv,nv,nv,nv,nv,nv
ISIC_0027340,nv,nv,nv,nv,nv,nv
ISIC_0030062,nv,nv,nv,nv,nv,nv
ISIC_0030680,nv,nv,nv,nv,nv,nv
ISIC_0030439,nv,nv,nv,nv,nv,nv
ISIC_0031341,nv,nv,mel,nv,nv,nv
ISIC_0027891,nv,nv,nv,nv,nv,nv
ISIC_0030568,nv,nv,nv,nv,nv,nv
ISIC_0026863,nv,nv,nv,nv,nv,nv
ISIC_0029116,nv,nv,nv,nv,nv,nv
ISIC_0025334,nv,nv,nv,nv,nv,nv
ISIC_0026019,nv,nv,nv,nv,nv,nv
ISIC_0027817,nv,nv,nv,nv,nv,nv
ISIC_0028162,nv,nv,nv,nv,nv,nv
ISIC_0030749,nv,nv,nv,nv,nv,nv
ISIC_0031509,nv,nv,nv,nv,nv,nv
ISIC_0027413,nv,nv,nv,nv,nv,nv
ISIC_0026294,nv,nv,nv,nv,nv,nv
ISIC_0030029,nv,nv,nv,nv,nv,nv
ISIC_0029796,nv,nv,nv,nv,nv,nv
ISIC_0026640,nv,nv,nv,nv,nv,nv
ISIC_0028522,nv,nv,nv,nv,nv,nv
ISIC_0025880,nv,nv,nv,nv,nv,nv
ISIC_0027551,nv,nv,nv,nv,nv,nv
ISIC_0031458,nv,nv,nv,nv,nv,nv
ISIC_0025690,nv,nv,nv,nv,nv,nv
ISIC_0027581,nv,nv,nv,nv,nv,nv
ISIC_0024840,nv,nv,nv,nv,nv,nv
ISIC_0029890,nv,nv,nv,nv,nv,nv
ISIC_0030259,nv,nv,nv,nv,nv,nv
ISIC_0025995,nv,nv,nv,nv,nv,nv
ISIC_0024681,nv,nv,nv,nv,nv,nv
ISIC_0024444,nv,nv,nv,nv,nv,nv
ISIC_0029314,nv,nv,nv,nv,nv,nv
ISIC_0029817,nv,nv,nv,nv,nv,nv
ISIC_0030364,nv,nv,nv,nv,nv,nv
ISIC_0024606,nv,nv,nv,nv,nv,nv
ISIC_0030946,nv,nv,nv,nv,nv,nv
ISIC_0032432,nv,nv,nv,nv,nv,nv
ISIC_0031393,nv,nv,nv,nv,nv,nv
ISIC_0025497,nv,nv,nv,nv,nv,nv
ISIC_0029672,nv,nv,nv,nv,nv,nv
ISIC_0026001,nv,nv,nv,nv,nv,nv
ISIC_0029429,nv,nv,nv,nv,nv,nv
ISIC_0025151,nv,nv,nv,nv,nv,nv
ISIC_0025801,nv,nv,nv,nv,nv,nv
ISIC_0031952,nv,nv,bkl,nv,nv,nv
ISIC_0032172,nv,nv,nv,nv,nv,nv
ISIC_0029673,nv,nv,nv,nv,nv,nv
ISIC_0028262,nv,nv,nv,nv,nv,nv
ISIC_0027664,nv,nv,nv,nv,nv,nv
ISIC_0028379,nv,nv,nv,nv,nv,nv
ISIC_0026289,nv,nv,nv,nv,nv,nv
ISIC_0030218,nv,nv,nv,nv,nv,nv
ISIC_0024852,nv,nv,nv,nv,nv,nv
ISIC_0028039,nv,nv,nv,nv,nv,nv
ISIC_0029761,nv,nv,nv,nv,nv,nv
ISIC_0032131,nv,nv,nv,nv,nv,nv
ISIC_0030412,nv,nv,nv,nv,nv,nv
ISIC_0025498,nv,nv,nv,nv,nv,nv
ISIC_0026669,nv,nv,nv,nv,nv,nv
ISIC_0029110,nv,nv,nv,nv,nv,nv
ISIC_0026095,nv,nv,nv,nv,nv,nv
ISIC_0030628,nv,nv,nv,nv,nv,nv
ISIC_0027445,nv,nv,nv,nv,nv,nv
ISIC_0026250,nv,nv,nv,nv,nv,nv
ISIC_0029700,nv,nv,nv,nv,nv,nv
ISIC_0030405,nv,nv,nv,nv,nv,nv
ISIC_0025212,nv,nv,nv,nv,nv,nv
ISIC_0029908,nv,nv,nv,nv,nv,nv
ISIC_0029658,nv,nv,nv,nv,nv,nv
ISIC_0027995,nv,nv,nv,nv,nv,nv
ISIC_0026595,nv,nv,nv,nv,nv,nv
ISIC_0029037,nv,nv,nv,nv,nv,nv
ISIC_0028351,nv,nv,nv,nv,nv,nv
ISIC_0026723,nv,nv,nv,nv,nv,nv
ISIC_0026116,nv,nv,nv,nv,nv,nv
ISIC_0025787,nv,nv,nv,nv,nv,nv
ISIC_0028738,nv,nv,nv,nv,nv,nv
ISIC_0025138,nv,nv,nv,nv,nv,nv
ISIC_0027241,nv,nv,nv,nv,nv,nv
ISIC_0031338,nv,nv,nv,nv,nv,nv
ISIC_0031610,nv,nv,nv,nv,nv,nv
ISIC_0028726,nv,nv,nv,nv,nv,nv
ISIC_0025839,nv,nv,nv,nv,nv,nv
ISIC_0027842,nv,nv,nv,nv,nv,nv
ISIC_0027866,nv,nv,nv,nv,nv,nv
ISIC_0029164,nv,nv,nv,nv,nv,nv
ISIC_0026800,nv,nv,nv,nv,nv,nv
ISIC_0031944,nv,nv,nv,nv,nv,nv
ISIC_0031161,nv,nv,nv,nv,nv,nv
ISIC_0028001,nv,nv,nv,nv,nv,nv
ISIC_0026856,nv,nv,nv,nv,nv,nv
ISIC_0029255,nv,nv,nv,nv,nv,nv
ISIC_0028300,nv,nv,nv,nv,nv,nv
ISIC_0032418,nv,nv,nv,nv,nv,nv
ISIC_0028704,nv,nv,nv,nv,nv,nv
ISIC_0032506,nv,nv,nv,nv,nv,nv
ISIC_0032261,nv,nv,nv,nv,nv,nv
ISIC_0029259,nv,nv,nv,nv,nv,nv
ISIC_0031869,nv,nv,nv,nv,nv,nv
ISIC_0025025,nv,nv,nv,nv,nv,nv
ISIC_0029481,nv,nv,nv,nv,nv,nv
ISIC_0030157,nv,nv,nv,nv,nv,nv
ISIC_0029098,nv,nv,nv,nv,nv,nv
ISIC_0031497,nv,nv,nv,nv,nv,nv
ISIC_0031448,nv,nv,nv,nv,nv,nv
ISIC_0028031,nv,nv,nv,nv,nv,nv
ISIC_0028334,nv,nv,nv,nv,nv,nv
ISIC_0030257,nv,nv,nv,nv,nv,nv
ISIC_0031805,nv,nv,nv,nv,nv,nv
ISIC_0024797,nv,nv,nv,nv,nv,nv
ISIC_0030807,nv,nv,nv,nv,nv,nv
ISIC_0028342,nv,nv,nv,nv,nv,nv
ISIC_0024368,nv,nv,nv,nv,nv,nv
ISIC_0024397,nv,nv,nv,nv,nv,nv
ISIC_0029799,nv,nv,nv,nv,nv,nv
ISIC_0028828,nv,nv,nv,nv,nv,nv
ISIC_0026673,nv,nv,nv,nv,nv,nv
ISIC_0025828,nv,nv,nv,nv,nv,nv
ISIC_0025682,nv,nv,nv,nv,nv,nv
ISIC_0026431,nv,nv,nv,nv,nv,nv
ISIC_0028440,nv,nv,nv,nv,nv,nv
ISIC_0024988,nv,nv,nv,nv,nv,nv
ISIC_0029395,nv,nv,nv,nv,nv,nv
ISIC_0025194,nv,nv,nv,nv,nv,nv
ISIC_0024717,nv,nv,nv,nv,nv,nv
ISIC_0028213,nv,nv,nv,nv,nv,nv
ISIC_0024491,nv,nv,nv,nv,nv,nv
ISIC_0030478,nv,nv,nv,nv,nv,nv
ISIC_0028417,nv,nv,nv,nv,nv,nv
ISIC_0030891,nv,nv,nv,nv,nv,nv
ISIC_0027186,nv,nv,nv,nv,nv,nv
ISIC_0025177,nv,nv,nv,nv,nv,nv
ISIC_0029049,nv,nv,nv,bcc,nv,nv
ISIC_0029018,nv,nv,nv,nv,nv,nv
ISIC_0027112,nv,nv,nv,nv,nv,nv
ISIC_0028791,nv,nv,nv,nv,nv,nv
ISIC_0027855,nv,nv,nv,nv,nv,nv
ISIC_0026730,nv,nv,nv,nv,nv,nv
ISIC_0026519,nv,nv,nv,nv,nv,mel
ISIC_0028755,nv,nv,nv,nv,nv,nv
ISIC_0024597,nv,nv,nv,nv,nv,nv
ISIC_0029790,nv,nv,nv,nv,nv,nv
ISIC_0027898,nv,nv,nv,nv,nv,nv
ISIC_0028293,nv,nv,nv,nv,nv,nv
ISIC_0032428,nv,nv,nv,nv,nv,nv
ISIC_0027640,nv,mel,mel,mel,mel,mel
ISIC_0030273,nv,mel,mel,mel,mel,mel
ISIC_0028971,nv,nv,nv,nv,nv,nv
ISIC_0031145,nv,nv,nv,nv,nv,nv
ISIC_0027235,nv,nv,mel,mel,nv,mel
ISIC_0024891,nv,bkl,nv,mel,nv,nv
ISIC_0025442,nv,nv,nv,nv,nv,nv
ISIC_0028461,nv,df,nv,nv,nv,nv
ISIC_0029719,nv,mel,mel,mel,mel,mel
ISIC_0028453,nv,vasc,df,df,vasc,vasc
ISIC_0031733,nv,nv,nv,nv,nv,nv
ISIC_0031663,nv,nv,nv,nv,nv,nv
ISIC_0032096,nv,bkl,nv,nv,nv,nv
ISIC_0027358,nv,nv,nv,nv,nv,nv
ISIC_0027734,nv,nv,nv,nv,nv,nv
ISIC_0030874,nv,nv,nv,nv,nv,nv
ISIC_0029389,nv,nv,df,df,nv,nv
ISIC_0026874,nv,nv,nv,nv,nv,nv
ISIC_0026389,nv,nv,nv,nv,nv,nv
ISIC_0025428,nv,nv,nv,nv,nv,nv
ISIC_0024824,nv,nv,nv,nv,nv,nv
ISIC_0027878,nv,mel,nv,nv,nv,nv
ISIC_0028371,nv,nv,nv,nv,nv,nv
ISIC_0026006,nv,nv,nv,nv,nv,nv
ISIC_0026541,nv,nv,nv,mel,nv,nv
ISIC_0025869,nv,nv,nv,nv,nv,nv
ISIC_0027812,nv,nv,nv,nv,nv,nv
ISIC_0027410,nv,nv,nv,nv,nv,nv
ISIC_0027103,nv,nv,nv,nv,nv,nv
ISIC_0028528,nv,mel,mel,mel,mel,mel
ISIC_0029945,nv,nv,mel,mel,mel,mel
ISIC_0026148,nv,mel,mel,mel,mel,nv
ISIC_0031094,nv,mel,nv,bkl,mel,mel
ISIC_0029488,nv,nv,bkl,nv,nv,nv
ISIC_0028804,nv,mel,bkl,bkl,bkl,nv
ISIC_0026781,nv,nv,nv,nv,nv,nv
ISIC_0029846,nv,nv,nv,nv,nv,nv
ISIC_0029194,nv,nv,nv,nv,nv,nv
ISIC_0027034,nv,nv,bkl,bkl,bkl,nv
ISIC_0031887,nv,nv,nv,nv,nv,nv
ISIC_0028534,nv,nv,nv,nv,nv,nv
ISIC_0028222,nv,nv,bkl,bkl,bkl,nv
ISIC_0026237,nv,nv,nv,nv,nv,nv
ISIC_0027548,nv,nv,nv,nv,nv,nv
ISIC_0028961,nv,nv,nv,nv,nv,nv
ISIC_0030053,nv,mel,nv,mel,mel,nv
ISIC_0025789,nv,nv,nv,nv,nv,nv
ISIC_0030184,nv,nv,nv,nv,nv,nv
ISIC_0031501,nv,nv,nv,nv,nv,nv
ISIC_0029354,nv,mel,mel,mel,mel,nv
ISIC_0033356,nv,nv,nv,nv,nv,nv
ISIC_0031158,nv,nv,bcc,bcc,nv,nv
ISIC_0033846,nv,nv,nv,nv,nv,mel
ISIC_0032691,nv,nv,nv,nv,nv,nv
ISIC_0032891,nv,nv,nv,nv,nv,nv
ISIC_0033348,nv,nv,nv,nv,nv,nv
ISIC_0033048,nv,nv,nv,nv,nv,nv
ISIC_0026618,nv,nv,nv,nv,nv,nv
ISIC_0025456,nv,nv,nv,nv,nv,nv
ISIC_0033549,nv,bkl,nv,nv,nv,nv
ISIC_0025239,nv,nv,nv,mel,nv,nv
ISIC_0034234,nv,nv,nv,nv,nv,nv
ISIC_0034274,nv,nv,mel,mel,mel,nv
ISIC_0033759,nv,nv,nv,nv,nv,nv
ISIC_0033386,nv,nv,bkl,bkl,bkl,nv
ISIC_0033253,nv,nv,nv,nv,nv,nv
ISIC_0033974,nv,nv,nv,nv,nv,nv
ISIC_0025978,nv,nv,nv,nv,nv,nv
ISIC_0025786,nv,nv,nv,nv,nv,nv
ISIC_0025525,nv,nv,nv,nv,nv,nv
ISIC_0027847,nv,nv,nv,nv,nv,nv
ISIC_0028780,nv,nv,nv,nv,nv,nv
ISIC_0031988,nv,nv,nv,nv,nv,nv
ISIC_0029662,nv,nv,nv,nv,nv,nv
ISIC_0025001,nv,nv,nv,nv,nv,nv
ISIC_0028500,nv,nv,nv,nv,nv,nv
ISIC_0025262,nv,nv,bcc,nv,nv,nv
ISIC_0029348,nv,nv,nv,nv,nv,nv
ISIC_0030429,nv,bcc,nv,bcc,bcc,bcc
ISIC_0030899,nv,nv,nv,nv,nv,nv
ISIC_0032641,nv,mel,nv,nv,nv,nv
ISIC_0032717,nv,nv,nv,nv,nv,nv
ISIC_0032651,nv,nv,nv,nv,nv,nv
ISIC_0033503,nv,bkl,nv,nv,nv,mel
ISIC_0033795,nv,nv,nv,nv,nv,mel
ISIC_0033100,nv,nv,nv,nv,nv,nv
ISIC_0033388,nv,nv,nv,nv,nv,nv
ISIC_0032811,nv,nv,nv,nv,nv,nv
ISIC_0033370,nv,nv,nv,nv,nv,nv
ISIC_0033521,nv,nv,nv,nv,nv,nv
ISIC_0032623,nv,nv,nv,nv,nv,nv
ISIC_0032821,nv,nv,nv,nv,nv,nv
ISIC_0034133,nv,nv,nv,nv,nv,nv
ISIC_0034152,nv,nv,nv,nv,nv,nv
ISIC_0034020,nv,nv,nv,nv,nv,nv
ISIC_0034273,nv,nv,nv,nv,nv,nv
ISIC_0033633,nv,mel,nv,nv,nv,nv
ISIC_0032948,nv,nv,nv,nv,nv,nv
ISIC_0033657,nv,nv,nv,mel,nv,nv
ISIC_0033837,nv,nv,mel,mel,mel,nv
ISIC_0032612,nv,nv,nv,nv,nv,nv
ISIC_0034039,nv,nv,nv,nv,nv,nv
ISIC_0033071,nv,nv,nv,nv,nv,nv
ISIC_0034086,nv,mel,mel,mel,mel,mel
ISIC_0033242,nv,bkl,nv,nv,nv,nv
ISIC_0032961,nv,nv,nv,nv,nv,nv
ISIC_0034112,nv,nv,nv,nv,nv,nv
ISIC_0033838,nv,nv,nv,nv,nv,nv
ISIC_0033990,nv,nv,nv,nv,nv,nv
ISIC_0034157,nv,nv,nv,nv,nv,nv
ISIC_0032770,nv,nv,nv,nv,nv,nv
ISIC_0034184,nv,nv,nv,nv,nv,nv
ISIC_0033385,nv,mel,bkl,bkl,mel,nv
ISIC_0033849,nv,nv,nv,mel,nv,nv
ISIC_0032885,nv,nv,nv,nv,nv,nv
ISIC_0032859,nv,nv,nv,nv,nv,nv
ISIC_0033138,nv,nv,nv,nv,nv,nv
ISIC_0032728,nv,nv,nv,nv,nv,nv
ISIC_0034044,nv,mel,nv,nv,nv,nv
ISIC_0033763,nv,nv,nv,nv,nv,nv
ISIC_0033069,nv,nv,nv,nv,nv,nv
ISIC_0032735,nv,nv,nv,nv,nv,nv
ISIC_0032546,nv,mel,nv,mel,nv,nv
ISIC_0033958,nv,nv,nv,nv,nv,nv
ISIC_0033016,nv,nv,nv,nv,nv,nv
ISIC_0026810,nv,nv,nv,nv,nv,nv
ISIC_0033351,nv,nv,nv,nv,nv,nv
ISIC_0033131,nv,nv,nv,nv,nv,nv
ISIC_0032683,nv,nv,mel,nv,nv,nv
ISIC_0032971,nv,nv,nv,nv,nv,nv
ISIC_0034224,nv,mel,nv,nv,nv,nv
ISIC_0032587,nv,nv,nv,nv,nv,nv
ISIC_0034300,nv,nv,nv,nv,nv,nv
ISIC_0032609,nv,nv,nv,nv,nv,nv
ISIC_0033729,nv,nv,mel,nv,nv,nv
ISIC_0034307,nv,nv,nv,nv,nv,nv
ISIC_0032822,nv,nv,nv,nv,nv,nv
ISIC_0033976,nv,nv,nv,nv,nv,nv
ISIC_0034314,nv,nv,nv,nv,nv,nv
ISIC_0033983,nv,nv,nv,nv,nv,nv
ISIC_0032541,nv,nv,nv,nv,nv,nv
ISIC_0034190,nv,nv,vasc,vasc,vasc,nv
ISIC_0033961,nv,nv,nv,nv,nv,nv
ISIC_0033743,nv,nv,vasc,vasc,nv,nv
ISIC_0034149,nv,nv,nv,nv,nv,nv
ISIC_0033887,nv,nv,nv,nv,nv,nv
ISIC_0034073,nv,nv,nv,nv,nv,nv
ISIC_0033107,nv,nv,nv,nv,nv,nv
ISIC_0034078,nv,nv,nv,nv,nv,nv
ISIC_0033658,nv,bkl,nv,bkl,nv,nv
ISIC_0032908,nv,nv,nv,nv,nv,nv
ISIC_0034203,nv,bcc,df,nv,bcc,nv
ISIC_0033188,nv,nv,nv,nv,nv,nv
ISIC_0034232,nv,nv,nv,nv,nv,nv
ISIC_0033649,nv,nv,nv,nv,nv,nv
ISIC_0032820,nv,nv,nv,nv,nv,nv
ISIC_0032813,nv,nv,nv,nv,nv,nv
ISIC_0033194,nv,nv,nv,nv,nv,nv
ISIC_0032620,nv,nv,nv,nv,nv,nv
ISIC_0030420,nv,nv,nv,nv,nv,nv
ISIC_0033711,nv,nv,nv,nv,nv,nv
ISIC_0034084,nv,nv,nv,nv,nv,nv
ISIC_0032625,nv,mel,nv,nv,nv,nv
ISIC_0032974,nv,nv,nv,vasc,nv,nv
ISIC_0032650,nv,nv,nv,nv,nv,nv
ISIC_0032769,nv,nv,nv,nv,nv,nv
ISIC_0033922,nv,nv,nv,nv,nv,nv
ISIC_0033075,nv,bkl,nv,nv,nv,nv
ISIC_0032574,nv,nv,nv,nv,nv,nv
ISIC_0033661,nv,nv,nv,nv,nv,nv
ISIC_0033116,nv,nv,mel,nv,nv,nv
ISIC_0033876,nv,nv,nv,nv,nv,nv
ISIC_0031482,nv,nv,nv,bkl,nv,nv
ISIC_0033433,nv,nv,nv,nv,nv,nv
ISIC_0034127,nv,mel,mel,nv,mel,nv
ISIC_0033111,nv,nv,nv,nv,nv,nv
ISIC_0034251,nv,nv,nv,nv,nv,nv
ISIC_0033721,nv,nv,nv,mel,nv,nv
ISIC_0032565,nv,mel,nv,nv,mel,mel
ISIC_0034261,nv,nv,nv,nv,nv,nv
ISIC_0033939,nv,nv,nv,nv,nv,nv
ISIC_0032772,nv,nv,nv,nv,nv,nv
ISIC_0032593,nv,nv,nv,nv,nv,nv
ISIC_0031290,nv,nv,nv,nv,nv,nv
ISIC_0032657,nv,nv,nv,nv,nv,nv
ISIC_0032605,nv,nv,nv,nv,nv,nv
ISIC_0033771,nv,nv,nv,nv,nv,nv
ISIC_0033102,nv,nv,nv,nv,nv,nv
ISIC_0033564,nv,nv,nv,nv,nv,nv
ISIC_0032627,nv,nv,nv,nv,nv,nv
ISIC_0032380,nv,nv,nv,nv,nv,nv
ISIC_0028591,nv,mel,mel,nv,mel,nv
ISIC_0033792,nv,nv,nv,nv,nv,nv
ISIC_0034122,nv,nv,nv,nv,nv,nv
ISIC_0034247,nv,nv,nv,nv,nv,nv
ISIC_0034191,nv,nv,nv,nv,nv,nv
ISIC_0034033,nv,nv,nv,nv,nv,nv
ISIC_0032752,nv,nv,nv,nv,nv,nv
ISIC_0033794,nv,bkl,bkl,bkl,bkl,nv
ISIC_0032539,nv,nv,nv,nv,nv,nv
ISIC_0033277,nv,nv,nv,nv,nv,nv
ISIC_0033448,nv,nv,nv,nv,nv,nv
ISIC_0033036,nv,nv,nv,nv,nv,nv
ISIC_0033861,nv,nv,nv,nv,nv,mel
ISIC_0033147,nv,nv,nv,nv,nv,nv
ISIC_0033740,nv,nv,nv,mel,nv,mel
ISIC_0033153,nv,nv,nv,nv,nv,nv
ISIC_0032848,nv,nv,nv,nv,nv,nv
ISIC_0033656,nv,nv,nv,nv,nv,nv
ISIC_0029775,nv,mel,mel,mel,mel,nv
ISIC_0031460,nv,nv,nv,nv,nv,nv
ISIC_0028540,nv,nv,nv,nv,nv,nv
ISIC_0029704,nv,nv,nv,nv,nv,nv
ISIC_0029809,nv,nv,mel,nv,nv,nv
ISIC_0028538,nv,nv,nv,nv,nv,nv
ISIC_0031796,nv,bkl,nv,nv,nv,nv
ISIC_0026328,nv,nv,nv,nv,nv,nv
ISIC_0027567,nv,nv,nv,nv,nv,nv
ISIC_0027942,nv,nv,nv,nv,nv,nv
ISIC_0030264,nv,nv,nv,nv,nv,nv
ISIC_0027052,nv,nv,nv,nv,nv,nv
ISIC_0028894,nv,nv,nv,mel,nv,nv
ISIC_0025208,nv,nv,nv,nv,nv,nv
ISIC_0030840,nv,nv,bkl,nv,nv,nv
ISIC_0032291,nv,nv,nv,nv,nv,nv
ISIC_0029566,nv,nv,nv,nv,nv,nv
ISIC_0026841,nv,nv,nv,nv,nv,nv
ISIC_0025945,nv,nv,nv,nv,nv,nv
ISIC_0031149,nv,nv,nv,nv,nv,nv
ISIC_0031360,nv,nv,nv,nv,nv,nv
ISIC_0032368,nv,nv,nv,nv,nv,nv
ISIC_0031905,nv,nv,nv,nv,nv,nv
ISIC_0025545,nv,nv,nv,nv,nv,nv
ISIC_0024529,nv,nv,nv,nv,nv,nv
ISIC_0024355,nv,nv,nv,nv,nv,nv
ISIC_0027423,nv,nv,nv,nv,nv,nv
ISIC_0024587,nv,nv,nv,nv,nv,nv
ISIC_0031541,nv,nv,nv,nv,nv,nv
ISIC_0027596,nv,nv,nv,nv,nv,nv
ISIC_0031204,nv,nv,nv,nv,nv,nv
ISIC_0024694,nv,nv,nv,nv,nv,nv
ISIC_0025231,nv,nv,nv,nv,nv,nv
ISIC_0027514,nv,nv,nv,nv,nv,nv
ISIC_0029382,nv,nv,nv,nv,nv,nv
ISIC_0031811,nv,nv,nv,nv,nv,nv
ISIC_0028390,nv,nv,nv,nv,nv,nv
ISIC_0029661,nv,mel,nv,nv,nv,nv
ISIC_0028030,nv,nv,nv,nv,nv,nv
ISIC_0026030,nv,mel,nv,nv,nv,nv
ISIC_0032427,nv,nv,nv,nv,nv,nv
ISIC_0031405,nv,nv,nv,nv,nv,nv
ISIC_0027897,nv,nv,nv,nv,nv,nv
ISIC_0032184,nv,nv,nv,nv,nv,nv
ISIC_0031399,nv,mel,nv,nv,nv,nv
ISIC_0030621,nv,nv,nv,nv,nv,nv
ISIC_0031510,nv,mel,nv,nv,mel,mel
ISIC_0031483,nv,nv,nv,nv,nv,nv
ISIC_0032274,nv,nv,nv,nv,nv,nv
ISIC_0025518,nv,mel,nv,nv,nv,nv
ISIC_0025181,nv,nv,nv,nv,nv,nv
ISIC_0031603,nv,mel,mel,mel,mel,mel
ISIC_0029867,nv,mel,nv,nv,nv,nv
ISIC_0027045,nv,nv,nv,nv,nv,nv
ISIC_0025742,nv,nv,bkl,bkl,nv,nv
ISIC_0031015,nv,nv,nv,nv,nv,nv
ISIC_0030842,nv,nv,nv,nv,nv,nv
ISIC_0028598,nv,nv,nv,nv,nv,nv
ISIC_0026147,nv,nv,nv,nv,nv,nv
ISIC_0025340,nv,nv,nv,nv,nv,nv
ISIC_0025657,nv,nv,nv,nv,nv,nv
ISIC_0026615,nv,nv,nv,nv,nv,nv
ISIC_0031934,nv,nv,nv,nv,nv,nv
ISIC_0029583,nv,nv,nv,nv,nv,nv
ISIC_0029121,nv,nv,nv,nv,nv,nv
ISIC_0031126,nv,bcc,nv,nv,nv,nv
ISIC_0025506,nv,nv,nv,nv,nv,nv
ISIC_0030796,nv,nv,mel,mel,mel,mel
ISIC_0029197,nv,nv,nv,nv,nv,nv
ISIC_0028408,nv,nv,nv,nv,nv,nv
ISIC_0026404,nv,bkl,akiec,akiec,bkl,bkl
ISIC_0029298,nv,nv,nv,nv,nv,nv
ISIC_0024790,nv,nv,nv,nv,nv,nv
ISIC_0028551,nv,nv,nv,nv,nv,nv
ISIC_0030962,nv,nv,nv,nv,nv,nv
ISIC_0025926,nv,mel,bcc,bcc,bcc,akiec
ISIC_0026741,nv,nv,nv,nv,nv,nv
ISIC_0032243,nv,nv,nv,nv,nv,nv
ISIC_0031363,nv,nv,nv,nv,nv,nv
ISIC_0026398,nv,nv,nv,nv,nv,nv
ISIC_0030416,nv,nv,nv,nv,nv,nv
ISIC_0031451,nv,nv,nv,nv,nv,nv
ISIC_0030115,nv,mel,mel,nv,mel,mel
ISIC_0025784,nv,nv,nv,nv,nv,mel
ISIC_0027928,nv,nv,nv,nv,nv,nv
ISIC_0027466,nv,nv,nv,nv,nv,mel
ISIC_0026414,nv,mel,mel,mel,mel,mel
ISIC_0024926,nv,nv,nv,nv,nv,nv
ISIC_0026559,nv,nv,nv,nv,nv,nv
ISIC_0031708,nv,nv,nv,nv,nv,nv
ISIC_0024356,nv,mel,nv,nv,nv,nv
ISIC_0031838,nv,nv,nv,nv,nv,nv
ISIC_0030253,nv,mel,nv,nv,mel,nv
ISIC_0029733,nv,nv,bcc,nv,nv,nv
ISIC_0029054,nv,mel,nv,nv,nv,nv
ISIC_0030069,nv,nv,nv,nv,nv,nv
ISIC_0025088,nv,nv,nv,nv,nv,nv
ISIC_0026786,nv,nv,nv,nv,nv,bkl
ISIC_0027461,nv,nv,nv,nv,nv,nv
ISIC_0026076,nv,nv,nv,nv,nv,mel
ISIC_0028441,nv,nv,nv,nv,nv,nv
ISIC_0030313,nv,nv,nv,nv,nv,nv
ISIC_0025579,nv,nv,nv,nv,nv,nv
ISIC_0032459,nv,nv,nv,nv,nv,nv
ISIC_0025730,nv,nv,nv,nv,nv,nv
ISIC_0027066,nv,mel,mel,mel,mel,nv
ISIC_0029465,nv,mel,mel,mel,mel,nv
ISIC_0025967,nv,bkl,nv,nv,nv,nv
ISIC_0027360,nv,mel,nv,nv,nv,bcc
ISIC_0029554,nv,bkl,nv,nv,nv,nv
ISIC_0024578,nv,nv,nv,nv,nv,nv
ISIC_0025759,nv,bkl,nv,bkl,bkl,nv
ISIC_0031366,nv,nv,nv,nv,nv,nv
ISIC_0028310,nv,bcc,bcc,bkl,bcc,bcc
ISIC_0028281,nv,bkl,bkl,bkl,bkl,nv
ISIC_0030598,nv,nv,nv,nv,nv,nv
ISIC_0028205,nv,nv,nv,nv,nv,nv
ISIC_0025936,nv,nv,nv,nv,nv,nv
ISIC_0025179,nv,bkl,bkl,bkl,bkl,nv
ISIC_0024441,nv,nv,nv,nv,nv,nv
ISIC_0030534,nv,nv,nv,nv,nv,nv
ISIC_0031314,nv,nv,bkl,nv,nv,nv
ISIC_0031121,nv,nv,nv,nv,nv,nv
ISIC_0031301,nv,mel,mel,mel,mel,nv
ISIC_0024882,nv,nv,nv,nv,nv,nv
ISIC_0026956,nv,nv,bcc,nv,nv,nv
ISIC_0031982,nv,nv,nv,nv,nv,nv
ISIC_0029833,nv,bkl,nv,nv,bkl,nv
ISIC_0028736,nv,nv,nv,nv,nv,nv
ISIC_0024447,nv,nv,nv,nv,nv,nv
ISIC_0027498,nv,nv,nv,nv,nv,nv
ISIC_0024657,nv,nv,nv,nv,nv,nv
ISIC_0032279,nv,nv,nv,nv,nv,nv
ISIC_0027922,nv,nv,nv,nv,nv,nv
ISIC_0027298,nv,mel,nv,nv,nv,nv
ISIC_0032090,nv,bcc,nv,bcc,bcc,nv
ISIC_0026048,nv,nv,nv,nv,nv,nv
ISIC_0026753,nv,nv,nv,nv,nv,nv
ISIC_0025505,nv,nv,nv,nv,nv,nv
ISIC_0025517,nv,nv,nv,nv,nv,nv
ISIC_0031238,nv,nv,nv,vasc,nv,nv
ISIC_0026297,nv,nv,nv,nv,nv,nv
ISIC_0030639,nv,bcc,nv,nv,nv,nv
ISIC_0025165,nv,nv,nv,nv,nv,nv
ISIC_0025237,nv,bcc,bcc,bcc,bcc,nv
ISIC_0029390,nv,bcc,bcc,bcc,bcc,nv
ISIC_0030663,nv,nv,nv,nv,nv,nv
ISIC_0025422,nv,nv,nv,nv,nv,nv
ISIC_0026665,nv,akiec,df,nv,akiec,nv
ISIC_0027984,nv,nv,nv,nv,nv,nv
ISIC_0026124,nv,nv,nv,nv,nv,nv
ISIC_0026711,nv,nv,nv,nv,nv,nv
ISIC_0030176,nv,nv,nv,nv,nv,nv
ISIC_0026580,nv,nv,nv,nv,nv,nv
ISIC_0025346,nv,nv,mel,mel,nv,mel
ISIC_0025540,nv,nv,nv,nv,nv,nv
ISIC_0032333,nv,nv,nv,nv,nv,mel
ISIC_0028596,nv,nv,nv,nv,nv,nv
ISIC_0024902,nv,nv,nv,nv,nv,nv
ISIC_0026676,nv,nv,nv,nv,nv,nv
ISIC_0032328,nv,nv,nv,nv,nv,nv
ISIC_0025193,nv,nv,nv,nv,nv,nv
ISIC_0026218,nv,nv,mel,mel,nv,nv
ISIC_0030155,nv,nv,nv,nv,nv,nv
ISIC_0028531,nv,nv,nv,nv,nv,nv
ISIC_0025446,nv,nv,nv,nv,nv,nv
ISIC_0025647,nv,nv,nv,nv,nv,nv
ISIC_0026371,nv,nv,nv,nv,nv,nv
ISIC_0030019,nv,nv,nv,nv,nv,nv
ISIC_0028042,nv,nv,mel,mel,nv,nv
ISIC_0030229,nv,nv,mel,nv,nv,nv
ISIC_0027133,nv,nv,nv,nv,nv,nv
ISIC_0028756,nv,nv,nv,nv,nv,nv
ISIC_0024818,nv,nv,nv,nv,nv,nv
ISIC_0025271,nv,nv,nv,nv,nv,nv
ISIC_0032042,nv,nv,akiec,nv,nv,nv
ISIC_0030589,nv,nv,nv,nv,nv,nv
ISIC_0027140,nv,nv,nv,nv,nv,nv
ISIC_0030404,nv,nv,nv,nv,nv,nv
ISIC_0027311,nv,nv,nv,nv,nv,nv
ISIC_0031896,nv,nv,nv,nv,nv,nv
ISIC_0032388,nv,nv,nv,nv,nv,nv
ISIC_0030299,nv,nv,nv,nv,nv,nv
ISIC_0028866,nv,nv,nv,nv,nv,nv
ISIC_0025253,nv,nv,nv,nv,nv,nv
ISIC_0026190,nv,nv,nv,nv,nv,nv
ISIC_0030358,nv,bkl,nv,bkl,bkl,nv
ISIC_0030086,nv,nv,nv,mel,nv,nv
ISIC_0034265,nv,nv,nv,nv,nv,nv
ISIC_0033765,nv,nv,nv,nv,nv,nv
ISIC_0032939,nv,nv,nv,nv,nv,nv
ISIC_0033682,nv,nv,nv,nv,nv,nv
ISIC_0032979,nv,nv,nv,nv,nv,nv
ISIC_0033474,nv,nv,nv,nv,nv,nv
ISIC_0034043,nv,nv,bkl,bkl,nv,nv
ISIC_0033589,nv,mel,nv,nv,nv,nv
ISIC_0032880,nv,nv,nv,nv,nv,nv
ISIC_0032721,nv,nv,nv,nv,nv,nv
ISIC_0032616,nv,nv,nv,nv,nv,nv
ISIC_0033355,nv,nv,nv,nv,nv,nv
ISIC_0034219,nv,bkl,bkl,bkl,bkl,nv
ISIC_0033118,nv,nv,nv,nv,nv,nv
ISIC_0033542,nv,nv,nv,nv,nv,nv
ISIC_0032575,nv,nv,nv,nv,nv,nv
ISIC_0033842,nv,nv,nv,nv,nv,nv
ISIC_0032923,nv,nv,nv,nv,nv,nv
ISIC_0033577,nv,nv,nv,nv,nv,nv
ISIC_0033898,nv,nv,nv,nv,nv,nv
ISIC_0033173,nv,nv,nv,nv,nv,nv
ISIC_0032655,bkl,bkl,bkl,bkl,bkl,bkl
ISIC_0034114,nv,nv,nv,nv,nv,nv
ISIC_0033039,nv,nv,nv,nv,nv,nv
ISIC_0034228,nv,nv,nv,nv,nv,nv
ISIC_0032759,nv,nv,nv,nv,nv,nv
ISIC_0033647,nv,nv,nv,nv,nv,nv
ISIC_0032956,nv,nv,nv,nv,nv,nv
ISIC_0034082,nv,nv,nv,nv,nv,nv
ISIC_0034312,nv,nv,nv,nv,nv,nv
ISIC_0032578,nv,nv,nv,nv,nv,nv
ISIC_0034266,nv,nv,nv,nv,nv,nv
ISIC_0034080,nv,mel,nv,nv,nv,nv
ISIC_0034154,nv,nv,nv,nv,nv,nv
ISIC_0033028,nv,nv,nv,nv,nv,nv
ISIC_0032814,nv,nv,nv,nv,nv,nv
ISIC_0033190,nv,nv,nv,nv,nv,nv
ISIC_0033535,nv,nv,nv,nv,nv,nv
ISIC_0033330,nv,nv,bcc,nv,nv,nv
ISIC_0024725,nv,nv,nv,nv,nv,nv
ISIC_0031259,nv,nv,nv,nv,nv,nv
ISIC_0027138,nv,nv,nv,nv,nv,nv
ISIC_0028014,nv,nv,nv,nv,nv,nv
ISIC_0031105,nv,nv,nv,nv,nv,nv
ISIC_0029030,nv,nv,nv,nv,nv,nv
ISIC_0031454,nv,nv,nv,nv,nv,nv
ISIC_0028618,nv,mel,mel,mel,mel,nv
ISIC_0031488,nv,mel,mel,nv,mel,nv
ISIC_0027345,nv,mel,nv,nv,nv,nv
ISIC_0029143,nv,bkl,nv,nv,nv,nv
ISIC_0030693,nv,bkl,bkl,bkl,bkl,bkl
ISIC_0031040,akiec,akiec,akiec,akiec,akiec,akiec
ISIC_0027795,akiec,akiec,akiec,akiec,akiec,akiec
ISIC_0024913,akiec,bcc,bcc,bcc,bcc,bcc
ISIC_0026872,akiec,akiec,akiec,akiec,akiec,akiec
ISIC_0031119,akiec,akiec,akiec,akiec,akiec,akiec
ISIC_0024562,akiec,mel,mel,mel,mel,nv
ISIC_0025696,akiec,akiec,akiec,akiec,akiec,akiec
ISIC_0030794,akiec,akiec,akiec,akiec,akiec,akiec
ISIC_0027678,akiec,akiec,akiec,akiec,akiec,akiec
ISIC_0028132,akiec,akiec,bcc,bcc,bcc,akiec
ISIC_0030991,akiec,akiec,bkl,bkl,akiec,bkl
ISIC_0029582,akiec,bcc,bcc,akiec,bcc,akiec
ISIC_0031852,akiec,akiec,akiec,nv,akiec,bkl
ISIC_0031609,akiec,akiec,nv,akiec,nv,akiec
ISIC_0026645,akiec,akiec,bcc,bcc,bcc,bcc
ISIC_0024710,akiec,akiec,akiec,akiec,akiec,bcc
ISIC_0030375,akiec,akiec,akiec,akiec,akiec,akiec
ISIC_0031335,akiec,akiec,akiec,akiec,akiec,akiec
ISIC_0027178,akiec,akiec,akiec,akiec,akiec,akiec
ISIC_0028190,akiec,akiec,akiec,bcc,akiec,bcc
ISIC_0029059,akiec,bcc,bcc,bcc,bcc,bcc
ISIC_0032277,akiec,akiec,akiec,akiec,akiec,akiec
ISIC_0025953,akiec,akiec,akiec,akiec,akiec,akiec
ISIC_0033494,akiec,akiec,mel,bcc,akiec,akiec
ISIC_0031381,akiec,akiec,akiec,akiec,akiec,akiec
ISIC_0029279,akiec,akiec,akiec,akiec,akiec,akiec
ISIC_0031431,akiec,akiec,akiec,akiec,akiec,akiec
ISIC_0028224,akiec,akiec,akiec,akiec,akiec,akiec
ISIC_0026319,akiec,akiec,mel,akiec,akiec,akiec
ISIC_0032014,akiec,akiec,akiec,akiec,akiec,akiec
ISIC_0024923,akiec,akiec,akiec,akiec,akiec,bcc
ISIC_0026626,akiec,bkl,akiec,bkl,bkl,akiec
ISIC_0028335,akiec,bkl,bkl,bkl,bkl,bkl
ISIC_0026981,akiec,akiec,akiec,akiec,akiec,akiec
ISIC_0031823,akiec,akiec,akiec,bcc,akiec,akiec
ISIC_0032404,akiec,akiec,akiec,akiec,akiec,akiec
ISIC_0024800,akiec,mel,bkl,bkl,bkl,nv
ISIC_0027767,akiec,bkl,akiec,mel,bkl,bcc
ISIC_0026984,akiec,akiec,bkl,bkl,bkl,akiec
ISIC_0031506,akiec,bkl,bcc,bkl,bkl,bcc
ISIC_0026765,akiec,bcc,bcc,akiec,bcc,bcc
ISIC_0024511,akiec,nv,nv,nv,nv,akiec
ISIC_0027884,akiec,akiec,akiec,akiec,akiec,akiec
ISIC_0031108,akiec,akiec,akiec,akiec,akiec,akiec
ISIC_0027334,akiec,bcc,bcc,bcc,bcc,bcc
ISIC_0033358,akiec,akiec,akiec,akiec,akiec,akiec
ISIC_0029141,akiec,bkl,akiec,bkl,bkl,bkl
ISIC_0028619,akiec,bkl,bkl,bkl,bkl,akiec
ISIC_0033536,akiec,akiec,akiec,akiec,akiec,akiec
