epoch,backbone_lr,head_lr,backbone_lr_after,head_lr_after,scheduler_lr_reduced
1,3e-05,0.0001,3e-05,0.0001,False
2,3e-05,0.0001,3e-05,0.0001,False
3,3e-05,0.0001,3e-05,0.0001,False
4,3e-05,0.0001,3e-05,0.0001,False
5,3e-05,0.0001,3e-05,0.0001,False
6,3e-05,0.0001,3e-05,0.0001,False
7,3e-05,0.0001,3e-05,0.0001,False
8,3e-05,0.0001,3e-05,0.0001,False
9,3e-05,0.0001,3e-05,0.0001,False
10,3e-05,0.0001,3e-05,0.0001,False
11,3e-05,0.0001,3e-05,0.0001,False
12,3e-05,0.0001,3e-05,0.0001,False
13,3e-05,0.0001,3e-05,0.0001,False
14,3e-05,0.0001,3e-05,0.0001,False
15,3e-05,0.0001,3e-05,0.0001,False
16,3e-05,0.0001,3e-05,0.0001,False
17,3e-05,0.0001,3e-05,0.0001,False
18,3e-05,0.0001,3e-05,0.0001,False
19,3e-05,0.0001,3e-05,0.0001,False
20,3e-05,0.0001,3e-05,0.0001,False
21,3e-05,0.0001,3e-05,0.0001,False
22,3e-05,0.0001,3e-05,0.0001,False
23,3e-05,0.0001,3e-05,0.0001,False
24,3e-05,0.0001,3e-05,0.0001,False
25,3e-05,0.0001,1.5e-05,5e-05,True
26,1.5e-05,5e-05,1.5e-05,5e-05,False
27,1.5e-05,5e-05,1.5e-05,5e-05,False
28,1.5e-05,5e-05,1.5e-05,5e-05,False
29,1.5e-05,5e-05,1.5e-05,5e-05,False
30,1.5e-05,5e-05,1.5e-05,5e-05,False
31,1.5e-05,5e-05,1.5e-05,5e-05,False
32,1.5e-05,5e-05,1.5e-05,5e-05,False
33,1.5e-05,5e-05,1.5e-05,5e-05,False
34,1.5e-05,5e-05,1.5e-05,5e-05,False
35,1.5e-05,5e-05,1.5e-05,5e-05,False
36,1.5e-05,5e-05,1.5e-05,5e-05,False
37,1.5e-05,5e-05,7.5e-06,2.5e-05,True
38,7.5e-06,2.5e-05,7.5e-06,2.5e-05,False
39,7.5e-06,2.5e-05,7.5e-06,2.5e-05,False
40,7.5e-06,2.5e-05,7.5e-06,2.5e-05,False
41,7.5e-06,2.5e-05,3.75e-06,1.25e-05,True
42,3.75e-06,1.25e-05,3.75e-06,1.25e-05,False
43,3.75e-06,1.25e-05,3.75e-06,1.25e-05,False
44,3.75e-06,1.25e-05,3.75e-06,1.25e-05,False
45,3.75e-06,1.25e-05,1.875e-06,6.25e-06,True
46,1.875e-06,6.25e-06,1.875e-06,6.25e-06,False
47,1.875e-06,6.25e-06,1.875e-06,6.25e-06,False
48,1.875e-06,6.25e-06,1.875e-06,6.25e-06,False
49,1.875e-06,6.25e-06,9.375e-07,3.125e-06,True
50,9.375e-07,3.125e-06,9.375e-07,3.125e-06,False
51,9.375e-07,3.125e-06,9.375e-07,3.125e-06,False
