result,class_name,precision,recall,f1,support
S80 exploratory validation,akiec,0.8717948717948718,0.6938775510204082,0.7727272727272727,49
S80 exploratory validation,bcc,0.8809523809523809,0.961038961038961,0.9192546583850931,77
S80 exploratory validation,bkl,0.9090909090909091,0.8484848484848485,0.877742946708464,165
S80 exploratory validation,df,1.0,0.7647058823529411,0.8666666666666667,17
S80 exploratory validation,mel,0.8741721854304636,0.7904191616766467,0.8301886792452831,167
S80 exploratory validation,nv,0.951969260326609,0.9841112214498511,0.9677734375,1007
S80 exploratory validation,vasc,0.9047619047619048,0.9047619047619048,0.9047619047619048,21
S80 post-development test audit,akiec,0.7804878048780488,0.6530612244897959,0.7111111111111111,49
S80 post-development test audit,bcc,0.7666666666666667,0.8846153846153846,0.8214285714285714,78
S80 post-development test audit,bkl,0.8,0.7272727272727273,0.7619047619047619,165
S80 post-development test audit,df,0.7368421052631579,0.8235294117647058,0.7777777777777778,17
S80 post-development test audit,mel,0.7007299270072993,0.5714285714285714,0.6295081967213115,168
S80 post-development test audit,nv,0.9158699808795411,0.9532338308457712,0.9341784495368113,1005
S80 post-development test audit,vasc,1.0,0.9523809523809523,0.975609756097561,21
