path,bytes,sha256,tracked,category,preservation
src/cbam.py,1197,71a5b43378da0e38f294cb81cfc226358083733eadce456797bc8e17adc3758d,True,src,in_place
src/data.py,5977,0881ebaf346bfecea754f4a2fde70bd7d6a13cd1d9ec0afb18bcd36347f4a482,True,src,in_place
src/evaluate.py,1594,716014cf068ec731bac352382f444587be746a5cbcadf847d8cc545a0e07f1f0,True,src,in_place
src/gradcam.py,2483,dd8298a10ba86308a6a4fa0b116d1959ffd3c9ec908588552e31ee19522a9a47,True,src,in_place
src/losses.py,1610,d88113b0ab166e5029467c97b1ed555a11049e28b6b030c861c3fac490f99705,True,src,in_place
src/metrics.py,1009,32b984e147443e4e36c879d274fb9507cbad50c03e1f47c737e525c9bd2dde9f,True,src,in_place
src/models.py,1136,ec646c035b2dc8852587d961f3269dfc5fd6826b81bb6f1b8ba83acedf50bbe0,True,src,in_place
src/train.py,11095,fc399d63d26959db4581462bd44d14a105d03c5277c360650d146f7e3a5718d9,True,src,in_place
src/utils.py,1150,67ed6f9d46e006416cbe6a68c253c8ca5b6e0d8a68b16938fdf580859b1f9511,True,src,in_place
src/__init__.py,51,f2f115e7b7dc14c0d761376460814db7eb5c5a1af64568e5cc5aefc07b17fff3,True,src,in_place
scripts/audit_image_pipeline.py,4678,f68b907640e89276de83796ed1f9bfae41451fa04ee7ec3b97fb4a6b19b36939,True,scripts,in_place
scripts/benchmark_batch.py,1577,f9b773da1fd996658870a47861d4fc6f680e0c6de8238122c51a757141467357,True,scripts,in_place
scripts/cache_phase4_features.py,5879,4fd24844f71a267bb683052bf0254a8ba8be0ca3923d2c1d248d0a28112bf4fd,True,scripts,in_place
scripts/compare_panderm_ensembles.py,3124,0588227cdc3fc4f1c7a5687f0684b6d47c83d88e13d05d2f8776dec30dfa49c8,True,scripts,in_place
scripts/compare_validation_inference.py,4072,bd310e7411427ec5f34a0c9cbc4528e299866d6051bc33ae4e7e95f3d5d02454,True,scripts,in_place
scripts/ensemble_exploratory_multires.py,4249,017086abb1071b591279d60bee7f3de690b3a48b076777fee559cde7e3e9aab9,True,scripts,in_place
scripts/evaluate_phase4.py,11370,ee07ea0660954ad39754d3075be1b05df1d2f9679dbe4470391329d685e758ba,True,scripts,in_place
scripts/mc_dropout_validation.py,10316,7a48375e8b5417208007642cfddfff3e8336f44a86f461b7f2b3148b35c27c3b,True,scripts,in_place
scripts/predict_exploratory_ensemble.py,2180,61d23ee14877bc1aaf69778547373bbb6a1b5700b6f2bad5c8e5ed66db474659,True,scripts,in_place
scripts/predict_panderm_exploratory_tta.py,2979,60b94bc37e23353c767b2dd977dae4f2c3f2ada5b6256ed2dfc973d108d78c9f,True,scripts,in_place
scripts/predict_panderm_strict_ensemble.py,3150,c932c85963c3759b3628f78d98d2b22a56b746482dd064b7892afca56b898758,True,scripts,in_place
scripts/preflight_focal.py,2981,769dcaf351cabfbdd335fbeb0f238464a6023a82a13bf99a8039ed38676bc2bf,True,scripts,in_place
scripts/preflight_oversampling.py,3359,380dc8f18eadae3304db3347a6ce67b952fcd5eb5406ad5e1f7729072f6b53c4,True,scripts,in_place
scripts/prepare_data.py,438,50e6851771a159dde5cedea756ab406d6cd3d8fce485ed131e7c66496cc94ed4,True,scripts,in_place
scripts/prior_correction_validation.py,15975,2c71ecb8cdff7f0d1059c8ba4715b0963caac605394003f38bbf6f4ac082d493,True,scripts,in_place
scripts/probe_exploratory_resolution.py,4974,b4e93797e309e819a8dd1e2b570fcbf10b0ec8e70242d2d8738945e54fdcdb29,True,scripts,in_place
scripts/probe_multimodal.py,16084,2a0c301ae653044c17d82cfca96b559c2913a652a9ec714945293a72e2cdd113,True,scripts,in_place
scripts/probe_panderm_base.py,8096,7fe2dd3dcca83ee7cc7b9a8daa087f3d5b6731f6658ebb937fff1d107d71f13e,True,scripts,in_place
scripts/probe_panderm_heads.py,3847,abb17d37baf7a1306e4c2a63b3030b8decafdfbf703237b5e56ded123732035e,True,scripts,in_place
scripts/probe_panderm_image_level.py,5416,2f46eb5bb6050e2a4f7b2155e79ccc615be7473cb12ec1ca80439b84c6935a0b,True,scripts,in_place
scripts/probe_panderm_image_level_tta.py,5909,b9eb5e5c0e2266f233b12da858be3f724240b3ef8c60d6dd1c67ee1a5f5e10c5,True,scripts,in_place
scripts/probe_panderm_strict_tta.py,4343,180ce27b5e238edad860bc147fc4d83b8428fb82387e7fc7c1f57cf8848a8b74,True,scripts,in_place
scripts/probe_strict_multires.py,4974,e51111598324af7745a7007a9b64801eca1612fda43e83452503ad83691cb226,True,scripts,in_place
scripts/sanity.py,2672,3b68537100e6ca1c987f905fcb6ff65ca00bfbd5d76648a8cbff184f59615e25,True,scripts,in_place
scripts/train_image_level_protocol.py,9689,8cee3070789d5f21c0e102826faa24a7169d85ed0d52f2a6e9bcc8605ab5504e,True,scripts,in_place
scripts/train_panderm_pilot.py,7371,a76a1a770a9c12ec8e860c8d156dd00a5016f64aa4348eca212943fd4f3f21d6,True,scripts,in_place
configs/first_run.json,263,934d1a1b56f0942be1e33cf7bdb336bb45cca64e53631850cccc37661ae7029a,True,configs,in_place
configs/focal_v1.json,689,6b02baacd0e34753d8cda33754216b9497928626e79dd200b25c22e87c2249a0,True,configs,in_place
configs/oversampled_v1.json,271,278d81e0e95610bd2bff0712842eb8287f8eb1e4dcf29b0f35577b4596b0d816,True,configs,in_place
results/experiments.csv,2364,5401da93ef618e57cb3e8d17eaa2c6b86f50f01e9e0fcdf979f46534c2c3aefd,True,results,in_place
results/validation_error_analysis.md,2355,ad2a1e4d927fb56cd723b2309e2785153c35a8f8b56b970d54080e5dff368b7f,True,results,in_place
results/validation_inference_comparison.csv,752,a798cef87359fb3b6a407e667201ca31c4f1ae96a050345acf998e132db34aa1,True,results,in_place
results/exploratory/image_level_strong_aug_b0_cbam_v1_history.csv,2826,a84736f2e60358004992e2d9a9fca3e153a7aa6acd9a3dd969881731825efc37,True,results,in_place
results/exploratory/image_level_strong_aug_b0_cbam_v1_summary.json,3263,6976762379e616745ec22bffae1acb8af433068ccfd37db88f15eab4896c6e7e,True,results,in_place
results/exploratory/image_level_weighted_b0_cbam_v1_history.csv,2835,26bf2fa60adac639ec794b0498c8f8ec6f32b4543a276532418116e49fccf353,True,results,in_place
results/exploratory/image_level_weighted_b0_cbam_v1_summary.json,3232,1967a7bcc5872c5fcb1136c44f5c34cb10fbf7ca7b83dad224c637daa14142a6,True,results,in_place
results/phase4/best_cnn_ml_fusion.json,2157,5b1f2c9b7ec4116d5f3f6e0320ddefae3e48f8d8e36a91293aaaba52f201293a,True,results,in_place
results/phase4/best_ensemble_accuracy.json,2174,cce7f99224e9320165d06898b62a59fc9e6fd3ad248d7ecc786a72b470ecf117,True,results,in_place
results/phase4/best_ensemble_macro_f1.json,2132,8964c8a90b2f932f58f147c4adbfb8cc4f1872b9224efbd8f5b780d97370bfa1,True,results,in_place
results/phase4/best_frozen_classifier.json,2095,e90e637416d4a168d109c2a35d818a276a581b8a2fd2758ec35e21f32f6a4b9d,True,results,in_place
results/phase4/cnn_ml_fusion_validation_results.csv,4396,f584806183657f942e80411a371206614d456dbdc289530a1a149b5aa7a6248a,True,results,in_place
results/phase4/ensemble_validation_results.csv,68631,7fd6390aabe8cd14c3dbf62ed3d1495f266cc6c60d01543cd81952f6f5e6f8c8,True,results,in_place
results/phase4/error_analysis.md,1163,2e95cbee11a3b9abaf143977ded08e634962a91b16afe30030a22f6d5fa91b51,True,results,in_place
results/phase4/frozen_classifier_validation_results.csv,1323,3de73729982641d9b86ee237b45a5126721dba92f5da4fa51d3c824072d5616b,True,results,in_place
results/phase5b_inference_audit/aspect_ratio_diagnostic.json,2030,a2afb0b13d62c5aa569e0ef68a5d6542de9795fc2ce5061a329765d19364eff1,True,results,in_place
results/phase5b_inference_audit/best_confusion_matrix.json,790,83472dda51e8bd8b8add1c55efe5825735acc2f9b00356eb8c2522c44bedf025,True,results,in_place
results/phase5b_inference_audit/inference_conclusion.md,1630,60d361946a61fe3a1a1c94e27ac05e93423ae800f4a47c517ebd82d40c9483b1,True,results,in_place
results/phase5b_inference_audit/mc_10_flip.json,2040,356a35d23f29c04025056e1c8103b44a7ceea55badf73ba31cab0c5926e48e51,True,results,in_place
results/phase5b_inference_audit/mc_10_normal.json,2033,30efc07bd471db80bd84ae26b79b24e1bfd1f39b470ea4ebd848429de23b36bc,True,results,in_place
results/phase5b_inference_audit/mc_20_flip.json,2071,4468e594b583365bd9c684794351cc0e3cc84fdc74dca1ca23f2b555cfb41182,True,results,in_place
results/phase5b_inference_audit/mc_20_normal.json,2057,e28ae72985338e84b2925ada839b844fd1885600351f9d4ad97ff4d4f658a6b9,True,results,in_place
results/phase5b_inference_audit/mc_30_flip.json,2069,0472c8ea82dc7ea7969157ba7c7391710a3ce898e7be892e7f46dc12a959c763,True,results,in_place
results/phase5b_inference_audit/mc_30_normal.json,2029,4270b060cc85e1b9a793d8b5739d1c755f90cbfc6d172d21aa58e68c94334b92,True,results,in_place
results/phase5b_inference_audit/mc_dropout_results.csv,867,a307d211c433b0f6d3bec16dfdc5e77409f74a40fd5334726ccb9401eea14dfb,True,results,in_place
results/phase5b_inference_audit/per_class_comparison.csv,616,23430cbb6698c1b2cf9af54e7f82935d8bce29069d14391d7407e6977dc27d15,True,results,in_place
results/phase5b_inference_audit/preprocessing_audit.md,1570,72df72d48d27201ffa7deaac63a206e11f0b76fba96b8a978989b4cd061db714,True,results,in_place
results/phase5b_inference_audit/summary.json,738,cea92bddc57980e4c796356f9db901e9ca9fb01229d35606587301f4b0b6b74a,True,results,in_place
results/phase5b_inference_audit/train_border_sample.csv,3817,e0ffe082a842ac53ad5a869977a5f2572daac49ed2f95f1af15ca050669e297e,True,results,in_place
results/phase5c_prior_correction/best_accuracy_confusion_matrix.json,783,afa912e688bb1491d7188bf40d1c40287b4ffaa876f4dbdd0bfe387572d591f2,True,results,in_place
results/phase5c_prior_correction/best_macro_f1_confusion_matrix.json,782,de380e80179101ddb4ad8058675b8092e568a3b4f6fd2b941dc54c7a14b2d2dd,True,results,in_place
results/phase5c_prior_correction/best_oversampled_accuracy.json,2460,e58df82017ccad3626e2a867f828be2a534fdb0bb21f64cf62b9945c9e8fd8ec,True,results,in_place
results/phase5c_prior_correction/best_oversampled_macro_f1.json,2460,e58df82017ccad3626e2a867f828be2a534fdb0bb21f64cf62b9945c9e8fd8ec,True,results,in_place
results/phase5c_prior_correction/best_weighted_accuracy.json,2483,2941acc19ceffa92c717b4f15496aae2d608a7c49815f446ecd61cce594cfcb5,True,results,in_place
results/phase5c_prior_correction/best_weighted_macro_f1.json,2472,6bbd827873cf73c2dc6a11734d63da63bbb057ef2bd923a29c12ad7ed0b64131,True,results,in_place
results/phase5c_prior_correction/combination_results.csv,1478,c5d94cf627e3fd78036071c162c28097ff609221fee090e24fd13d80f7a3257d,True,results,in_place
results/phase5c_prior_correction/conclusion.md,1753,4324a248f0ce16aef54863afabd859d852b0748ed385f5fbe1174366e42bd4af,True,results,in_place
results/phase5c_prior_correction/correction_grid.csv,18295,89b8a1eb83cc1352d52a93bb442c39c8b72fa282114565432185ab8f43155ded,True,results,in_place
results/phase5c_prior_correction/per_class_comparison.csv,1501,35d9c3839a8a517a46272df63e85a4fbe85ade16bb4b72206358168ca8820ffc,True,results,in_place
results/phase5c_prior_correction/summary.json,8227,8e78f88d074fac40e7bb3e2cbae7dbd0f324f03d5514860fe18c18173833680b,True,results,in_place
results/phase5c_prior_correction/training_prior_and_weights.json,1123,5a06e41055e0eed1e1cf00c46fbf8cac0ff6e1d54e2acc254249d42996157494,True,results,in_place
results/phase5_multimodal_probe/best_confusion_matrix.json,802,033972fa6854119083f23851aa86b11ae023a0516db13c60ffa046f1d51b1a62,True,results,in_place
results/phase5_multimodal_probe/best_fusion_accuracy.json,2154,971038adeab98f6390b2211f83a316449ecd08723c8b3f5af6316e5c6c8b3777,True,results,in_place
results/phase5_multimodal_probe/best_fusion_macro_f1.json,2152,dddecb6a44024cf3ebe189d532a26ef3c0bd6b58d7fc41043b5f2e8d501f89b6,True,results,in_place
results/phase5_multimodal_probe/best_multimodal_classifier.json,2084,194937aeda47fd8941e5d4496df81542a30e2b63a3e0dd6d0696d53dd34fb27d,True,results,in_place
results/phase5_multimodal_probe/confusion_pair_comparison.csv,122,aa36a360098b8e4a91a88f360db64cf44c7c7a5de30cc0bcf82f5dc6422e2776,True,results,in_place
results/phase5_multimodal_probe/feasibility_conclusion.md,1999,d35f31ffefb71e26c7232558f7e4e6696bf8d54bd447a0c4042f5791eccde15d,True,results,in_place
results/phase5_multimodal_probe/fusion_results.csv,3951,fe85ac29946e965883cdea5b0d211774b598680390e09c48ffc7debd69a60319,True,results,in_place
results/phase5_multimodal_probe/image_embeddings_only.json,2105,f0b26c1dfad6db4d9c7994bd7f25fca3f43e55c12cc6f88bb68a646dabae2184,True,results,in_place
results/phase5_multimodal_probe/image_plus_age.json,2111,64478e8757e01a32cf361e2aa16f44591ab3ff27e71c69c806729afa11984b36,True,results,in_place
results/phase5_multimodal_probe/image_plus_all_metadata.json,2124,d9c67075fe829c4ae60d207f90ad0c2e1a60ee35d82e8421b037a1acb396dbbc,True,results,in_place
results/phase5_multimodal_probe/image_plus_localization.json,2119,63f91a4eb0a5fbae2728b15c057c61d5161f6a36b59f896db38706faccce7a34,True,results,in_place
results/phase5_multimodal_probe/image_plus_sex.json,2085,95dd6e3470250f341865f266d23e41df84644ae7d4f5b5051a154be44398d0e0,True,results,in_place
results/phase5_multimodal_probe/image_scaler_parameters.npz,19461,3a5533d07cf4f6c39021ec9945babfe98244045f227ed4fb1d759e465f0f2f53,True,results,in_place
results/phase5_multimodal_probe/metadata_ablation_results.csv,882,d8849c0c83cd54c0dbf7ef00bbea603de04fa23677cf5aabdd90f515fd65ce5f,True,results,in_place
results/phase5_multimodal_probe/metadata_only_results.json,2072,f16bdcc1465c0d443a143102916874798f9fd5bc34714ba07ef23698309d984a,True,results,in_place
results/phase5_multimodal_probe/mlp_history.csv,455,fe5b4dbb551c794bd1a4a5456724283d48b366dad8f2c9b9bc00ad0b644dd4d5,True,results,in_place
results/phase5_multimodal_probe/multimodal_classifier_results.csv,949,79178521fe331752b78f20cffd50c074223a0feb142aad9614e70c62f0a6491e,True,results,in_place
results/phase5_multimodal_probe/per_class_comparison.csv,425,ad2275aab021b084be8382d5ace332323bfad18904e4ba43d6f2b0d0e270acfd,True,results,in_place
results/phase5_multimodal_probe/preprocessing_config.json,1088,9b82f4ac47dafa4ee68a71ba5f7ecdf27638312a2d035e7a1ab9a28d74454239,True,results,in_place
results/phase5_multimodal_probe/summary.json,4516,e1385c1f08350ae58d8784de7f9874401c47920e2398c45c3cd90e71518353d4,True,results,in_place
results/strict_multires_probe/oversampled_224.json,2050,131af2326b9261916595748e2e4d67db78237b8374f9a2ab435816dae385dc0a,True,results,in_place
results/strict_multires_probe/oversampled_224_384.json,2122,7a8dbd9747d536f212de7880ef6462f7193cce8f28b589b4ccbdb5121cf99688,True,results,in_place
results/strict_multires_probe/protocol.json,365,d7fcfe4a3499106e00f6f8137baaab3c120f352dc864d59b9e46e1647a52d0fc,True,results,in_place
results/strict_multires_probe/summary.csv,626,e88292b89f908cd0720fc5159603d97fa677a6b24c679c387b0c064478867254,True,results,in_place
results/strict_multires_probe/two_models_tta_and_384.json,2169,be8e15d8d420d16a99b9a42df8bffb1fb24f27adfee625b8b63d74ebf6ef840b,True,results,in_place
results/strict_multires_probe/two_models_two_resolutions.json,2224,950f3f5f956726b19ae2a21deab5908edec1dd7bccf0d06309c823954ef6077f,True,results,in_place
results/strict_multires_probe/weighted_224.json,2024,04cb8acf439922c4bd488caf016bd13a1af39e7ab3e70161f7a5cdef0ed40501,True,results,in_place
results/strict_multires_probe/weighted_224_384.json,2100,a9ec5052923098d2c81b5004c36a7e1022e5fe5d096286ce09941dc1a4a9fca7,True,results,in_place
results/validation_inference/efficientnet_b0_cbam_oversampled_v1_horizontal_flip_tta.json,2125,ee4a88a51bcad5c1d418e31c451fae0189393d763e8527fa90856c7809b07827,True,results,in_place
results/validation_inference/efficientnet_b0_cbam_oversampled_v1_normal.json,2107,ea76ed35dc8ba393c47eea5f0d8fd61847a4eda6ad6774d1fb3f3ead97320a24,True,results,in_place
results/validation_inference/efficientnet_b0_cbam_weighted_v1_horizontal_flip_tta.json,2095,c50f920e67d2e095dd75ee9d2768602b0560e27171ed33c2d4e2d9280805e532,True,results,in_place
results/validation_inference/efficientnet_b0_cbam_weighted_v1_normal.json,2081,5ffb4616cb95f374962602659e682058a9a541c08505f80b2f2b0af8374073c5,True,results,in_place
results/runs/efficientnet_b0_cbam_focal_v1/config.json,702,a78530a05af7b25d6537578b17a2edc71e9d614ae8a031cfabbc2390994203cf,False,results,in_place
results/runs/efficientnet_b0_cbam_focal_v1/history.csv,2856,9e18cd2d30474bdcdf79cf19824ab1ccd236e7344845df902d3db182780f95f4,False,results,in_place
results/runs/efficientnet_b0_cbam_focal_v1/pid.txt,7,3768ef09b11d53ebd83e6e02d14ecff6dff5143b5ba430cd95cff03437e832e8,False,results,in_place
results/runs/efficientnet_b0_cbam_focal_v1/train.err.log,0,e3b0c44298fc1c149afbf4c8996fb92427ae41e4649b934ca495991b7852b855,False,results,in_place
results/runs/efficientnet_b0_cbam_focal_v1/train.log,2726,efe355daddf7812025e559806d746f014e42960346411e51c90e52dbbf91c7ef,False,results,in_place
results/runs/efficientnet_b0_cbam_focal_v1/validation_metrics.json,1969,30b296646eacd9ee501966c5ced620292737c41cf220788a03cb66cb1602af30,False,results,in_place
results/runs/efficientnet_b0_cbam_oversampled_v1/config.json,280,3c5ab97072a39a5103356840a14acd438c9d881ab6f5dcaa3d17deb38c86b67f,False,results,in_place
results/runs/efficientnet_b0_cbam_oversampled_v1/history.csv,2850,82d6ba6125e4a43f82c874038070640bc58debb9e12a24ccd45d80d3d54d120a,False,results,in_place
results/runs/efficientnet_b0_cbam_oversampled_v1/pid.txt,7,c44c01e75fbb779f3e7cfc4a16d7cb9601302de357de4d139c7343cd7c408227,False,results,in_place
results/runs/efficientnet_b0_cbam_oversampled_v1/train.err.log,0,e3b0c44298fc1c149afbf4c8996fb92427ae41e4649b934ca495991b7852b855,False,results,in_place
results/runs/efficientnet_b0_cbam_oversampled_v1/train.log,2605,d5f911a1a0386a891759cea7d1e47f6a96a355902f32514a134f84d17fcf7f29,False,results,in_place
results/runs/efficientnet_b0_cbam_oversampled_v1/validation_metrics.json,2006,84d67c7c16813389b30eb3b971861040f1965c67be2f78b7ba3e90850adb0de3,False,results,in_place
results/runs/efficientnet_b0_cbam_weighted_v1/config.json,272,b3220c9213f9ea1314005c4409bfc2d48bad9b27e4c77a13ca70616866a4454e,False,results,in_place
results/runs/efficientnet_b0_cbam_weighted_v1/history.csv,2829,8cd0a123e852a095d7265265b61b450dc09774b3a43cb262077b841e8ec2675a,False,results,in_place
results/runs/efficientnet_b0_cbam_weighted_v1/pid.txt,7,48d08298e33884b0cd000ca53d0e4a294a941f1356d5164956c97b876456ea08,False,results,in_place
results/runs/efficientnet_b0_cbam_weighted_v1/train.err.log,750,d29cf34ed84abfc1e67db84d730f3235df488fc2395805c278aef35be0a0a2a8,False,results,in_place
results/runs/efficientnet_b0_cbam_weighted_v1/train.log,2560,92b9efa74dff1cadcdee645f4483e362fe0c44aa647b916d87d7bbc7b5aecd47,False,results,in_place
results/runs/efficientnet_b0_cbam_weighted_v1/validation_metrics.json,1984,4fd38a9daa348396ee42f9c9b738edec3016b7689fa2a48604fb9883bf7611ea,False,results,in_place
results/exploratory/multires_ensemble/base224.json,2038,0ca24253363335348ede05785bd2a820fc65c1b78262dc20e816f3e56e742bb7,True,results,in_place
results/exploratory/multires_ensemble/base224_base384.json,2057,f23f8cfc70f9a111c80b80c5b527eb82546b6c70ae6ddd002c3c34101cc0fbc7,True,results,in_place
results/exploratory/multires_ensemble/base224_strong224.json,2045,f8fb037bf13d44deda84f50c97be2b6d8aa172ebff07d2be32f6461dd303fb9d,True,results,in_place
results/exploratory/multires_ensemble/four_equal.json,2080,e66e99ece551f14e149be12b8e8c719b7e72ff32172f131226604d3368cd4858,True,results,in_place
results/exploratory/multires_ensemble/protocol.json,243,c6b91e90fb454ab908d86cba57496f0b2ed5871ce365cc7a9e7f2f11b97e35cc,True,results,in_place
results/exploratory/multires_ensemble/six_equal.json,2229,1c817487ec7ed167449a3f912612b4a822d51b433e0343bb1a271be08c3a9ed5,True,results,in_place
results/exploratory/multires_ensemble/subgroup_audit.json,6552,e88630471b77236bd69cf564733738465bea041ea07ad313bb37245fd0dba0f4,True,results,in_place
results/exploratory/multires_ensemble/summary.csv,589,d7eaf5491d4bf94c6dbaaa0bd37b32b261e582a46543510052b913634d5e803d,True,results,in_place
results/exploratory/multires_ensemble/three_equal.json,2093,4d7e08274493cbda9257afe0ce2fe2a1e338e22a5185bd1bc69ad447aacfd03b,True,results,in_place
results/exploratory/panderm_base_image_level_tta_v1/b0_four_control.json,1967,a475df3a558a8e3024a93eb0cf08e2b74e72d87d0adcbb66a46be2f90471ec3f,True,results,in_place
results/exploratory/panderm_base_image_level_tta_v1/b0_four_plus_four_svc_views_eight_equal.json,1942,1934be7ba504ad2992f32df939e802f4cdb400b5432b412b5f340d06d0c0ac00,True,results,in_place
results/exploratory/panderm_base_image_level_tta_v1/b0_four_plus_svc_tta_five_equal.json,1961,6cb8502c23e855eebee5c52b7d2f77a666de4cf82b7f3b7c2207ef52f970bd87,True,results,in_place
results/exploratory/panderm_base_image_level_tta_v1/b0_four_plus_svc_tta_plus_linear_normal_six_equal.json,1979,0fb0f4b113cc3c91a5d2c9aa79823e4319c9bd76dcae1931fb47394f89de8f7c,True,results,in_place
results/exploratory/panderm_base_image_level_tta_v1/b0_four_plus_svc_tta_plus_linear_tta_six_equal.json,1976,e860e43b0e4549626a64cf920506b70169c37a99aedd02287bd9efde99185cc1,True,results,in_place
results/exploratory/panderm_base_image_level_tta_v1/panderm_svc_tta4.json,1955,525d8a03029cbf02ea1fc2df2765168b8cdbf3b06a6d89b0d4734b1c810d5d3b,True,results,in_place
results/exploratory/panderm_base_image_level_tta_v1/protocol.json,318,6fd4108ecb2e375e068c32a1c57925c2edbbd893daeb21a5250feb0571dd818d,True,results,in_place
results/exploratory/panderm_base_image_level_tta_v1/summary.csv,459,8b1494c20a33ffb3e674d103ca99f77291e54aba7fd4a2b8fe112b77d471eba6,True,results,in_place
results/exploratory/panderm_base_image_level_v1/b0_four_control.json,1967,a475df3a558a8e3024a93eb0cf08e2b74e72d87d0adcbb66a46be2f90471ec3f,True,results,in_place
results/exploratory/panderm_base_image_level_v1/b0_four_plus_panderm_linear_five_equal.json,1963,838b4724f297a1fa7319f5e31c00e3f0390dd7e83e34bd8916ec55c0ddc5edbf,True,results,in_place
results/exploratory/panderm_base_image_level_v1/b0_four_plus_panderm_svc_five_equal.json,1957,38373ac67f2eb73f63ca21e40c86099d1043f53bcd7e5d8b071769abbb759cb5,True,results,in_place
results/exploratory/panderm_base_image_level_v1/b0_four_plus_two_panderm_six_equal.json,1979,3a1402ae3822f5a585fb1cd035cb452160b0838f347d663735eae1ae9c790d72,True,results,in_place
results/exploratory/panderm_base_image_level_v1/panderm_linear.json,1952,42dd996dca19980986ed42e160ce187fdd6fc16e060b48aaea42f9f4e5857bf9,True,results,in_place
results/exploratory/panderm_base_image_level_v1/panderm_rbf_svc.json,1979,03c1bb41d83444f57165be0dced5ce20c6a008f71b53c9dbb29b16fb0ce320d2,True,results,in_place
results/exploratory/panderm_base_image_level_v1/protocol.json,477,a7b406b78308f9ac20f85b0f53386af4877c24c53895c6ace3ded96e7dccb492,True,results,in_place
results/exploratory/panderm_base_image_level_v1/summary.csv,416,b247180086cb4399bd7a0f003beda6c6dcda2b3e1389c54dd335e74d9665674f,True,results,in_place
results/exploratory/runs/image_level_strong_aug_b0_cbam_v1/config.json,980,6308e9e6ffca43f8b5314acfc921c57096047c3bcec969f0e65c808354d18951,False,results,in_place
results/exploratory/runs/image_level_strong_aug_b0_cbam_v1/history.csv,2826,a84736f2e60358004992e2d9a9fca3e153a7aa6acd9a3dd969881731825efc37,False,results,in_place
results/exploratory/runs/image_level_strong_aug_b0_cbam_v1/training.log,2323,5ad655228663e4918157cd7488b3bccc9f403dd6a2da120fdb89aa2e49f73c17,False,results,in_place
results/exploratory/runs/image_level_strong_aug_b0_cbam_v1/training_error.log,0,e3b0c44298fc1c149afbf4c8996fb92427ae41e4649b934ca495991b7852b855,False,results,in_place
results/exploratory/runs/image_level_strong_aug_b0_cbam_v1/validation_metrics.json,2026,715f395a57ea66f53ffc4c4a457792b753615f86ec8c0a484a5b4c6de11e595a,False,results,in_place
results/exploratory/runs/image_level_weighted_b0_cbam_v1/config.json,951,40c8120f903c7ed8674205b48ce35e44c57e8f1e60533bf39ce718a5b7e7dc9a,False,results,in_place
results/exploratory/runs/image_level_weighted_b0_cbam_v1/history.csv,2835,26bf2fa60adac639ec794b0498c8f8ec6f32b4543a276532418116e49fccf353,False,results,in_place
results/exploratory/runs/image_level_weighted_b0_cbam_v1/training.log,2323,b06a787991ea55d92c279ec5c2cc44306db77c621aabcc48146b35fb4c16ad73,False,results,in_place
results/exploratory/runs/image_level_weighted_b0_cbam_v1/training_error.log,0,e3b0c44298fc1c149afbf4c8996fb92427ae41e4649b934ca495991b7852b855,False,results,in_place
results/exploratory/runs/image_level_weighted_b0_cbam_v1/validation_metrics.json,2027,43b50f9143a86527edee2040d5d3749cca9625ecbd1df5a8bfd87ac57c4ca7a7,False,results,in_place
results/exploratory/resolution_probe/image_level_strong_aug_b0_cbam_v1/frozen_224.json,1995,4dc37d16de2f26b105e476757b221b597dcedda1df39db53ddafa505b4de9975,True,results,in_place
results/exploratory/resolution_probe/image_level_strong_aug_b0_cbam_v1/frozen_224_384_equal_average.json,2011,0688d4dd701b186c00d60f64073b699d628f33fe33d8d3d92dcbc2d1317fc154,True,results,in_place
results/exploratory/resolution_probe/image_level_strong_aug_b0_cbam_v1/frozen_320.json,1997,062615fc1ade985c6a1dadf0f00ebb0e94c4a7abdde4161150699bcc85043177,True,results,in_place
results/exploratory/resolution_probe/image_level_strong_aug_b0_cbam_v1/frozen_384.json,2000,ae6abf90a07d3997b43c484d6e9783702e74cd9f9e60e2d9609608023319ce13,True,results,in_place
results/exploratory/resolution_probe/image_level_strong_aug_b0_cbam_v1/protocol.json,344,ab04dccd4d4aa1d1bee75e467552f32286254b48e4d704904f90b3ef243747fe,True,results,in_place
results/exploratory/resolution_probe/image_level_strong_aug_b0_cbam_v1/summary.csv,423,030a1c77a70c88edaddf517b3493fa22a5205488bd4e962005170494ac14a36b,True,results,in_place
results/exploratory/resolution_probe/image_level_weighted_b0_cbam_v1/frozen_224.json,1996,ae22600bafac6f4e05f85f30785410e40b78c0209d9b68a5b1e32e9c7a1236a2,True,results,in_place
results/exploratory/resolution_probe/image_level_weighted_b0_cbam_v1/frozen_224_384_equal_average.json,1994,65ac94437edd290c947a2637d06a87ee703c520acf387b55eb3fbb886adb31c2,True,results,in_place
results/exploratory/resolution_probe/image_level_weighted_b0_cbam_v1/frozen_320.json,2000,fcee334cc35ef5a41891472034e1048af4890c8f497dd69a89f4895d4521e24b,True,results,in_place
results/exploratory/resolution_probe/image_level_weighted_b0_cbam_v1/frozen_384.json,1984,790187873f9f969c5ccc1219366d61d43ebc8c17a34a72a6025ddd228ecf2843,True,results,in_place
results/exploratory/resolution_probe/image_level_weighted_b0_cbam_v1/protocol.json,342,99b1e74e44d9e3f6de9dceec936bf65c0fe6cf8e5a0f281a18376229099e5e29,True,results,in_place
results/exploratory/resolution_probe/image_level_weighted_b0_cbam_v1/summary.csv,424,1d7d127e99926e274210a9677b6c4198f28df9f3a71e23d7a8256f48d85bc224,True,results,in_place
results/accuracy_exploration/panderm_base_last2_pilot_v1/best_validation_metrics.json,1994,eb71f148cbfce9b65cd32955380271302f28903c11860d81d33a6d6e2d781d6e,True,results,in_place
results/accuracy_exploration/panderm_base_last2_pilot_v1/history.csv,216,ac72662b1b03e9766897849ec22e7775db92e12b963dac167ce8c79c4ed84df2,True,results,in_place
results/accuracy_exploration/panderm_base_last2_pilot_v1/protocol.json,592,3d87b23e436b7c5248ce41fda22f9e53b9769b8c8ffb9233c226d786f37fc5c9,True,results,in_place
results/accuracy_exploration/panderm_base_strict_ensembles_v1/four_equal.json,1929,e4010e3dc71b91c401ce3f31c3445e1ca36e4ca9ee99d1d4600cd7434aec55e3,True,results,in_place
results/accuracy_exploration/panderm_base_strict_ensembles_v1/linear_weighted_oversampled_equal.json,1984,669d73d84088ffffb6cdd4bc939267ec29cccd1bf27bde1a7805d6efb47c32ee,True,results,in_place
results/accuracy_exploration/panderm_base_strict_ensembles_v1/pilot_svm_weighted_oversampled_equal.json,1978,f084388250c34c8eef10bfd3b55ebf2acf687006c116f99023bb102199497f3f,True,results,in_place
results/accuracy_exploration/panderm_base_strict_ensembles_v1/pilot_weighted_equal.json,1984,98406d565fca5913988e2b3cc04897c0d76c399bb448339ebe899decf063b8d7,True,results,in_place
results/accuracy_exploration/panderm_base_strict_ensembles_v1/pilot_weighted_oversampled_equal.json,1984,fc156b39f4000af990e1cba69692a3d9750314f6f42131b9750a9b832d40d463,True,results,in_place
results/accuracy_exploration/panderm_base_strict_ensembles_v1/protocol.json,216,db53f55bc540ae73e249b1afb3769a537b67eeee8c6f247732c8e1dd7dbac79a,True,results,in_place
results/accuracy_exploration/panderm_base_strict_ensembles_v1/summary.csv,546,2d8ad4bb42d814abd36eec1383b03a0cd1ed29b10efa01affacd94f1534bfb63,True,results,in_place
results/accuracy_exploration/panderm_base_strict_ensembles_v1/svm_weighted_equal.json,1995,b783e8d7ce4f292495b9b8c851d209a4f4b57b2ee1f8f808511ccdc034be34a2,True,results,in_place
results/accuracy_exploration/panderm_base_strict_ensembles_v1/svm_weighted_oversampled_equal.json,1972,a8476b2311030ba1e721f20e45caa8deb60022d85606e505ba922e003d982a10,True,results,in_place
results/accuracy_exploration/panderm_base_strict_ensembles_v1/svm_weighted_tta_equal.json,1952,846752ef1f17eb6fce20cab1400f8be57b8e6eb1656bde56cce06b7a5612c1f6,True,results,in_place
results/accuracy_exploration/panderm_base_strict_heads_v1/standardized_logreg_c1.json,1949,781d5e12a8f50e4a2947e9fc6a234c0b2bd790336bc082172278fdb11a6c6e1c,True,results,in_place
results/accuracy_exploration/panderm_base_strict_heads_v1/standardized_logreg_c1_plus_oversampled_b0_equal.json,1968,893385bf2ee67d60afd830458f2ec7884aa06dce948a8c004f5cb39f77de4c6d,True,results,in_place
results/accuracy_exploration/panderm_base_strict_heads_v1/standardized_logreg_c1_plus_weighted_b0_equal.json,1937,98b6296a842a25de925d5f14d7afe19749914deff0943eed812b65477e4cc449,True,results,in_place
results/accuracy_exploration/panderm_base_strict_heads_v1/standardized_logreg_c1_protocol.json,318,a42828de64d0e82d2ac73c6d6d68926cf738216d7631dbe9c81c09e312b3bf01,True,results,in_place
results/accuracy_exploration/panderm_base_strict_heads_v1/standardized_rbf_svc_c10.json,1967,965339945a5c7ba586f8a22ba47b5f0b9dd6b3b4aefdcd43b900364b5dfcf47f,True,results,in_place
results/accuracy_exploration/panderm_base_strict_heads_v1/standardized_rbf_svc_c10_plus_oversampled_b0_equal.json,1994,80209e752d1b3f03c1a5139d1bef6b4e37c602254e32cfe1ed3d15ad41e1f77e,True,results,in_place
results/accuracy_exploration/panderm_base_strict_heads_v1/standardized_rbf_svc_c10_plus_weighted_b0_equal.json,1995,b783e8d7ce4f292495b9b8c851d209a4f4b57b2ee1f8f808511ccdc034be34a2,True,results,in_place
results/accuracy_exploration/panderm_base_strict_heads_v1/standardized_rbf_svc_c10_protocol.json,319,b5fd21694b079ca9a3e02a59f04fc4fb6f8bb6ad87c48a02406b569dc132cef7,True,results,in_place
results/accuracy_exploration/panderm_base_strict_lp_v1/panderm_linear.json,1971,fd8f448ddcb004da8e9e182bac98649fdc2bd859c5115519e8a7a2aa2adcfb10,True,results,in_place
results/accuracy_exploration/panderm_base_strict_lp_v1/panderm_plus_oversampled_b0_equal.json,1976,c173ce7f4c356507093abacae229aa8ad04d141a8bd6f8af6212a64f4b4714b4,True,results,in_place
results/accuracy_exploration/panderm_base_strict_lp_v1/panderm_plus_weighted_b0_equal.json,1959,0446a36575628b0b2fbc2311e9a15882708e6b4718efb001e9144fdb4bcf7e15,True,results,in_place
results/accuracy_exploration/panderm_base_strict_lp_v1/protocol.json,784,4dc4478dbf05780e1ccd59b9164fb6d9236b3d0f91b983dcdf6b6104571750f8,True,results,in_place
results/accuracy_exploration/panderm_base_strict_tta_v1/prior_four_control.json,1978,f084388250c34c8eef10bfd3b55ebf2acf687006c116f99023bb102199497f3f,True,results,in_place
results/accuracy_exploration/panderm_base_strict_tta_v1/prior_four_with_svc_tta_equal.json,1980,444270791467aea3223087d2d172d63df6beaffd45cd5104763018fc23ab04a8,True,results,in_place
results/accuracy_exploration/panderm_base_strict_tta_v1/protocol.json,208,1f895888a3c4f0388623b9053e5d56dfa1875f00e61aaca02ce83575ea0bf86b,True,results,in_place
results/accuracy_exploration/panderm_base_strict_tta_v1/summary.csv,421,6e3364da2197ccfdd7ae2853f2d67ed85ab80712faaf51775045c3e0b16ecfe0,True,results,in_place
results/accuracy_exploration/panderm_base_strict_tta_v1/svc_tta4.json,1953,0de1b712ab3bd2af30eabecbdc26379e6766ae9ecb86facb5dc6fd798005a17b,True,results,in_place
results/accuracy_exploration/panderm_base_strict_tta_v1/two_b0_plus_four_svc_views_six_equal.json,1967,874b75af821387af00d7ed6a0697a6f3ae7b3a9bc18bf3ae2cf31104de687857,True,results,in_place
results/accuracy_exploration/panderm_base_strict_tta_v1/two_b0_plus_svc_tta_three_equal.json,1982,a28c4ca85c45c78ecc1fcab65b70924a69bd21685100d91cabc2a76ccd119045,True,results,in_place
results/accuracy_exploration/panderm_base_strict_tta_v1/weighted_b0_plus_svc_tta_two_equal.json,1966,cbf3372623e408dc7690802be56f71af70686857d5980a08c3d9bb9610b4acf4,True,results,in_place
checkpoints/efficientnet_b0_cbam_focal_v1/best.pt,59746172,347ded21383e2f4c3db904c36644031f53d87d930811cfbe882f189bda29f152,False,checkpoints,in_place
checkpoints/efficientnet_b0_cbam_focal_v1/latest.pt,59748798,c822eef08cd50073b908cb39af43e193f784ca486ed781aa74d1537179b4a782,False,checkpoints,in_place
checkpoints/efficientnet_b0_cbam_oversampled_v1/best.pt,59745724,6dfae31d248152d66058a26cdcbc02c9cedc6210330c4438e642cdc86f2b2907,False,checkpoints,in_place
checkpoints/efficientnet_b0_cbam_oversampled_v1/latest.pt,59748350,7a40e104abd2ab8a06d1c10e1c4303ce8bf807dfa1ff6ef3f1431962cd4071fd,False,checkpoints,in_place
checkpoints/efficientnet_b0_cbam_weighted_v1/best.pt,59745724,4b6a2b25a2979bfda3b8a40bf86b0d04724937a0607761f786e82ec8a1780bac,False,checkpoints,in_place
checkpoints/efficientnet_b0_cbam_weighted_v1/latest.pt,59748350,061ce539fa3d39cb1963be0f14636c0963abf497f4a4958a725bf9734c69842f,False,checkpoints,in_place
checkpoints/exploratory/image_level_strong_aug_b0_cbam_v1/best.pt,59732734,5863a4756e07454966bf0c6ca406d9b55b88f25a81ad375744d598addb388bed,False,checkpoints,in_place
checkpoints/exploratory/image_level_strong_aug_b0_cbam_v1/latest.pt,59735356,6bae431f6fc6dfaf108dfbe01eb3147a030866ad859b333e6d7cf739fd675534,False,checkpoints,in_place
checkpoints/exploratory/image_level_weighted_b0_cbam_v1/best.pt,59732734,14c1b88e56d6fc5c59c94edd377d042b9869caed1a634639906e0fcd3f1c9bac,False,checkpoints,in_place
checkpoints/exploratory/image_level_weighted_b0_cbam_v1/latest.pt,59735356,a612c646ec433c6ab1269bb697266a3b2f73b8428db9b97241c3a1c8bb07c72e,False,checkpoints,in_place
checkpoints/exploratory/panderm_base_image_level_v1/panderm_linear.joblib,41397,9c3b3778aebfa5094845173ff44ef9bfebe285ee25bdc42867d09b74d7009755,False,checkpoints,in_place
checkpoints/exploratory/panderm_base_image_level_v1/panderm_rbf_svc.joblib,24704013,aa6534174c97de66ad50a58a7f001744c6c98f5c6993721798a43372da53fd0c,False,checkpoints,in_place
checkpoints/accuracy_exploration/panderm_base_last2_pilot_v1/best.pt,456822203,ce3fabe71e5c9b5a13c87f5231d055474529d3855ab39266eecc0123bb5f1449,False,checkpoints,in_place
checkpoints/accuracy_exploration/panderm_base_last2_pilot_v1/latest.pt,456823371,42f1a1bbfcb26e15ede5c4d63643370a0b45ea5195c3b5de992330a86f7f5b14,False,checkpoints,in_place
checkpoints/accuracy_exploration/panderm_base_strict_heads_v1/standardized_logreg_c1.joblib,41397,906fe4a832f238fa42dc6fadd69f85b8811830d4764a7a3477eacc49e57bec51,False,checkpoints,in_place
checkpoints/accuracy_exploration/panderm_base_strict_heads_v1/standardized_rbf_svc_c10.joblib,24591629,de4cf4077d6d34dd83bf42c3f98678fe061ce504e56e8104e3d620eb3fa3bf88,False,checkpoints,in_place
checkpoints/accuracy_exploration/panderm_base_strict_lp_v1/head.joblib,22451,fe69b8ee05dd3fe1472a28c77673d012c829d15c35cef193bb868444c88dccf6,False,checkpoints,in_place
docs/accuracy_exploration_research.md,15558,494ede43bc870fd8b898bbd8ca91fa8246f4c5f4b4c34cb6d9cfce5234752645,True,docs,in_place
docs/accuracy_leaderboard.md,2049,59f5857726bee9cb8a36bdfc9967a23f1f3a9d5935b3e28bb6056c09b65a75c5,True,docs,in_place
docs/base_paper_protocol_audit.md,2252,5ddcba635914b69a2c3a95319b524c17e732ef99f6de631b50499a571a3ae58d,True,docs,in_place
docs/experiment_snapshot_pre_accuracy_exploration.md,8688,2823d84259bee3983ac342f23f90ec07c005976a8a3c20bd0d57cab1ac8cbc26,True,docs,in_place
docs/high_accuracy_claims_audit.md,8068,999486d665d7e4ab44d4db6178f7dc38183302821ed695157c857ae75d2dc08e,True,docs,in_place
docs/panderm_image_level_followup.md,2991,b72f5c7caa34f332994d65a3cb67d7c6c58f784b0621b8d8f505a2f4557f136f,True,docs,in_place
docs/panderm_probe.md,4644,2caa8a49906208fa2aed5b9dc653f45bec9b41bd0d0b11c797d275b568459478,True,docs,in_place
docs/private_reference/JOIG-V14N4-551.pdf,3163283,82f23ca568ba7003bcc90380a26a6765930d21766562d5cfccac714d37f09a37,False,docs,in_place
docs/private_reference/Literature Review.pdf,9264034,a9c3a26e1a42d239266c8c67017a5af0248b7207a3dc6aa0b9976c5f9e3f80f9,False,docs,in_place
docs/private_reference/Literature_Review_Classification.pdf,41670,a47eddd8c7530238a62ddb62db728914ef0bbbc2b7eacde80d5b323ead97d050,False,docs,in_place
reports/Progress_Report_Updated_Content.docx,46465,841283494b148a42c0568cadc94879ecf206777dfdd000ba7ca605d9256e9ef4,True,reports,in_place
reports/Progress_Report_Updated_Content.pdf,93283,d1619d85d652ccfa54fa20bd094b012347b0f5e679a017dc166858e4c8a086b1,True,reports,in_place
reports/Project_Draft_Report_Revised.docx,53692,f1ca945aa350ddbae19f732b32c0a11f5d79b86d8724ad7dd7b30debbc898ba4,True,reports,in_place
reports/Project_Draft_Report_Revised.pdf,409447,b58cb242b6aae991ada310454424d2c46ef87a288124678fa035a70188ab3d14,True,reports,in_place
reports/Team_Layman_Project_Guide_Revised.docx,52153,25ea7aa913bea961e39276900aa81f286dc9d5978768b7a9904bae36e8ae99a1,True,reports,in_place
reports/Team_Layman_Project_Guide_Revised.pdf,395409,493e8c43405f1f5b30b64b1e6ee07ac163f511dffe52e245be210dbd81ca2e6c,True,reports,in_place
data/splits/label_mapping.json,95,5a034b7dc0c6f44543f558aa589b8e1cba12a05b71a18ff0e2d2029a2ad2e66c,True,data/splits,in_place
data/splits/split_assignments.csv,370079,db1ce9f8b83f176001dd89fd332fb1668c7d2ba5f58d77157d293a09e2c2e696,True,data/splits,in_place
data/splits/exploratory/image_level_dev_v1.csv,370079,75ebfcb011d8822e372283218dbb95a89b3e3d3e9323c83519004e2da1790fbb,True,data/splits,in_place
notebooks/legacy/SkinLesion_Classification_Research.ipynb,1772681,9ff7b1948dccdddf1247738aef11a607abec835eac4d4b222a306d8fdc9adc42,False,notebooks/legacy,in_place
