image_id,true_class,predicted_class,p_akiec,p_bcc,p_bkl,p_df,p_mel,p_nv,p_vasc
ISIC_0057086,bcc,akiec,0.732384204864502,0.2670013904571533,0.0003478681610431522,4.510538565227762e-05,3.993395876022987e-05,0.00018154983990825713,1.617459410852007e-08
ISIC_0060295,nv,mel,3.115451896462673e-09,4.574342165142298e-05,0.0012125609209761024,6.587642565136775e-05,0.5978735089302063,0.4005582928657532,0.00024409593606833369
ISIC_0072932,akiec,bcc,0.007774589583277702,0.9549835324287415,0.01488308236002922,0.00015239707136061043,0.020992925390601158,0.0011999013368040323,1.3387053513724823e-05
ISIC_0065684,bcc,akiec,0.6418641805648804,0.2972273826599121,0.04430581256747246,0.0124048525467515,0.002205644501373172,0.0019520670175552368,4.001450724899769e-05
ISIC_0059353,mel,nv,7.586509127577301e-07,0.005750053562223911,0.1273840218782425,7.744827890121542e-09,0.12354004383087158,0.7433242797851562,7.545115749962861e-07
ISIC_0055409,bcc,bcc,0.002542352071031928,0.9208118319511414,0.0015890260692685843,0.06828934699296951,0.004460422322154045,0.0014544895384460688,0.0008524900767952204
ISIC_0062046,nv,nv,1.7960076093004318e-08,2.009836741478921e-09,0.0037439714651554823,5.8378136600367725e-06,0.0035633286461234093,0.99268639087677,4.457499755972094e-07
ISIC_0073077,nv,nv,0.02060461789369583,0.20114324986934662,0.009631222113966942,0.0002788310230243951,0.12213893979787827,0.6450846791267395,0.0011185361072421074
ISIC_0059775,bcc,akiec,0.7734009027481079,0.08625294268131256,0.007842250168323517,0.01196700893342495,0.07979248464107513,0.034266699105501175,0.006477703340351582
ISIC_0069555,bcc,bcc,2.2347570904912573e-07,0.9999501705169678,2.3183474695542827e-05,7.284426715159498e-07,2.22693633986637e-05,2.6076338599523297e-06,7.805999189258728e-07
ISIC_0069010,bkl,bkl,0.00045921208220534027,0.00019784878531936556,0.7857612371444702,2.8364796889945865e-05,0.14390553534030914,0.06964755058288574,1.7226953730187233e-07
ISIC_0070132,nv,bcc,0.0023530139587819576,0.7928661108016968,0.03716094419360161,0.0033091946970671415,0.11287280917167664,0.05143527686595917,2.6013713068095967e-06
ISIC_0054528,mel,bcc,0.0004733320965897292,0.3784579336643219,0.1390405297279358,4.592250135715403e-09,0.22698546946048737,0.2549497187137604,9.29553498281166e-05
ISIC_0070088,bcc,bkl,0.033926256000995636,0.10877636820077896,0.8444193005561829,1.3718088887060276e-09,0.00024088688951451331,0.012636859901249409,2.8643816563089786e-07
ISIC_0059879,mel,nv,0.0011348110856488347,0.012170218862593174,0.004501079674810171,3.393009592400631e-06,0.008996747434139252,0.9712472558021545,0.0019465073710307479
ISIC_0070086,bcc,bkl,0.35210803151130676,0.05627654865384102,0.36012670397758484,7.25007412256673e-05,0.003958667162805796,0.21085409820079803,0.016603417694568634
ISIC_0065129,bcc,bcc,1.6796048996070567e-08,0.9982605576515198,1.3575284356193151e-05,4.22971851321563e-07,0.0008602440939284861,0.0006499745650216937,0.00021519242727663368
ISIC_0067940,bcc,bcc,3.6503756462025194e-08,0.9997406601905823,1.692746445769444e-05,2.3640508572952967e-07,0.00022729166084900498,1.4899351299391128e-05,2.2366558605213527e-10
ISIC_0059707,mel,mel,0.1745651513338089,1.4871756320644636e-05,0.3652559518814087,0.07561749219894409,0.36791282892227173,0.01658453978598118,4.922691368847154e-05
ISIC_0061473,bcc,bcc,0.022194037213921547,0.9744500517845154,0.002956707961857319,3.8194393425783346e-08,1.639217407500837e-05,0.00038275637780316174,4.857650726108886e-09
ISIC_0067327,nv,nv,6.209565839299103e-08,3.325769284856506e-05,0.011863719671964645,5.841820538421416e-08,0.116976797580719,0.871126115322113,1.2763258006032174e-08
ISIC_0071637,bcc,bkl,0.017578113824129105,0.07121777534484863,0.8826006054878235,3.1348296033684164e-05,0.02180097997188568,0.0067710718140006065,2.6023529997587502e-08
ISIC_0068415,bcc,bcc,2.8496440791059285e-05,0.9999229907989502,2.0325942386989482e-05,1.0926459026450175e-06,1.7785774616640992e-05,9.2294621936162e-06,1.0405432249172009e-07
ISIC_0054220,mel,mel,0.00039789313450455666,0.0010763296158984303,0.001050938037224114,1.0412053086383821e-07,0.9972496628761292,0.00022491160780191422,1.6300344896080787e-07
ISIC_0068151,nv,nv,2.6409688871353865e-06,0.00014422350795939565,0.03537158668041229,8.971402394308825e-07,0.006731357425451279,0.9576120972633362,0.00013726213364861906
ISIC_0068319,nv,nv,5.0194477047016406e-11,1.0796504749249758e-12,7.095322416716954e-06,8.500544157463708e-10,0.052667852491140366,0.9473250508308411,7.722756878436599e-10
ISIC_0068061,nv,nv,1.040264430152149e-09,1.5232629948513932e-06,0.002882341155782342,6.560935539889778e-19,0.023884113878011703,0.9732320308685303,3.104836537610317e-14
ISIC_0071468,nv,nv,3.2926783521958214e-10,2.5781005774661025e-07,1.1897971035068622e-06,8.628244785313655e-08,0.0004535445768851787,0.9995449185371399,1.1218447698579936e-10
ISIC_0070775,bkl,bkl,5.390164005802944e-06,1.4505919132545841e-08,0.9999626874923706,2.7438004667791616e-13,9.190587206830969e-07,3.100015237578191e-05,2.05610486969654e-10
ISIC_0069189,nv,nv,0.2001674771308899,1.114340284402715e-05,0.0026549824979156256,5.929554390604608e-06,0.13455291092395782,0.6626076102256775,2.4553161587226313e-11
ISIC_0068596,bkl,nv,0.4609561860561371,1.694492084425292e-07,1.2269810213183518e-05,1.5557930964860134e-05,0.005364042241126299,0.5336517691612244,1.947208438934922e-08
ISIC_0064959,akiec,akiec,0.9143645167350769,0.0038643847219645977,0.07751050591468811,1.0252008308953009e-07,0.0012816098751500249,0.0029726075008511543,6.1712685237580445e-06
ISIC_0072151,mel,bcc,0.05532104894518852,0.2814550995826721,0.16020378470420837,0.2213633954524994,0.19148749113082886,0.04355331137776375,0.046615853905677795
ISIC_0070676,nv,nv,0.0003221352235414088,0.12152044475078583,0.056492384523153305,0.05002899840474129,0.2801906168460846,0.49144360423088074,1.8899617089118692e-06
ISIC_0053497,nv,nv,4.955057164579557e-08,1.350781531073153e-06,0.03725717216730118,8.198542644777262e-08,0.043549053370952606,0.9191847443580627,7.544557774963323e-06
ISIC_0054142,df,bcc,0.0419357493519783,0.9072360992431641,0.03536200523376465,0.0060579669661819935,0.00591242453083396,0.0034836535342037678,1.2131750736443792e-05
ISIC_0068423,nv,bcc,0.003477053251117468,0.8495680093765259,0.0002924722502939403,3.4484039588278392e-06,0.06128678470849991,0.07755632698535919,0.007815923541784286
ISIC_0061189,mel,nv,0.005152162630110979,0.010531676933169365,0.06347129493951797,1.70205003087176e-05,0.26801949739456177,0.6527929902076721,1.54276658577146e-05
ISIC_0063475,mel,mel,0.008161830715835094,0.44855791330337524,0.0048070261254906654,3.6194467156747123e-07,0.5361347198486328,0.0023377658799290657,3.748666870251327e-07
ISIC_0059558,nv,nv,3.666624706966104e-06,1.9883437119005976e-09,0.0013195546343922615,5.083651832826774e-10,0.19621267914772034,0.8024635910987854,4.623738902864716e-07
ISIC_0055762,bcc,bcc,0.055562298744916916,0.9378674030303955,0.0046464744955301285,1.5489095517295937e-07,0.0016667695017531514,0.0002559429267421365,9.864185130936676e-07
ISIC_0068607,akiec,akiec,0.8110089898109436,0.1393326371908188,0.0401797890663147,1.9515588064678013e-05,0.002729815896600485,0.006287296302616596,0.0004420462646521628
ISIC_0067835,nv,nv,1.2329645767902853e-12,4.341881876257503e-08,0.002580366563051939,6.088512529533313e-17,0.009181887842714787,0.9878942370414734,0.00034355552634224296
ISIC_0066857,bkl,akiec,0.950209379196167,0.042068962007761,0.007125887554138899,0.00019554718164727092,0.00027630061958916485,0.0001238337717950344,1.5645615292214643e-07
ISIC_0053515,akiec,akiec,0.8805665373802185,0.11655402928590775,0.0027738697826862335,1.7038395583313104e-08,7.13447225280106e-05,1.2454880561563186e-05,2.1575464415946044e-05
ISIC_0067301,bcc,bcc,0.22872230410575867,0.753116250038147,0.0023550621699541807,5.751207027060445e-06,0.01166483759880066,0.004135575611144304,2.622019792397623e-07
ISIC_0061278,mel,mel,0.00014535259106196463,0.0009837615070864558,0.0017293152632191777,3.079416929785417e-11,0.9968516230583191,0.00029000561335124075,2.9628743902776478e-08
ISIC_0062702,mel,nv,0.01299653947353363,3.700322122313082e-05,0.04590381681919098,8.818005153443664e-05,0.2071850299835205,0.733786940574646,2.5602735149732325e-06
ISIC_0055139,nv,bkl,0.01999102160334587,0.014250892214477062,0.6251178979873657,0.003924553282558918,0.07235151529312134,0.2643529176712036,1.1226016795262694e-05
ISIC_0054027,nv,nv,1.8585136558613158e-06,0.00042912893695756793,0.00012227724073454738,0.00014325299707707018,0.05757034197449684,0.941733181476593,2.0231194497455363e-10
ISIC_0071917,bcc,mel,0.27669045329093933,0.25788265466690063,0.007939950563013554,0.0006623913650400937,0.3601890504360199,0.09603516012430191,0.0006003370508551598
ISIC_0060166,bcc,bcc,0.0005924628931097686,0.5787549018859863,0.024133021011948586,0.001236375537700951,0.39020755887031555,0.005075531546026468,1.1036537017616865e-07
ISIC_0060429,bcc,nv,3.4130400194953836e-07,7.24780184100382e-05,8.744376827962697e-05,6.080829189158976e-05,0.07256845384836197,0.9272105097770691,5.6484261712341777e-11
ISIC_0057896,mel,bkl,0.17011407017707825,0.000887204660102725,0.8285884857177734,0.00020315514120738953,0.00018828922475222498,1.8790953618008643e-05,6.538792263199866e-08
ISIC_0066747,bcc,bcc,0.00021451864449772984,0.9997016787528992,2.205754026363138e-05,6.791932793959177e-09,5.961059650871903e-05,1.318175918640918e-06,8.224411089940986e-07
ISIC_0058607,mel,mel,3.8469703866894633e-08,1.3035734980348934e-07,0.00575501611456275,1.0064803435128056e-09,0.8659496307373047,0.12829501926898956,8.505153914484254e-08
ISIC_0061005,nv,bkl,0.0008770034764893353,0.12988582253456116,0.5967532992362976,1.144513316830853e-05,0.007341190706938505,0.2651308476924896,4.2010299239336746e-07
ISIC_0066755,nv,nv,1.7368643412396523e-08,5.686333111043496e-07,0.004101123660802841,0.002400441560894251,0.00029330828692764044,0.992936909198761,0.00026757162413559854
ISIC_0069476,bcc,akiec,0.9761826395988464,0.01268163975328207,0.001196179073303938,0.0021520641166716814,0.0016679234104231,0.006104587111622095,1.4978524632169865e-05
ISIC_0063896,nv,nv,1.6775339872765471e-06,0.3501909673213959,0.1873466819524765,9.836042397237676e-11,0.10164838284254074,0.3608075678348541,4.732747129310155e-06
ISIC_0054840,bkl,bcc,0.012829869985580444,0.6236740350723267,0.09770365804433823,8.958629769040272e-05,0.2605344355106354,0.005031001288443804,0.00013736127584706992
ISIC_0058385,nv,bkl,0.03811186924576759,0.019218023866415024,0.7100861072540283,1.4412238442673697e-06,0.21284985542297363,0.019732560962438583,4.978929624144257e-08
ISIC_0054443,bcc,bcc,0.33197543025016785,0.6378273367881775,0.0009461289155296981,4.527973578660749e-05,0.02179912105202675,0.0073560187593102455,5.072908606962301e-05
ISIC_0068231,bcc,bcc,0.003246080130338669,0.9722219705581665,0.013910931535065174,7.053966692183167e-05,0.005666354671120644,0.004872734192758799,1.1416805136832409e-05
ISIC_0060896,bcc,bcc,0.003992622252553701,0.9735327959060669,0.01564762555062771,3.3686254027998075e-05,0.005016861483454704,0.0017738514579832554,2.6068864826811478e-06
ISIC_0064570,bcc,bcc,0.0005680953618139029,0.889208972454071,0.0887441337108612,2.2963658921071328e-05,0.0005399935180321336,0.0019365327898412943,0.018979351967573166
ISIC_0072034,bcc,bcc,0.002805150579661131,0.9808717966079712,0.009188634343445301,2.9987344163373564e-08,0.006516011897474527,0.0006178718758746982,6.308877118499367e-07
ISIC_0068356,bcc,bcc,0.10649176687002182,0.41882866621017456,0.1724284440279007,0.0001339297159574926,0.2946964204311371,0.007402141112834215,1.8636097593116574e-05
ISIC_0067380,bcc,bcc,0.054793767631053925,0.8314685225486755,9.797914390219375e-05,2.27329019253375e-05,0.08161911368370056,0.0319962203502655,1.5957228924889932e-06
ISIC_0059585,bcc,akiec,0.8097960352897644,0.00024334722547791898,6.362231215462089e-05,0.00017263474001083523,5.0968861614819616e-05,0.18826928734779358,0.0014041492249816656
ISIC_0072086,bcc,bcc,0.1381659358739853,0.7847447991371155,0.01126830279827118,0.0020954154897481203,0.05382896587252617,0.009594335220754147,0.00030214799335226417
ISIC_0072040,bkl,akiec,0.44754156470298767,0.0011889947345480323,0.10002223402261734,0.0007802624022588134,0.3854965567588806,0.06496253609657288,7.760820153634995e-06
ISIC_0059481,mel,bkl,0.27131277322769165,2.9172385893616593e-06,0.4387661814689636,1.2205148891553108e-08,0.2832372784614563,0.006680403370410204,5.441240773507161e-07
ISIC_0053535,bcc,bcc,0.002943426137790084,0.9606037735939026,0.0027518686838448048,0.0002272804413223639,0.026873059570789337,0.005395849235355854,0.0012047308264300227
ISIC_0067599,bkl,akiec,0.7217509150505066,0.08853177726268768,0.04898977279663086,0.0013592682080343366,0.050993937999010086,0.08827042579650879,0.00010382196342106909
ISIC_0070447,mel,nv,1.5368465028586797e-05,0.24198268353939056,0.007880455814301968,6.099287929828279e-06,0.167694553732872,0.5824193358421326,1.5564704654025263e-06
ISIC_0069869,akiec,bkl,0.008269310928881168,0.008149974048137665,0.9755033850669861,8.695646829437464e-05,0.004169101361185312,0.003796288976445794,2.502515235391911e-05
ISIC_0067337,bcc,bkl,0.01581110805273056,0.17446477711200714,0.45084911584854126,5.354296490622801e-07,0.023014511913061142,0.3358478248119354,1.2184370461909566e-05
ISIC_0056294,nv,nv,8.983182851807214e-06,0.003296094946563244,0.28961870074272156,0.0008661465835757554,0.2858010232448578,0.42040687799453735,2.2508861547976267e-06
ISIC_0070347,mel,bcc,0.05445101857185364,0.8743042945861816,0.03256171569228172,0.00015778034867253155,0.015659013763070107,0.022864006459712982,2.2180829546414316e-06
ISIC_0053876,bcc,bcc,0.00043461055611260235,0.9887942671775818,0.010065325535833836,0.00016887395759113133,0.0003804016741923988,0.00015609888941980898,4.504827586515603e-07
ISIC_0062837,bcc,bcc,0.0973799005150795,0.7004516124725342,0.20062246918678284,1.2644377420656383e-05,0.001177897909656167,0.0003541887563187629,1.228783276019385e-06
ISIC_0061157,bcc,bkl,0.01262182928621769,0.014658932574093342,0.9719229936599731,3.970955003751442e-05,0.0003238312783651054,0.0003557458985596895,7.689099584240466e-05
ISIC_0058911,bcc,bcc,0.0005387161509133875,0.94351726770401,0.006260681431740522,0.013534316793084145,0.03333144262433052,0.0027906771283596754,2.6929628802463412e-05
ISIC_0068181,bkl,bcc,0.0011681322939693928,0.5591579079627991,0.43422847986221313,7.863970381549734e-07,0.0032332604750990868,0.0022114047314971685,3.762226939490673e-14
ISIC_0056490,nv,nv,3.8818447478661255e-07,0.00139232084620744,7.756426930427551e-05,3.016000249544959e-08,0.37184950709342957,0.6266800761222839,1.222946508505629e-07
ISIC_0058071,nv,bkl,0.00020666068303398788,0.0015784134157001972,0.911408543586731,1.4588395380599195e-08,0.0002932949282694608,0.0864977240562439,1.5455947504960932e-05
ISIC_0061719,bcc,bcc,0.2564502954483032,0.47461116313934326,0.2666025161743164,6.182068745808067e-10,0.001138260355219245,0.0011975639499723911,1.8543015301020205e-07
ISIC_0060603,bcc,bcc,0.014323712326586246,0.8011671900749207,0.004224741831421852,5.490956578313444e-10,0.17809021472930908,0.0021941522136330605,6.857477696797787e-09
ISIC_0067808,mel,mel,0.26782768964767456,0.03650449216365814,0.048829518258571625,0.20168396830558777,0.4332347810268402,0.011749141849577427,0.00017032849427778274
ISIC_0060105,bkl,akiec,0.9497881531715393,0.00039126130286604166,0.04944252222776413,1.0122438652615529e-05,4.4251126382732764e-05,0.00032373503199778497,5.548457804316342e-10
ISIC_0070352,mel,nv,1.1368714694981463e-05,0.31854504346847534,0.0007996998610906303,0.0002940424019470811,0.10067852586507797,0.5796312093734741,4.0106286178343e-05
ISIC_0059423,mel,nv,4.798137069883524e-07,9.045218030223623e-05,0.003432800993323326,3.068608561695996e-11,0.19996163249015808,0.796514630317688,9.878308587785156e-11
ISIC_0072877,bcc,bcc,0.16622017323970795,0.7291061878204346,0.0006066984497010708,9.779540960153099e-06,0.09925845265388489,0.004776278045028448,2.245191171823535e-05
ISIC_0057560,bcc,akiec,0.5876832008361816,0.39024627208709717,0.0019297802355140448,0.007723457645624876,0.003491557203233242,0.008728934451937675,0.00019672431517392397
ISIC_0058869,nv,nv,5.32509758510713e-10,2.309012643308961e-06,0.00011850984446937218,3.845334273222534e-09,0.005334125831723213,0.9945451021194458,1.5285396059994127e-08
ISIC_0065282,bcc,bcc,0.1328577995300293,0.6927280426025391,0.006277481559664011,5.319211777532473e-05,0.01388149056583643,0.15411074459552765,9.134456922765821e-05
ISIC_0053583,bcc,bcc,1.9073582734563388e-05,0.9430667757987976,0.002878682455047965,4.1764295133361884e-08,0.04778270050883293,0.006047434639185667,0.00020532100461423397
ISIC_0071313,akiec,akiec,0.9209113121032715,0.0064461687579751015,0.06176307424902916,0.0002758735790848732,0.0040407744236290455,0.006555046420544386,7.67547135183122e-06
ISIC_0062123,akiec,bcc,0.009038451127707958,0.9023099541664124,0.03651313856244087,7.318586199289712e-07,0.03883839771151543,0.007697621826082468,0.00560165336355567
ISIC_0072392,nv,nv,7.275020585950642e-09,2.2187077775015496e-07,0.005539358127862215,1.3885403404856334e-07,0.00023789904662407935,0.9942222237586975,7.202017826557494e-08
ISIC_0072139,bkl,bkl,1.8731416275841184e-05,0.0001506232365500182,0.5673081278800964,1.4717319807289186e-08,0.4245719015598297,0.00795023888349533,3.4861852782341884e-07
ISIC_0056359,nv,nv,0.00010038595792138949,0.18927526473999023,0.12519557774066925,0.08838226646184921,0.008024598471820354,0.588875949382782,0.00014597199333366007
ISIC_0072850,nv,bkl,0.008573399856686592,0.000999970710836351,0.7158751487731934,1.0772902896860614e-05,0.18486067652702332,0.08967994898557663,7.038629235012195e-09
ISIC_0065056,bcc,bcc,0.001236173091456294,0.9371109008789062,0.002907256130129099,3.8316297832352575e-06,0.05354712903499603,0.005184540990740061,1.015126417769352e-05
ISIC_0060990,bcc,akiec,0.6087931394577026,0.3839751183986664,0.0006585715455003083,8.216953801820637e-07,0.005934470798820257,0.000635276548564434,2.518030669307336e-06
ISIC_0070967,bkl,bcc,0.007755386643111706,0.8676560521125793,0.1172046959400177,1.0024664334196132e-06,0.006657373160123825,0.00070724863326177,1.8172371710534208e-05
ISIC_0058766,bcc,bcc,0.0010847863741219044,0.9942254424095154,0.0023210945073515177,1.3829869658366079e-06,0.0003960044414270669,0.0019608568400144577,1.0445742191222962e-05
ISIC_0067358,nv,nv,3.1671926990384236e-05,0.00047851947601884604,0.004515953827649355,1.739329746897056e-08,0.046178314834833145,0.9487938284873962,1.707854721644253e-06
ISIC_0056695,bcc,bkl,3.1661282264394686e-05,0.13218088448047638,0.5152993202209473,3.2667096093064174e-05,0.28669631481170654,0.00690158735960722,0.05885753035545349
ISIC_0065636,nv,nv,6.574223516508937e-05,0.00022822398750577122,0.0008600458968430758,1.1716635981429135e-06,0.048140935599803925,0.9507035613059998,3.4821658800865407e-07
ISIC_0072290,nv,nv,9.220412175636739e-05,3.5585148907557596e-06,0.015348294749855995,7.428582748936208e-11,0.08542008697986603,0.8991358280181885,9.276241108580052e-09
ISIC_0061426,bkl,nv,4.733878540719161e-06,1.848778993007727e-05,0.09710881859064102,2.267681736833893e-10,0.020049352198839188,0.8828161954879761,2.465205398038961e-06
ISIC_0069202,nv,nv,6.57039200824272e-10,2.6033859512608615e-07,1.3667498244274157e-08,1.2958192089067722e-14,0.0036293859593570232,0.9963699579238892,3.8116721157166467e-07
ISIC_0057094,nv,nv,0.0016616045031696558,6.276659192394618e-09,3.12918346025981e-05,3.253979841133514e-08,0.006903490051627159,0.9913977384567261,5.779212187917437e-06
ISIC_0056330,mel,bkl,3.191979658367927e-06,7.450405519193737e-07,0.8478232026100159,6.452734939259297e-14,0.14088620245456696,0.011278980411589146,7.664540135010611e-06
ISIC_0053661,bkl,bkl,1.976425846805796e-05,1.5249524949467741e-05,0.9999420642852783,4.763914956962267e-13,1.0911344361375086e-05,1.1975758752669208e-05,3.25125426581252e-10
ISIC_0061186,bcc,bcc,0.004684603773057461,0.8673712015151978,0.0622439980506897,6.165928061818704e-05,0.013962854631245136,0.05167560279369354,1.7375599270508246e-07
ISIC_0066550,nv,nv,3.7788035456287616e-07,4.717326646641595e-06,0.0001762933243298903,8.277237131381482e-14,0.00035377813037484884,0.9994648098945618,1.738805188722381e-08
ISIC_0057977,bcc,bcc,7.144662816926939e-08,0.9258230924606323,0.0740092471241951,2.0667606293045537e-08,1.7914140698849224e-05,0.00014961481792852283,1.4565238792840773e-08
ISIC_0070057,bcc,bcc,1.6027132005547173e-05,0.8439720869064331,0.004550582729279995,0.0004636576632037759,0.015307396650314331,0.13468919694423676,0.00100118073169142
ISIC_0060448,nv,akiec,0.9177090525627136,0.03599915653467178,0.04393953084945679,0.00043687643483281136,0.00012842623982578516,0.0017635461408644915,2.338610283914022e-05
ISIC_0066939,bcc,bcc,4.02204786951188e-05,0.9980025887489319,3.2764914067229256e-05,9.773851843419834e-07,0.0007023766520433128,0.0011680845636874437,5.308525942382403e-05
ISIC_0056557,nv,mel,6.825272436117302e-08,7.528093703967897e-09,0.004793031606823206,8.753072919254201e-12,0.5520650744438171,0.4431418180465698,1.3182959168744901e-09
ISIC_0070683,bkl,bcc,0.00048496099771000445,0.9980207681655884,0.0001308941573370248,1.5070156223373488e-05,2.190295526816044e-05,2.522764361856389e-06,0.0013239921536296606
ISIC_0067642,bcc,bcc,0.004364273510873318,0.9504672288894653,0.0051147122867405415,0.00027033197693526745,0.03818561136722565,0.001589257619343698,8.62650904309703e-06
ISIC_0065602,bcc,bcc,9.241531188308727e-06,0.9998689889907837,7.392396219074726e-05,5.955007964075776e-06,4.170598549535498e-05,1.0102689174118495e-07,2.4502524453851038e-08
ISIC_0053611,mel,nv,1.5431609426741488e-05,8.212977036237135e-07,0.18866293132305145,1.0271151751339858e-07,0.10742936283349991,0.7037847638130188,0.00010652290075086057
ISIC_0055120,nv,nv,2.982956175401341e-06,2.9020990041317418e-05,0.003497763304039836,1.276970488106599e-05,0.0005265053478069603,0.9959261417388916,4.865135451836977e-06
ISIC_0067137,bcc,akiec,0.948801577091217,0.0025941708590835333,0.044399067759513855,3.003838244808321e-08,0.0034663393162190914,0.0007388109806925058,1.1039064773399332e-08
ISIC_0054022,nv,nv,0.03928198665380478,0.0034333921503275633,0.020100362598896027,2.0290484826546162e-05,0.34705644845962524,0.587303876876831,0.0028036353178322315
ISIC_0071066,nv,bkl,0.006592065095901489,0.21980875730514526,0.7638282179832458,1.967087882803753e-06,0.0036579493898898363,0.004794475622475147,0.001316608744673431
ISIC_0072919,vasc,nv,0.0002596561098471284,4.726477527583484e-06,0.01267996709793806,1.389785211358685e-05,0.1454802304506302,0.8414026498794556,0.0001588556042406708
ISIC_0064124,nv,nv,5.685565611202037e-06,7.162414021877339e-07,0.00126112368889153,1.5108169009181438e-06,0.10786634683609009,0.8908645510673523,4.2818701362357103e-10
ISIC_0070280,nv,mel,4.3799990301351954e-09,0.004628373309969902,0.00248791859485209,1.2440961654647253e-05,0.6328686475753784,0.3600025475025177,1.3634271489593175e-08
ISIC_0054348,nv,bkl,0.1385548859834671,0.13443320989608765,0.43521928787231445,0.0026311776600778103,0.24043956398963928,0.04866167530417442,6.032477176631801e-05
ISIC_0067252,nv,nv,1.098302163882181e-06,6.831640348536894e-05,0.08953506499528885,1.1749935993066174e-06,0.17060944437980652,0.739784836769104,5.0274611140821435e-08
ISIC_0070009,mel,mel,4.423851351020858e-06,4.268325574230403e-05,0.00040367493056692183,0.00025204927078448236,0.9988512992858887,0.0004457493487279862,5.4415693284681765e-08
ISIC_0059266,nv,nv,2.5975717576898205e-08,0.006899346597492695,0.009445409290492535,3.3223702899931595e-08,0.0010620321845635772,0.9824768900871277,0.00011614357936196029
ISIC_0064796,akiec,mel,0.15709100663661957,0.3770981729030609,0.01883815973997116,1.614036349018022e-09,0.4458479583263397,0.0011246652575209737,5.194284447007647e-10
ISIC_0070136,nv,bcc,0.16699060797691345,0.831636369228363,0.0006619004416279495,2.5347717382828705e-06,7.49723258195445e-05,2.987556035805028e-05,0.0006037958664819598
ISIC_0068545,mel,akiec,0.6632624268531799,0.041537124663591385,0.00466205133125186,7.570219651142907e-08,0.288175106048584,0.0023511149920523167,1.2067332136211917e-05
ISIC_0069084,mel,mel,0.33569812774658203,0.0062694544903934,0.00010650166223058477,1.799536789803824e-06,0.657917320728302,6.845481948403176e-06,5.309374814799206e-11
ISIC_0058542,vasc,vasc,1.0289047480682711e-07,0.001907713245600462,0.009779221378266811,0.011592099443078041,0.00187730323523283,0.04425029084086418,0.9305933117866516
ISIC_0056168,nv,nv,4.881093793041025e-11,4.513721307830565e-08,0.001690857345238328,1.8239769070116374e-11,0.019784487783908844,0.9785246253013611,4.937251496528461e-09
ISIC_0063416,bcc,bcc,1.4285442375694402e-05,0.9847570061683655,0.0031061323825269938,2.3484571443077584e-07,0.009183409623801708,0.002933909185230732,5.1765396165137645e-06
ISIC_0071169,mel,vasc,0.0027095156256109476,0.008459432050585747,0.0028374905232340097,0.0010022057686001062,0.11856842786073685,0.050281673669815063,0.8161412477493286
ISIC_0066797,nv,mel,1.0839376045623794e-05,5.493815024237847e-06,0.01636749692261219,1.4200948576792438e-11,0.9322965741157532,0.051319610327482224,4.23376000924236e-08
ISIC_0070609,nv,nv,1.154619599930129e-08,0.25614628195762634,0.0623885840177536,6.141736452747182e-09,0.10545361787080765,0.5694368481636047,0.006574701517820358
ISIC_0064022,akiec,akiec,0.8721384406089783,0.11516043543815613,0.007878163829445839,4.717019692179747e-06,0.00042502256110310555,0.0008879604865796864,0.0035052865277975798
ISIC_0057188,mel,mel,1.3832264755819779e-07,0.0004380904429126531,0.002830339362844825,1.6555172805965412e-06,0.6337607502937317,0.3629690408706665,2.5781208279340717e-08
ISIC_0056585,bcc,bcc,0.0014615663094446063,0.9817533493041992,0.01632832922041416,1.4884673937842763e-08,0.00021812015620525926,0.00023258861619979143,6.050116098776925e-06
ISIC_0073248,bkl,bcc,0.00037060704198665917,0.800649881362915,0.19772940874099731,3.9296637055485917e-07,0.0011929129250347614,5.463717752718367e-05,2.2680605979985557e-06
ISIC_0056226,mel,bcc,0.00013793639664072543,0.9347959160804749,0.009057554416358471,4.4120929487689864e-07,0.04758194461464882,0.008426070213317871,8.663443651357738e-08
ISIC_0053533,mel,bkl,0.008298536762595177,0.23389504849910736,0.45848196744918823,0.17360813915729523,0.11081642657518387,0.014899891801178455,3.852971630635693e-08
ISIC_0064137,bkl,bkl,2.3206923742691288e-06,0.30318543314933777,0.5486916899681091,3.6170418752590194e-05,0.01144216489046812,0.13321827352046967,0.0034238966181874275
ISIC_0065809,nv,nv,5.865778085478723e-09,7.894149121057126e-07,0.05119340121746063,6.315812761670259e-09,0.07946816831827164,0.8693334460258484,4.129663466301281e-06
ISIC_0063159,bcc,bcc,0.17605111002922058,0.7499260306358337,0.052573312073946,1.690947283350397e-05,0.020990364253520966,0.0004420611367095262,1.978647361511321e-07
ISIC_0054998,nv,nv,2.489628786861431e-05,0.03546091169118881,0.02642080932855606,0.0021044444292783737,0.07899852842092514,0.8567659854888916,0.00022444024216383696
ISIC_0061081,bcc,bcc,0.00010239555558655411,0.9957701563835144,0.0015025208704173565,2.461648107576764e-10,0.0017673908732831478,0.0008574342355132103,2.3676715699139095e-08
ISIC_0069761,nv,mel,0.1891482174396515,0.025427283719182014,0.02704341895878315,0.0002367760898778215,0.49724113941192627,0.260903000831604,9.89765354120209e-08
ISIC_0069530,nv,nv,1.2525402937058061e-08,6.746234681997976e-09,0.00027910363860428333,3.3845930502707233e-09,0.011623690836131573,0.9880971908569336,5.378010259349253e-10
ISIC_0066628,nv,nv,5.117206571675359e-13,6.621132087047954e-08,1.2171428352303337e-05,9.621667018677726e-09,0.4465905725955963,0.5533971786499023,9.927433097800531e-09
ISIC_0072609,nv,mel,1.0312606718798634e-05,0.0031788889318704605,5.8614205045159906e-05,5.195235353028238e-10,0.932468831539154,0.06418706476688385,9.62573176366277e-05
ISIC_0059028,df,akiec,0.8338334560394287,0.09925577789545059,0.0414738766849041,6.558127818578896e-09,0.024947121739387512,0.0004429373948369175,4.6920573367970064e-05
ISIC_0061884,mel,df,5.854277787875617e-06,0.00045075779780745506,0.009318926371634007,0.9007036685943604,0.0009124130592681468,0.08858521282672882,2.3203434466267936e-05
ISIC_0057161,bcc,bkl,0.00478006899356842,0.22948521375656128,0.5423526763916016,4.284188150904811e-07,0.07985873520374298,0.07397409528493881,0.06954874843358994
ISIC_0062777,nv,nv,2.7747203148464905e-06,4.539602471709259e-08,0.00460498733446002,2.1380569537043925e-10,0.010038903914391994,0.9853525757789612,7.226048523989448e-07
ISIC_0064943,mel,mel,2.0126650346341535e-11,3.996119630755857e-06,6.281987339207262e-07,2.2320277570653246e-11,0.9999947547912598,6.021224976393569e-07,1.4099614531470905e-10
ISIC_0065771,bcc,akiec,0.4449143707752228,0.2139931470155716,0.3400000333786011,2.5493260835673937e-08,0.0005759033374488354,0.0005100652342662215,6.549031695612939e-06
ISIC_0060764,mel,bkl,8.984556188806891e-06,0.34982120990753174,0.3555345833301544,0.00015931490634102374,0.11126670986413956,0.17977465689182281,0.0034345153253525496
ISIC_0053544,nv,bcc,2.2102172806626186e-05,0.9795148372650146,5.577158663072623e-05,3.3446401204173526e-09,9.775446960702538e-05,0.0202502254396677,5.933888314757496e-05
ISIC_0060324,nv,nv,1.065353262674762e-05,0.005822650156915188,0.020170077681541443,2.75785041594645e-05,0.033933576196432114,0.939967155456543,6.836762622697279e-05
ISIC_0060813,bkl,nv,0.00747609231621027,0.011291233822703362,0.14617286622524261,4.3181549358450866e-07,0.0029735020361840725,0.832085132598877,8.367553050447896e-07
ISIC_0071114,bcc,bcc,0.020281601697206497,0.8468413352966309,0.053819216787815094,0.0006432142690755427,0.005342514719814062,0.07283402979373932,0.00023797839821781963
ISIC_0063106,nv,nv,0.0007892830763012171,0.004381583072245121,0.21635721623897552,4.2192212390546047e-07,0.34431082010269165,0.4334240257740021,0.0007367029902525246
ISIC_0058857,nv,bcc,1.1589670378953087e-07,0.9513192772865295,0.0020006243139505386,0.0009089942905120552,0.0005304192891344428,0.044970329850912094,0.00027035584207624197
ISIC_0064367,nv,bkl,1.5252672172158532e-12,3.390192432561889e-05,0.6173356175422668,2.477784253815396e-12,1.0969359891532804e-06,0.3826286792755127,7.539928787991812e-07
ISIC_0058546,nv,nv,2.7271845226550795e-08,2.9731422728218604e-06,5.8142915804637596e-05,2.0661434518842725e-06,0.43879663944244385,0.5611401200294495,7.549710190346559e-09
ISIC_0071650,nv,bcc,0.00014857787755317986,0.6793192625045776,0.012358617037534714,0.06837506592273712,0.00890221819281578,0.23002393543720245,0.0008723566425032914
ISIC_0071609,akiec,akiec,0.599288821220398,0.3724234402179718,0.022600095719099045,7.30189242403867e-11,0.005647367797791958,3.981417103204876e-05,4.3577108499448514e-07
ISIC_0071554,nv,nv,3.914849347474991e-12,4.3775760794062535e-10,0.00038842312642373145,1.5969852176778154e-11,0.0005540691199712455,0.9990037083625793,5.386075281421654e-05
ISIC_0072376,bcc,bcc,4.417433956405148e-05,0.9926714897155762,0.0004992503090761602,0.0006757517112419009,0.00045512733049690723,0.0038151582702994347,0.0018391947960481048
ISIC_0056529,akiec,nv,0.13078609108924866,0.008448394946753979,0.18629638850688934,0.0011172362137585878,0.2580767869949341,0.4148092269897461,0.0004659506375901401
ISIC_0073193,df,bcc,0.0937049463391304,0.8924095630645752,0.00015448064368683845,1.1021539876310271e-06,0.013185183517634869,0.0005446971044875681,1.27197026245085e-07
ISIC_0054831,nv,nv,1.1913622977033356e-08,0.09290510416030884,0.02428518608212471,7.235715020215139e-05,0.07683564722537994,0.8058825731277466,1.9082768631051295e-05
ISIC_0061088,bcc,nv,0.3534211218357086,0.20615369081497192,0.0009666525293141603,0.0003903084434568882,0.06331077963113785,0.35764920711517334,0.018108133226633072
ISIC_0064039,nv,nv,5.479178980749566e-06,4.1186734023312965e-08,0.0028897584415972233,3.4109589819308894e-08,0.010350330732762814,0.9867543578147888,8.032534359880827e-11
ISIC_0066589,mel,mel,1.4445761564729764e-07,0.00010265735909342766,0.0009895811090245843,4.304333924665116e-05,0.9777528643608093,0.021111242473125458,6.308476372396399e-07
ISIC_0070534,bcc,bcc,0.13255822658538818,0.8498764038085938,0.010159976780414581,2.9595745298927056e-10,0.0038315001875162125,0.003572600893676281,1.2746028232868412e-06
ISIC_0069392,nv,nv,0.0001668911281740293,4.752506356453523e-05,0.026529721915721893,1.2335017629538925e-07,0.060173310339450836,0.9130815267562866,8.732340006645245e-07
ISIC_0070818,nv,nv,0.0015536085702478886,0.05000985041260719,0.010807852260768414,4.731391163659282e-05,0.02074716053903103,0.9168333411216736,8.835558560349455e-07
ISIC_0066013,bkl,bkl,0.00012118058657506481,0.2376549243927002,0.7580794095993042,0.0006217571790330112,8.757768227951601e-05,0.003434804268181324,3.640635668489267e-07
ISIC_0054745,bcc,bkl,1.8403482044959674e-06,0.0001613260683370754,0.770840585231781,1.345970417787612e-06,0.0020288724917918444,0.22459058463573456,0.002375421579927206
ISIC_0053627,bkl,mel,1.6004607061859133e-07,3.994068265456008e-06,0.00508868508040905,8.388313688101334e-08,0.9923893809318542,0.0025176960043609142,1.3129653808618968e-08
ISIC_0064622,bcc,akiec,0.30380064249038696,0.2806341350078583,0.20850273966789246,0.006640620529651642,0.08379940688610077,0.1166149452328682,7.517397989431629e-06
ISIC_0053873,bcc,vasc,0.0012962715700268745,0.07751087844371796,0.04241347312927246,0.0077661266550421715,0.024850040674209595,0.13323619961738586,0.7129270434379578
ISIC_0071897,nv,nv,2.367247240245285e-12,2.8521387775981566e-06,6.882857996970415e-05,6.6998507436411e-12,0.006360718049108982,0.9935676455497742,5.456793350511191e-10
ISIC_0064455,mel,bcc,0.004634318873286247,0.5391713380813599,0.032983213663101196,0.0013240226544439793,0.09066124260425568,0.33112502098083496,0.0001008516555884853
ISIC_0059322,nv,nv,1.6398734032918583e-06,0.000255097693298012,0.10505370050668716,3.0500537651079185e-09,0.3711816370487213,0.5235076546669006,2.689212408313324e-07
ISIC_0070819,nv,bcc,0.015132897533476353,0.5694383978843689,0.09610244631767273,2.284687798237428e-05,0.2027311772108078,0.11635252088308334,0.00021973923139739782
ISIC_0067159,mel,nv,0.0013139225775375962,0.07413934171199799,0.07566214352846146,6.835313115516328e-08,0.17374812066555023,0.675122082233429,1.4309892321762163e-05
ISIC_0072556,nv,nv,2.1458906473981187e-07,2.889402139771846e-07,0.0002894511562772095,2.7630565568870225e-07,0.1990305483341217,0.8006792068481445,1.3077559035679087e-09
ISIC_0056917,bcc,bcc,6.023782134434441e-06,0.8731236457824707,0.0005790888681076467,1.7067162843886763e-05,0.077390655875206,0.0018416345119476318,0.04704175889492035
ISIC_0071793,bkl,bcc,0.0005654302658513188,0.8683804273605347,0.12562334537506104,5.271150183006057e-10,0.00039560848381370306,0.005035188514739275,2.6937220454215094e-08
ISIC_0057038,akiec,bcc,0.017376897856593132,0.49217429757118225,0.21055489778518677,0.1139640361070633,0.0683009922504425,0.09007322043180466,0.007555630523711443
ISIC_0071000,mel,mel,0.12354841083288193,0.00518714589998126,0.01061320025473833,2.3859183784225024e-07,0.8422272801399231,0.018422206863760948,1.500628968642559e-06
ISIC_0070749,nv,nv,2.178563249799481e-07,5.3043295338284224e-06,0.008039400912821293,3.4972047480152924e-10,0.005108221899718046,0.9868434071540833,3.4497695651225513e-06
ISIC_0073153,akiec,mel,0.008257787674665451,0.004107311367988586,0.2468358427286148,0.0001647454046178609,0.705907940864563,0.034726399928331375,1.1649742281960584e-10
ISIC_0062309,bkl,bcc,3.4973822948813904e-07,0.9236504435539246,0.021324846893548965,5.054182111052796e-05,0.0007706242031417787,0.05418061837553978,2.2610816813539714e-05
ISIC_0067759,akiec,df,0.004212182946503162,0.06465600430965424,0.16881093382835388,0.4494161307811737,0.09024142473936081,0.2211487591266632,0.0015145324869081378
ISIC_0070761,bcc,bcc,0.0007455672603100538,0.909380316734314,0.012707086279988289,8.148662163875997e-05,0.0697828158736229,0.007301767822355032,8.854125894686149e-07
ISIC_0053641,nv,nv,2.7283933334842914e-08,0.0016262335702776909,0.07644975930452347,1.5998197113731294e-06,0.0031784996390342712,0.9180276393890381,0.0007162739639170468
ISIC_0069371,nv,bcc,1.4120369087322615e-05,0.47989511489868164,0.19639423489570618,4.494151653489098e-05,0.022612763568758965,0.17892907559871674,0.12210966646671295
ISIC_0069257,mel,akiec,0.6814091205596924,0.007670740596950054,0.12474902719259262,8.535310371371452e-06,0.056215718388557434,0.12972769141197205,0.00021917690173722804
ISIC_0064955,nv,nv,2.8712344146697433e-07,5.292601912287864e-08,0.11185074597597122,6.59208776454534e-09,0.06236210837960243,0.8257867693901062,8.971469123153497e-10
ISIC_0059473,mel,nv,0.09914591163396835,0.1462228000164032,0.2892000079154968,3.193826705683023e-05,0.03884409740567207,0.42646360397338867,9.162801870843396e-05
ISIC_0057164,mel,mel,0.00011903724953299388,0.02829110436141491,0.012665638700127602,0.00013705900346394628,0.606097936630249,0.344605416059494,0.008083836175501347
ISIC_0060273,akiec,bcc,0.047114625573158264,0.8537969589233398,0.06837677955627441,0.0006549069657921791,0.017594709992408752,0.012436368502676487,2.5617544451961294e-05
ISIC_0062439,bcc,nv,0.002966409781947732,0.0443621501326561,0.038832999765872955,2.3998020424187416e-06,0.0822894275188446,0.8312650322914124,0.000281618966255337
ISIC_0068475,nv,bcc,0.0031767692416906357,0.5539605617523193,0.43659576773643494,5.333964168130478e-07,0.0017092759953811765,0.0013066917890682817,0.0032504175323992968
ISIC_0060213,nv,nv,6.437797856051475e-05,5.413568828771531e-07,0.13540096580982208,1.355087830140489e-11,0.3668622076511383,0.49767187237739563,6.576425626292348e-09
ISIC_0061842,nv,nv,0.00012670295836869627,0.13769285380840302,0.10495134443044662,1.7341073544230312e-05,0.025557301938533783,0.7316534519195557,1.085252733901143e-06
ISIC_0072679,nv,akiec,0.4624076187610626,0.3107239305973053,0.025794370099902153,1.6557169146835804e-05,0.16008593142032623,0.04084696248173714,0.00012461072765290737
ISIC_0072914,bcc,bcc,7.59542963351123e-05,0.9913473725318909,0.004741003271192312,5.3650506742997095e-05,0.0019645034335553646,0.0013569158036261797,0.0004605199210345745
ISIC_0064351,bcc,bcc,7.903481673565693e-07,0.9999966621398926,5.927235147140664e-09,1.2746444177924587e-10,1.7116384469773038e-06,8.027545845834538e-07,2.1087742663183917e-09
ISIC_0054138,mel,bkl,0.0009596981108188629,0.05485980585217476,0.5725132822990417,0.0001782082108547911,0.34087222814559937,0.03054131753742695,7.548436406068504e-05
ISIC_0072907,bcc,bcc,0.005730931181460619,0.9250071048736572,0.04555410519242287,8.118929417655352e-10,0.0235549695789814,0.00015295358025468886,3.320167607512303e-08
ISIC_0055812,bcc,bcc,0.0018905358156189322,0.7355340719223022,0.25742360949516296,1.2754283740257222e-10,0.0029077313374727964,0.0022440501488745213,3.857568042775483e-09
ISIC_0070395,nv,nv,1.0843970036159e-12,0.0007661665440537035,0.000325831031659618,5.106200546833861e-07,0.0016857769805938005,0.9972213506698608,3.7621256865350006e-07
ISIC_0071181,nv,mel,5.860006524471828e-08,3.442343654569413e-07,0.008723140694200993,1.1331439120354503e-09,0.5957238674163818,0.3955526351928711,3.928934868419054e-12
ISIC_0066719,nv,nv,2.3988143027509068e-08,1.6494178245451963e-09,0.14785867929458618,3.8654580296164365e-13,2.526608841435518e-05,0.852116048336029,6.126816415319425e-11
ISIC_0063713,nv,nv,7.096406534401467e-06,0.0006836169050075114,0.0002895379438996315,7.693003567510459e-08,0.43970543146133423,0.5590370893478394,0.0002771119470708072
ISIC_0071900,bkl,bcc,0.0024519397411495447,0.8064839243888855,0.052491337060928345,0.0030961346346884966,0.0012976822908967733,0.1341235190629959,5.544061423279345e-05
ISIC_0064461,nv,nv,1.3649858374265023e-05,0.0001494667521910742,0.028136514127254486,0.010032336227595806,0.05913640931248665,0.9025315046310425,1.3063558412795828e-07
ISIC_0065307,mel,bkl,5.6703328255025554e-08,1.3869833310309332e-05,0.9878346920013428,2.433088219788715e-08,0.006609961856156588,0.005541436839848757,7.636513288389324e-08
ISIC_0073201,nv,nv,0.0004950309521518648,0.05693395063281059,0.2838072180747986,0.005660280119627714,0.08766026049852371,0.5644044876098633,0.0010388498194515705
ISIC_0064631,bcc,bcc,0.03496518358588219,0.9420045614242554,0.02084069699048996,1.5649637134629302e-05,0.0005002978723496199,0.0016715830424800515,2.0683453385572648e-06
ISIC_0053579,nv,nv,1.3531439435610082e-07,0.24341131746768951,0.017485255375504494,4.1282396523456555e-07,0.020181484520435333,0.7187409996986389,0.00018041147268377244
ISIC_0068126,nv,nv,3.378712563062436e-06,5.685997166438028e-06,0.00103910977486521,1.4485716803847026e-07,0.17891915142536163,0.8200312256813049,1.3049996141489828e-06
ISIC_0062677,nv,nv,1.46928587128059e-05,4.795818853153833e-09,4.3709471356123686e-05,3.108966893705656e-06,0.021824495866894722,0.9781140089035034,2.4162508438507757e-08
ISIC_0056988,mel,mel,1.8349204378154127e-09,2.6012412224218906e-09,2.4481291660549687e-08,6.763650617358508e-07,0.997941792011261,0.00205752975307405,1.81986939407075e-10
ISIC_0060207,akiec,akiec,0.493815153837204,0.19577257335186005,0.3061348497867584,2.227429831691552e-05,0.004253994207829237,1.1931268772968906e-06,2.083218575421597e-08
ISIC_0054616,bcc,bcc,0.0641859844326973,0.9046880006790161,0.0215374194085598,0.001516860444098711,0.006863376125693321,0.001206573797389865,1.6938923863563105e-06
ISIC_0068927,nv,nv,1.0673920058934527e-07,0.0002913890057243407,0.001222590683028102,3.9038070099195465e-05,0.15234632790088654,0.8460869193077087,1.3632625268655829e-05
ISIC_0056132,bkl,bkl,2.888803464884404e-06,0.001743950298987329,0.4900306761264801,3.687511878069927e-07,0.15649980306625366,0.35172218084335327,1.757584584538563e-07
ISIC_0054996,nv,nv,8.367661052943731e-07,5.173603057073706e-08,0.0001341794413747266,0.001097202650271356,0.0013187212171033025,0.9974489808082581,1.4771783796163618e-09
ISIC_0055222,nv,bcc,0.2535654306411743,0.5801848769187927,0.04333239421248436,2.3749460524413735e-05,0.005773172713816166,0.09586174786090851,0.021258650347590446
ISIC_0055659,mel,mel,5.812687706380562e-14,0.0009357806411571801,0.0002547023177612573,5.65078366043803e-12,0.8394899368286133,0.15931957960128784,8.040963728195294e-12
ISIC_0061035,bcc,bkl,4.975481715518981e-07,0.030900634825229645,0.8774608969688416,7.911582144970453e-08,0.01781001314520836,0.07372726500034332,0.0001004936930257827
ISIC_0055352,vasc,vasc,1.1906970485142665e-06,6.198739811225096e-06,0.0013585662236437201,0.011259826831519604,4.8677898121241014e-06,0.0033998682629317045,0.9839694499969482
ISIC_0071375,nv,mel,6.480658498730918e-08,2.557588862917015e-10,0.00684146536514163,6.229194243756453e-11,0.9588903784751892,0.0342680960893631,5.480287890158309e-10
ISIC_0066126,bkl,bcc,1.6499749344589532e-09,0.6725407838821411,0.2835562229156494,5.15420772728703e-09,0.0014709708048030734,0.04243188351392746,1.6291650695166027e-07
ISIC_0071868,nv,mel,0.00014451162132900208,0.0004327141505200416,0.07126988470554352,3.4004585813818267e-08,0.8340387344360352,0.09411388635635376,2.5572535378159955e-07
ISIC_0068631,nv,nv,0.003530747490003705,0.1927211880683899,0.058811165392398834,8.249253369285725e-06,0.02683420479297638,0.7179312705993652,0.000163172313477844
ISIC_0071345,bcc,mel,0.0012784532736986876,0.3412523567676544,0.003598731942474842,0.0009230284485965967,0.6487616300582886,0.0030281497165560722,0.001157622318714857
ISIC_0072540,bcc,bcc,0.0002143740130122751,0.9852102398872375,0.010697629302740097,9.864124876912683e-05,0.0022157698404043913,0.0012700667139142752,0.0002933696669060737
ISIC_0072212,nv,nv,2.238013394162408e-06,6.330998076009564e-06,0.00854366086423397,4.913594864319748e-09,0.07532352209091187,0.9161213636398315,2.928471985796932e-06
ISIC_0067015,nv,nv,1.8626111341291107e-05,0.003924766555428505,0.188783198595047,3.1346039577329066e-06,0.04200458154082298,0.765265703201294,2.0457937566220608e-08
ISIC_0054530,bcc,bcc,0.24836936593055725,0.2677941620349884,0.0026263142935931683,0.20480883121490479,0.26601383090019226,0.009124533273279667,0.0012629757402464747
ISIC_0065272,nv,nv,1.5146042642300017e-05,0.023849278688430786,0.29825952649116516,6.18180422407022e-07,0.09626291692256927,0.5816003680229187,1.2131808944104705e-05
ISIC_0062025,nv,nv,5.3863141147303395e-06,0.00022396912390831858,0.0014415719779208302,1.1528758392387317e-07,0.029524069279432297,0.9687930941581726,1.1777005056501366e-05
ISIC_0068687,bkl,bkl,0.006041805725544691,0.00020805896201636642,0.6220738887786865,1.7510507177576073e-07,0.30748626589775085,0.064189612865448,2.225991266868732e-07
ISIC_0057179,bcc,bcc,0.00039731262950226665,0.9982377290725708,0.0007423112983815372,3.733343856282545e-09,0.000622407766059041,2.970370758248464e-07,9.436964987230567e-09
ISIC_0059208,nv,mel,0.00023014616454020143,0.0005714432336390018,0.00346719310618937,0.002405370119959116,0.8964684009552002,0.09661431610584259,0.00024312267487403005
ISIC_0060846,nv,nv,6.113494237069972e-06,5.9190656429564115e-06,0.024114137515425682,8.750322422201862e-08,0.357601523399353,0.6182696223258972,2.670395815584925e-06
ISIC_0067065,bkl,mel,0.0006845331517979503,8.195789632736705e-06,0.09050396084785461,1.024153650774906e-08,0.8284206986427307,0.08038242906332016,2.309501638819711e-07
ISIC_0071021,nv,nv,1.4244753856473835e-06,5.351813160814345e-05,0.015629934147000313,3.182229757481281e-10,0.27972444891929626,0.7045884728431702,2.216693474110798e-06
ISIC_0071946,akiec,bkl,0.07584930211305618,1.6417942561020027e-07,0.9125462770462036,6.94022560310259e-07,0.009018024429678917,0.002585639711469412,1.3865161796466907e-10
ISIC_0062334,nv,nv,7.392575440690052e-08,1.7202665958393482e-09,0.006547077093273401,6.392549822820115e-10,0.01697009615600109,0.9764825105667114,2.0457351013192238e-07
ISIC_0070703,vasc,vasc,2.5237295586677533e-10,2.2828082535397698e-08,6.644320510451607e-11,3.8167763220797735e-12,3.555316254733043e-07,1.5996686641983615e-08,0.9999996423721313
ISIC_0071090,bkl,nv,0.0004805533098988235,4.519730737229111e-06,0.001115105696953833,8.119825124774938e-12,0.33800044655799866,0.6603851318359375,1.428663654223783e-05
ISIC_0060268,nv,mel,0.0029272506944835186,0.00035489758010953665,0.10408855229616165,7.683568364891258e-11,0.806847870349884,0.0857773944735527,4.082478426425951e-06
ISIC_0057753,mel,mel,1.3184823899337061e-08,0.00011345323582645506,0.012869847938418388,1.3582582836235702e-09,0.5436926484107971,0.44332391023635864,1.3880347182748665e-07
ISIC_0068105,nv,nv,2.1754660295414396e-08,1.6688889445504174e-05,0.0010328330099582672,4.3474745581306706e-08,0.002181126270443201,0.9967689514160156,3.5109772511532356e-07
ISIC_0054065,bcc,bcc,2.0752706859639147e-06,0.9172680377960205,0.022462600842118263,1.0087661195257169e-07,0.012760023586452007,0.047507185488939285,8.854621924569983e-09
ISIC_0071385,bcc,nv,6.350299486257427e-08,0.002707835054025054,0.161252960562706,5.447664443636313e-05,0.05696214362978935,0.4090515077114105,0.36997106671333313
ISIC_0053983,nv,bcc,0.0039601558819413185,0.7536367774009705,0.1333765834569931,0.005243492778390646,0.009163452312350273,0.09460929036140442,1.0229795407212805e-05
ISIC_0056188,nv,nv,4.920452045809043e-09,1.3731581427478545e-09,6.595857121283188e-05,2.823113618433126e-07,0.06332938373088837,0.936604380607605,1.606681188093262e-08
ISIC_0068941,mel,mel,0.0059853121638298035,0.4602576494216919,0.00022868704400025308,1.1514508742038743e-06,0.5299233198165894,0.003573434893041849,3.043662400159519e-05
ISIC_0059092,mel,mel,9.799208783078939e-06,0.00031157463672570884,0.03340904042124748,1.7415734314212526e-14,0.7968407869338989,0.16942889988422394,6.030353105757058e-09
ISIC_0070519,nv,nv,0.00025490543339401484,0.0016021177871152759,0.023063190281391144,0.0020495925564318895,0.4404047429561615,0.5316405892372131,0.000984881422482431
ISIC_0053885,bcc,bcc,0.036665987223386765,0.916698694229126,0.0008611541124992073,0.0003931696410290897,0.0101021034643054,0.03525072708725929,2.824916191457305e-05
ISIC_0069648,nv,bkl,7.73126629383114e-08,0.008245028555393219,0.9561542272567749,2.474522323159256e-12,0.0007353305700235069,0.03486531972885132,1.0987478482604729e-08
ISIC_0058561,nv,nv,6.2317861408581286e-15,2.287322968186345e-05,0.2571444511413574,1.9723806715949685e-16,2.096018761221785e-05,0.7428114414215088,3.6927326618751977e-07
ISIC_0068594,nv,nv,1.7202085089706998e-08,6.376902547344798e-06,0.016390593722462654,4.559733124930021e-13,0.04143938422203064,0.9421635866165161,1.1870824323523266e-08
ISIC_0064024,bcc,bcc,0.0005721575580537319,0.8785914182662964,0.031146910041570663,3.7609286351880655e-08,0.08403312414884567,0.005648066755384207,8.276139851659536e-06
ISIC_0065633,akiec,akiec,0.784816324710846,0.1906273514032364,0.018442803993821144,0.00025342393200844526,0.0051527018658816814,0.0007069532293826342,5.513457494998875e-07
ISIC_0065525,mel,mel,0.02382095344364643,0.030273422598838806,0.004817148204892874,2.2997561188731197e-07,0.9299883842468262,0.011099857278168201,4.6502687922611585e-08
ISIC_0065387,bkl,akiec,0.9472339153289795,0.001500812591984868,0.0133902532979846,0.0038030685391277075,0.0339498408138752,9.921019955072552e-05,2.2849419110571034e-05
ISIC_0072124,bcc,bcc,0.02354922704398632,0.9741736054420471,2.5071774871321395e-05,1.121919694924145e-07,0.002218889305368066,1.623120806470979e-05,1.6799613149487413e-05
ISIC_0073245,nv,mel,3.846817435260164e-06,9.024663449963555e-05,0.013027089647948742,1.552663661641418e-06,0.9630142450332642,0.023862985894083977,5.940218628097682e-08
ISIC_0070700,bcc,mel,0.2003767043352127,0.21117021143436432,0.08956141769886017,9.454850078327581e-05,0.4487190544605255,0.05007766932249069,3.732790219146409e-07
ISIC_0067414,df,nv,0.00033964304020628333,0.28678643703460693,0.00771970022469759,0.03712982311844826,0.003600851632654667,0.5507997870445251,0.11362375319004059
ISIC_0054071,nv,bkl,5.249214609648334e-06,1.0276277862431016e-05,0.41316086053848267,3.043735705432482e-05,0.2950855493545532,0.29170694947242737,7.17554712537094e-07
ISIC_0053790,mel,akiec,0.9925082325935364,5.969397534499876e-05,0.00010030723206000403,2.235670137906709e-08,0.007313921581953764,1.769933442119509e-05,3.1685723489438544e-11
ISIC_0054732,nv,bkl,8.729821274755523e-06,0.015497816726565361,0.8223978877067566,1.2705332892437582e-06,0.026487885043025017,0.03788602352142334,0.09772039204835892
ISIC_0059639,nv,bkl,0.003431000979617238,0.002018469851464033,0.85683673620224,0.008998108096420765,0.04014618322253227,0.08853644877672195,3.319935785839334e-05
ISIC_0065789,nv,nv,1.1461815496716099e-08,1.3012175941184978e-06,0.00017202450544573367,1.0906020531109561e-09,0.216655895113945,0.7831681370735168,2.635389364513685e-06
ISIC_0064666,nv,nv,1.96473646241202e-08,9.756511281011626e-05,0.00019041047198697925,7.980921168382338e-07,0.1885526031255722,0.8111576437950134,9.6282610684284e-07
ISIC_0071865,mel,akiec,0.7900261282920837,4.167679435340688e-06,0.06943202018737793,0.021193815395236015,0.022038163617253304,0.0973057746887207,9.038725323762264e-09
ISIC_0067295,bcc,bcc,0.0007150679593905807,0.9975065588951111,0.00083820620784536,9.153755672741681e-05,0.000751544430386275,9.711170423543081e-05,4.4716383484910693e-08
ISIC_0067930,nv,nv,0.000502656155731529,0.016171112656593323,0.017163554206490517,5.7690980611369014e-05,0.06705965101718903,0.8990453481674194,3.0309237342152073e-09
ISIC_0062501,bcc,bcc,0.00014669334632344544,0.93268883228302,4.787207944900729e-05,9.674131433712319e-07,0.0008219163864850998,0.06625853478908539,3.514139461913146e-05
ISIC_0054871,nv,nv,6.848485440968943e-07,1.0630245572684771e-09,0.00012224917009007186,2.3275304556591436e-05,0.017499251291155815,0.9823542833328247,2.8791450290555076e-07
ISIC_0055334,bcc,bcc,7.572847243864089e-05,0.8925599455833435,0.00819212943315506,0.00018681015353649855,0.07250463217496872,0.02648068219423294,1.3779312413308986e-10
ISIC_0057593,mel,mel,0.05178293213248253,0.16759659349918365,0.046849325299263,4.5730226702289656e-05,0.371309369802475,0.36166295409202576,0.0007531038718298078
ISIC_0062840,nv,nv,0.02236573025584221,3.272387766628526e-05,0.001375269959680736,4.32938531957916e-06,0.05863745138049126,0.9175844788551331,3.4588339303809335e-08
ISIC_0057015,mel,mel,1.4183300663717091e-05,0.004556667525321245,0.028649205341935158,2.2465660265424958e-07,0.9459282159805298,0.020678529515862465,0.0001728822389850393
ISIC_0064578,bcc,bkl,0.0011376747861504555,0.17277029156684875,0.7677167654037476,1.1874229812747217e-06,0.04981498420238495,0.008525293320417404,3.373898289282806e-05
ISIC_0060080,mel,bkl,0.00029301876202225685,0.004141300916671753,0.5913965106010437,2.8706037937809015e-06,0.052786506712436676,0.14164753258228302,0.20973224937915802
ISIC_0071947,nv,nv,4.2463489080546424e-07,8.112399518722668e-05,0.0001463301741750911,3.295351780252531e-05,0.07943007349967957,0.9202764630317688,3.258416836615652e-05
ISIC_0071448,bcc,mel,0.0020695547573268414,0.003771418472751975,0.0033989183139055967,9.582918902850679e-10,0.9900878071784973,0.0006719725206494331,3.091832354584767e-07
ISIC_0070646,bkl,bkl,9.126666554948315e-05,0.003216399112716317,0.9711360335350037,2.0748989332242118e-11,0.0001864565711002797,0.025369839742779732,2.1702130370560013e-10
ISIC_0055303,bcc,bcc,0.0014974831137806177,0.9955573678016663,0.0003940942697227001,9.946717061115606e-11,0.002205143216997385,0.00034583770320750773,2.3885851074822995e-09
ISIC_0066314,nv,nv,6.620753651986888e-07,8.045281720114872e-05,0.02581057883799076,1.1588974757614778e-06,0.24922151863574982,0.7244916558265686,0.00039402791298925877
ISIC_0068339,bcc,bcc,0.010942118242383003,0.9890411496162415,1.0482306606718339e-05,5.723384544076282e-10,3.2037683013186324e-06,6.728451467097329e-07,2.410040906397626e-06
ISIC_0073091,bcc,bcc,0.010466460138559341,0.9574193954467773,0.013012062758207321,0.0038145992439240217,0.014195222407579422,0.0010921851499006152,1.0789059956550773e-07
ISIC_0059480,bkl,bcc,3.3716449365783774e-07,0.9671388864517212,0.03262295201420784,1.0516198472032556e-06,0.00010596788342809305,0.0001305581972701475,3.3970977142416814e-07
ISIC_0072531,mel,mel,0.16024577617645264,0.01402554102241993,0.17167162895202637,4.0680824042738095e-08,0.636850118637085,0.017203252762556076,3.608210590755334e-06
ISIC_0064883,bkl,bkl,0.0011130558559671044,0.12754327058792114,0.7705169320106506,0.0004081170482095331,0.006411697715520859,0.09400685131549835,1.0880654599532136e-07
ISIC_0061749,nv,nv,1.2249006431375165e-07,0.0010276611428707838,1.3372788998822216e-05,0.0005824371473863721,0.4162730872631073,0.5821031928062439,1.5829306221348816e-07
ISIC_0059341,nv,nv,8.777253970038146e-05,5.148026320966892e-05,0.002603297121822834,0.002619969192892313,0.3845987617969513,0.610038697719574,1.5203326597656996e-08
ISIC_0067345,bcc,bcc,0.003529256209731102,0.892670750617981,0.10174630582332611,0.0008266891818493605,0.00045315330498851836,0.0007722323061898351,1.6085272136479034e-06
ISIC_0059477,nv,bkl,0.006016814615577459,0.3333936035633087,0.4989575445652008,0.005310286767780781,0.0573238879442215,0.07336974143981934,0.02562805265188217
ISIC_0060354,akiec,bcc,0.08953383564949036,0.5584850311279297,0.009521673433482647,0.0009219560888595879,0.21653656661510468,0.12495878338813782,4.2300343920942396e-05
ISIC_0058432,mel,nv,2.7276278160570655e-06,3.6175595596432686e-05,0.28305506706237793,3.142490712093604e-08,0.0006151458364911377,0.7158002853393555,0.0004905902314931154
ISIC_0061709,mel,bkl,0.003339590271934867,0.014173172414302826,0.8208519816398621,3.377847335173101e-09,0.13586562871932983,0.02576960064470768,2.8657723416536385e-10
ISIC_0067804,mel,bcc,1.7729607861838304e-05,0.7601315975189209,0.0026771549601107836,0.23118634521961212,0.0014582301955670118,0.004518444184213877,1.0467554602655582e-05
ISIC_0059546,bcc,bcc,0.07111310213804245,0.7631381750106812,0.15622317790985107,2.7626445131545552e-08,0.008669125847518444,0.0008075105724856257,4.895027814200148e-05
ISIC_0070999,akiec,bcc,0.0012083477340638638,0.8854408264160156,0.0578029491007328,6.702679092995822e-05,0.030740536749362946,0.024201054126024246,0.000539223721716553
ISIC_0056693,bkl,nv,2.1625826320814667e-06,0.026841068640351295,0.06855973601341248,8.916072857800827e-08,0.022304518148303032,0.8822874426841736,4.95616177431657e-06
ISIC_0064226,bcc,bcc,3.579624171834439e-05,0.9938633441925049,0.0035595023073256016,3.4447639336576685e-05,0.0005390406004153192,0.0019170043524354696,5.08685625391081e-05
ISIC_0057845,mel,nv,2.844442617642301e-13,2.245085488539189e-05,0.0002550006320234388,0.0008207985665649176,0.08781132102012634,0.9108732342720032,0.00021718953212257475
ISIC_0059221,nv,nv,1.1659441412348315e-07,3.2152172479982255e-06,0.002128452295437455,2.830466314662772e-07,0.1601569652557373,0.8377108573913574,8.453705646616072e-08
ISIC_0060582,bcc,akiec,0.7871629595756531,0.21261033415794373,6.956884317332879e-05,7.967978360445827e-11,0.0001566711871419102,4.51679227353452e-07,2.448533464871616e-08
ISIC_0073003,nv,nv,0.07046285271644592,0.17461076378822327,0.10676238685846329,0.00020613602828234434,0.1705603152513504,0.47739601135253906,1.555523112983792e-06
ISIC_0058332,mel,mel,2.6100254402194878e-08,1.8119257205739814e-09,0.06765187531709671,1.188255964734708e-07,0.9320635199546814,0.00028439058223739266,1.0946752837526219e-08
ISIC_0063046,mel,mel,2.4388800312635794e-08,4.4134190829936415e-05,0.31627675890922546,0.025150178000330925,0.4712689518928528,0.18725056946277618,9.4153692771215e-06
ISIC_0058900,bcc,mel,3.371881757630035e-05,0.04854681342840195,0.000831089389976114,1.2885323030786822e-06,0.9404378533363342,0.010113764554262161,3.543859929777682e-05
ISIC_0062724,mel,bcc,0.012225333601236343,0.5481882095336914,0.033577751368284225,1.0287204759151791e-06,0.33964380621910095,0.06636261940002441,1.247216459887568e-06
ISIC_0058376,mel,bcc,0.22078441083431244,0.777088463306427,0.0015945486957207322,1.6175819364527833e-11,0.0005033148918300867,2.925347325799521e-05,2.4852113700291056e-09
ISIC_0056714,bcc,bcc,0.00040003578760661185,0.9953054785728455,0.0016471241833642125,3.8632555515505373e-05,0.001872584456577897,0.0007356805144809186,4.3687958850568975e-07
ISIC_0054635,akiec,bkl,0.0032455080654472113,0.060248736292123795,0.6363953948020935,0.043049681931734085,0.2331569641828537,0.023902617394924164,9.570258043822832e-07
ISIC_0069668,mel,bkl,0.03864206001162529,0.035595960915088654,0.9003198742866516,1.55836660269415e-05,0.0156856756657362,0.009740880690515041,7.808326901725948e-12
ISIC_0072329,nv,nv,2.0760071492986754e-05,0.0016928809927776456,0.2729589343070984,0.00020803743973374367,0.3591940701007843,0.36591416597366333,1.1179052307852544e-05
ISIC_0061624,mel,mel,0.040152911096811295,0.003188464557752013,0.1876741349697113,6.137201580713736e-06,0.7118685841560364,0.05707251653075218,3.7364014133345336e-05
ISIC_0070210,nv,nv,0.002673885552212596,0.03138226643204689,0.2704181373119354,0.0006382106221280992,0.11162028461694717,0.5832669734954834,2.2716625380780897e-07
ISIC_0064220,nv,nv,3.277428277215222e-06,0.05339568480849266,0.0008214174886234105,9.793371447130994e-09,0.007752927951514721,0.6090617775917053,0.32896488904953003
ISIC_0059516,bcc,bcc,0.007505873683840036,0.9917107820510864,9.368380415253341e-05,1.986267079701065e-06,0.00046837504487484694,0.00021836711675859988,9.791020829652552e-07
ISIC_0071671,akiec,bkl,6.645913799729897e-06,4.387853095977334e-06,0.9907584190368652,2.255276920852859e-19,0.00891090463846922,0.0003197499318048358,1.1451118882060875e-15
ISIC_0062571,bkl,bcc,0.2297627478837967,0.37151187658309937,0.33573415875434875,0.0008387719863094389,0.035387005656957626,0.0267652478069067,2.1444523667923931e-07
ISIC_0068569,nv,akiec,0.4943569004535675,0.0007873217109590769,0.1322437822818756,2.859439973690314e-07,0.28909581899642944,0.08351527154445648,6.349065984068147e-07
ISIC_0072552,nv,nv,3.231188384233974e-05,0.01604405604302883,0.007666523102670908,1.5140186349071882e-07,0.10698780417442322,0.8591411113739014,0.010128041729331017
ISIC_0072247,bcc,bcc,0.1692550778388977,0.4026253819465637,0.39479419589042664,0.029370935633778572,0.0006996849551796913,0.003246647771447897,8.075917321548332e-06
ISIC_0066679,bkl,bkl,0.0014964693691581488,0.3217628002166748,0.3586180508136749,2.9076720238663256e-05,0.013380899094045162,0.2930668592453003,0.011645778082311153
ISIC_0059419,nv,bcc,0.00936930999159813,0.9704822897911072,0.005659363232553005,1.938288505698438e-06,0.00019735813839361072,0.008887408301234245,0.005402337294071913
ISIC_0057819,bkl,akiec,0.818535566329956,3.240757723688148e-05,0.08632565289735794,4.3558048834491103e-10,0.06373050063848495,0.0313759371638298,6.948803754625033e-10
ISIC_0059692,bcc,bcc,0.007112340535968542,0.49878382682800293,0.019897084683179855,6.900175776536344e-06,0.46947941184043884,0.004720487166196108,3.283945559928725e-08
ISIC_0061742,nv,bkl,9.361347474623471e-05,0.07205422222614288,0.7393976449966431,0.01643872819840908,0.010279876179993153,0.1576259583234787,0.004109937231987715
ISIC_0069537,bcc,bcc,0.06577838212251663,0.7934463024139404,0.12192035466432571,4.8351903387811035e-06,0.0022163710091263056,0.01590080000460148,0.0007330648368224502
ISIC_0059526,nv,mel,5.647254365526155e-12,0.0001273963862331584,0.0005510905757546425,1.2165053307148371e-13,0.8589265942573547,0.14039494097232819,5.003655711988131e-09
ISIC_0057391,nv,nv,1.9806069673222737e-08,0.03959096223115921,0.013567879796028137,0.08620995283126831,0.009163814596831799,0.851466953754425,4.1280594587078667e-07
ISIC_0069305,nv,nv,3.260786979808472e-05,0.0026053825858980417,0.006159395910799503,6.755836921001901e-07,0.21616598963737488,0.7739537358283997,0.0010822794865816832
ISIC_0062803,nv,nv,3.9326408796114265e-10,1.409615268954667e-08,5.6585846323287115e-05,1.825389665810473e-11,0.016064194962382317,0.9838789701461792,2.7778582989412826e-07
ISIC_0073048,bkl,bcc,0.02778708189725876,0.9092450141906738,0.05696123465895653,1.4982701941335108e-05,0.003224884392693639,0.0027625071816146374,4.382906809041742e-06
ISIC_0071031,nv,nv,0.0019387638894841075,0.00010213820496574044,0.04663786664605141,1.406403242754095e-07,0.04175039008259773,0.9095699787139893,7.701153776906722e-07
ISIC_0064819,nv,bcc,0.00019229862664360553,0.9934889078140259,0.00036530671059153974,5.057215757275912e-10,0.0007754595717415214,0.005177903920412064,6.870170210504511e-08
ISIC_0056519,bkl,bkl,0.00021845701849088073,1.6952766657141183e-07,0.7678090333938599,0.0007410962716676295,0.008933927863836288,0.22188377380371094,0.00041341871838085353
ISIC_0064806,nv,bkl,0.002826962387189269,0.03397630900144577,0.861489474773407,0.0009517356520518661,0.0658939778804779,0.03485856205224991,3.0658329706056975e-06
ISIC_0069222,nv,nv,0.011692937463521957,0.06370081752538681,0.003035069676116109,6.208339527802309e-06,0.12958359718322754,0.7919333577156067,4.7919893404468894e-05
ISIC_0065275,nv,bcc,0.001167665934190154,0.4804307520389557,0.4415246248245239,3.546421794453636e-05,0.025652702897787094,0.05114804953336716,4.076234472449869e-05
ISIC_0072467,nv,nv,3.834245976275241e-10,7.580022611364257e-06,0.0076058791019022465,4.088289188075578e-06,0.0012725531123578548,0.9911085367202759,1.3193164249969414e-06
ISIC_0058926,mel,bcc,8.197795250453055e-05,0.844559371471405,0.002261113142594695,0.0008431063615716994,0.11693289130926132,0.035148099064826965,0.0001734732068143785
ISIC_0060378,nv,nv,1.8430336368169264e-08,2.657545792317251e-07,0.007747763767838478,3.559458150448336e-08,0.0037163349334150553,0.988535463809967,1.1756472417800978e-07
ISIC_0061924,bkl,bkl,0.0013971134321764112,8.338361658388749e-05,0.9853292107582092,5.911744871411884e-09,0.011603035032749176,0.0015871913637965918,4.4187096648329316e-08
ISIC_0072047,bcc,bcc,0.10588795691728592,0.8642133474349976,0.012386830523610115,1.3676831258635502e-06,0.0015678689815104008,0.015932634472846985,9.949950253940187e-06
ISIC_0056187,bcc,bcc,3.9465692680096254e-05,0.9981446266174316,1.5804842405486852e-05,5.057437988398306e-07,0.0014072000049054623,0.0003923789190594107,2.860636838519781e-09
ISIC_0055278,nv,mel,0.008446563966572285,0.03910207003355026,0.09139718115329742,6.500755262095481e-06,0.4855711758136749,0.3754764199256897,6.670591545798743e-08
ISIC_0069990,nv,nv,4.795385755151926e-10,0.22239390015602112,0.33220282196998596,0.00048009553574956954,0.011211362667381763,0.43371179699897766,1.3090978079333127e-08
ISIC_0070375,nv,nv,1.3212553540142835e-06,5.277669856695866e-07,0.013156049884855747,8.18868211354129e-05,0.002774277236312628,0.9839782118797302,7.798191290930845e-06
ISIC_0066393,nv,nv,8.593419806857128e-06,0.0003543461498338729,0.00507181603461504,1.6970569049590267e-05,0.07242720574140549,0.9221175909042358,3.42860539603862e-06
ISIC_0058020,bkl,bkl,8.710014185453474e-07,2.4753680918365717e-05,0.9941564798355103,6.727222945368538e-12,0.000277331389952451,0.005540608428418636,1.8124900469373983e-09
ISIC_0065261,nv,nv,1.8545448256190866e-05,2.2784936160036295e-09,0.010306565091013908,7.109745183697669e-07,0.00385638908483088,0.9858177304267883,1.1835428637141376e-08
ISIC_0063238,nv,nv,5.151753725840535e-07,1.5001861086716417e-08,0.004183723591268063,2.117360287101633e-09,0.49359023571014404,0.5022254586219788,1.4765110023517991e-08
ISIC_0070765,nv,nv,2.5808674763538875e-05,1.1280718354100827e-05,0.0025424619670957327,4.759686362376669e-06,0.001458341022953391,0.9959573149681091,7.862047124440608e-10
ISIC_0055524,nv,mel,4.150308097194966e-09,7.503571168854251e-07,0.0006393059156835079,0.00015114426787476987,0.7397427558898926,0.25946369767189026,2.35044649343763e-06
ISIC_0057207,nv,nv,2.785503454560967e-07,0.21759799122810364,0.008982514962553978,0.004073454067111015,0.01973387412726879,0.7494941353797913,0.00011778462067013606
ISIC_0053732,nv,mel,8.29809207458787e-11,2.665686410757012e-13,8.227006219385657e-06,5.746237707882074e-09,0.9404452443122864,0.05954661965370178,1.3274295440623973e-08
ISIC_0054031,bcc,bcc,0.0001890677522169426,0.8916292190551758,0.009050688706338406,0.009495900943875313,0.012065323069691658,0.053267307579517365,0.024302484467625618
ISIC_0072504,nv,mel,2.1816846128785983e-05,0.00028600459336303174,0.0023485480342060328,1.1390905456210021e-05,0.6596503853797913,0.33768174052238464,1.527624391428617e-07
ISIC_0063435,akiec,bcc,0.013228798285126686,0.9865554571151733,1.3799909538647626e-05,1.8836350257345202e-09,0.0002015915233641863,4.181933945801575e-07,9.139013990022704e-10
ISIC_0069424,bcc,bcc,5.885850917763946e-09,0.9999996423721313,1.2570662022426404e-07,1.767541946140483e-10,4.19087839986787e-08,2.672450705176743e-07,2.1972241734391496e-11
ISIC_0067234,nv,nv,2.1155648937565275e-05,0.001317851128987968,0.026578795164823532,2.4738506908761337e-05,0.002971986308693886,0.9688780307769775,0.00020744871289934963
ISIC_0068363,bcc,bcc,0.006092297378927469,0.9904154539108276,0.003045984311029315,5.820735532324761e-05,0.0003425696340855211,4.061711297254078e-05,4.936082859785529e-06
ISIC_0066740,nv,nv,7.266923729432051e-10,0.0002813022874761373,5.5097400036174804e-05,0.0005794580210931599,0.0014799438649788499,0.997379720211029,0.00022448919480666518
ISIC_0067746,bcc,bcc,0.06113932654261589,0.8132389783859253,0.016679838299751282,0.0010161091340705752,0.10697488486766815,0.0003999134059995413,0.0005509672919288278
ISIC_0060937,mel,nv,2.1087569166411413e-06,0.006863357964903116,0.047979481518268585,4.1620782553764e-07,0.014420646242797375,0.9307330846786499,8.702779723535059e-07
ISIC_0058776,akiec,bcc,0.000285883346805349,0.9215187430381775,0.06885328888893127,3.058309161474426e-08,0.005380219779908657,0.0039269039407372475,3.50137815985363e-05
ISIC_0066180,akiec,akiec,0.7651181817054749,0.15885134041309357,0.06558868288993835,1.79020194224222e-08,0.008267662487924099,0.0008165097096934915,0.0013576794881373644
ISIC_0068089,nv,nv,3.960645700296084e-10,1.3161170070441486e-11,0.2118062674999237,3.103585721753177e-10,1.9813829510439973e-07,0.7881935238838196,2.487463013345348e-11
ISIC_0055510,bcc,bkl,0.0013141102390363812,0.0687563419342041,0.44304192066192627,4.791801984538324e-06,0.12186744064092636,0.36499911546707153,1.6232581401709467e-05
ISIC_0060903,bcc,bcc,3.216816912754439e-05,0.986291229724884,0.013132757507264614,1.2162058737885673e-07,0.00017364574887324125,0.0003700105007737875,1.6763420651599859e-09
ISIC_0062742,akiec,bcc,0.030215557664632797,0.5922210216522217,0.3539559543132782,5.543695806409232e-06,0.012904493138194084,0.010344881564378738,0.0003524472122080624
ISIC_0072535,mel,nv,8.992173405886206e-08,3.6357246244733687e-06,0.0016299441922456026,5.413079318117298e-09,0.36831894516944885,0.6300470232963562,3.733662481408828e-07
ISIC_0055258,df,bcc,0.0043414016254246235,0.9894161820411682,0.002538349712267518,4.4492309825727716e-05,0.0027240721974521875,0.000883362372405827,5.218368460191414e-05
ISIC_0067705,nv,nv,1.3867277992574145e-08,0.00023853832681197673,0.0237828828394413,0.001217892044223845,0.0016177749494090676,0.9731426239013672,3.0981175314082066e-07
ISIC_0060033,mel,bkl,4.997260916184132e-08,4.2355887686085225e-09,0.5018043518066406,9.616890617181184e-11,0.14846950769424438,0.3497253954410553,6.321888577076606e-07
ISIC_0068388,bcc,mel,1.7113368014354258e-11,0.10610593110322952,0.02509295754134655,9.671191798787948e-14,0.6916943788528442,0.17710626125335693,4.605919912137324e-07
ISIC_0064512,bcc,bcc,5.525630513147917e-06,0.9967193007469177,0.0001714296085992828,5.108175628265599e-06,0.0018678685883060098,0.0012303756084293127,3.2844684483279707e-07
ISIC_0057511,bcc,bcc,0.00037354405503720045,0.9984492063522339,0.0006371456547640264,0.000111741253931541,0.0003122613998129964,0.00011386888945708051,2.1992721030983375e-06
ISIC_0067888,nv,bkl,8.619435539003462e-05,0.0006612463039346039,0.9468250870704651,1.3744083844358101e-06,0.03535744920372963,0.017068736255168915,9.076069756863703e-12
ISIC_0071113,bcc,bcc,0.0009741444955579937,0.9822863936424255,0.006138414144515991,7.722162081336137e-06,0.009740706533193588,0.0008255700813606381,2.7197256713407114e-05
ISIC_0066672,nv,nv,1.1684978318271533e-08,3.8214115193113685e-05,2.635372402437497e-05,5.731223140514885e-08,0.00474898936226964,0.9951514005661011,3.500519596855156e-05
ISIC_0070737,akiec,bkl,0.09842720627784729,0.0001328618236584589,0.8679454922676086,2.5053779495465278e-08,0.018661677837371826,0.014832844026386738,2.150229549968685e-09
ISIC_0061464,akiec,bcc,0.0030003932770341635,0.9755735993385315,0.0002408440923318267,7.097592479021753e-12,0.019864505156874657,0.0013206636067479849,2.164263435133762e-08
ISIC_0066917,df,bcc,2.3355336452368647e-05,0.6464841365814209,0.26192471385002136,6.912389380886452e-06,0.02783452533185482,0.0636896938085556,3.666165139293298e-05
ISIC_0061379,mel,mel,0.0003825965104624629,0.0001704178430372849,0.00010970604489557445,5.403235192602551e-09,0.9992623925209045,7.492047734558582e-05,1.6152798025460997e-14
ISIC_0067775,nv,nv,3.3027458806039744e-12,3.892250133308295e-10,1.58888433361426e-05,7.456631883132059e-13,0.0227009616792202,0.9772831797599792,1.1551145595589674e-09
ISIC_0063006,bkl,nv,4.7811868171265814e-06,0.0017630064394325018,0.01484653539955616,3.913652108167298e-05,0.005071036983281374,0.9782747030258179,7.592603310513368e-07
ISIC_0057127,bkl,bkl,5.464959485834697e-06,3.410101001577459e-08,0.9758409857749939,1.959339712698238e-08,0.0011486406438052654,0.02300483174622059,6.018913012439953e-08
ISIC_0071493,nv,nv,4.6839659262332134e-08,6.389276450136094e-07,6.250746082514524e-05,2.940562460196361e-09,0.011055473238229752,0.9888793230056763,2.048715941782575e-06
ISIC_0053762,bcc,bkl,0.08174873143434525,0.2860129773616791,0.3289812505245209,0.0006731866742484272,0.20494018495082855,0.026920147240161896,0.07072348147630692
ISIC_0054739,bkl,nv,0.008755228482186794,0.003195514203980565,0.03840267285704613,0.00857912190258503,0.003474256256595254,0.9369111657142639,0.0006819264381192625
ISIC_0061213,bcc,bcc,0.001379291177727282,0.8236190676689148,0.0033540884032845497,4.786508270626655e-06,0.01627046801149845,0.1553722470998764,1.6884990072796313e-09
ISIC_0058549,bcc,bcc,0.10907036066055298,0.8908819556236267,1.4798101801716257e-05,5.1868225270368384e-09,8.740668818063568e-06,2.4212902644649148e-05,8.91561668936447e-09
ISIC_0069719,akiec,akiec,0.6680598258972168,0.277543306350708,0.05202089995145798,1.1844961278484334e-07,0.0007788968505337834,0.000166808080393821,0.001430273405276239
ISIC_0053831,nv,nv,1.4843843928247225e-05,7.027226445188717e-08,0.15974192321300507,8.178288268823053e-09,0.2537726163864136,0.5864705443382263,1.387303605326906e-10
ISIC_0066549,bcc,mel,0.0022661450784653425,0.35621482133865356,0.02239062637090683,1.713720934048979e-07,0.6136012077331543,0.005517104174941778,9.923620382323861e-06
ISIC_0066989,bkl,mel,0.0038132902700453997,0.00017099834803957492,0.05128265544772148,9.619192107342828e-14,0.9381740093231201,0.00655905157327652,2.185659676656e-15
ISIC_0069073,nv,nv,2.961242216770188e-06,2.2944755073694978e-07,0.00281885894946754,0.00015794526552781463,0.007303955964744091,0.9897159934043884,6.222127524324605e-08
ISIC_0053485,mel,mel,2.648664398918754e-08,3.012184945916374e-09,0.0012975798454135656,7.049481887122511e-09,0.5766651034355164,0.4220372438430786,3.732958120394869e-08
ISIC_0069236,nv,bcc,0.02353730984032154,0.7735010981559753,0.1124381348490715,0.0020567451138049364,0.04986174404621124,0.037950512021780014,0.0006544383941218257
ISIC_0070315,bcc,bcc,0.049404747784137726,0.9386239647865295,0.0023992029018700123,3.336802365083713e-06,0.008587952703237534,0.0009802095592021942,5.043220880907029e-07
ISIC_0068944,nv,nv,5.69027652090881e-05,0.0262108463793993,0.007835084572434425,5.651817787111213e-07,0.10104714334011078,0.8648490905761719,3.9741658497405297e-07
ISIC_0057495,nv,nv,8.212947477659327e-08,2.112173724810873e-08,0.0009975911816582084,1.0344077816526465e-09,0.007901092059910297,0.9911012053489685,2.7244855260732947e-09
ISIC_0072937,vasc,vasc,0.00012573112326208502,0.1290251463651657,0.0019849075470119715,0.04196823388338089,0.00035619892878457904,0.010405312292277813,0.8161344528198242
ISIC_0069249,bcc,mel,1.0356392721178054e-07,4.698714110418223e-05,0.0006292583420872688,1.19923342367656e-07,0.9992713332176208,4.835072468267754e-05,3.774703600356588e-06
ISIC_0067476,nv,nv,8.752856228966266e-05,0.07459870725870132,0.012172825634479523,1.2290780659895972e-07,0.0819183886051178,0.8312034010887146,1.8977765648742206e-05
ISIC_0066864,akiec,akiec,0.9946724772453308,5.032885219691252e-09,5.7991284847958013e-05,1.8677908428799128e-06,0.00526343984529376,4.313688805268612e-06,1.0923194640466427e-11
ISIC_0067538,nv,bkl,5.263722869131016e-06,2.076157215924468e-06,0.7678949236869812,2.0730973915306095e-07,0.07518129795789719,0.15691617131233215,8.432439813077508e-08
ISIC_0060161,bkl,bkl,0.03242293372750282,0.0007454656879417598,0.9594869017601013,1.664371040988044e-08,0.00016609556041657925,0.007178566884249449,3.65265471202747e-08
ISIC_0064281,mel,mel,3.606976869963141e-11,4.834272203879664e-06,0.007911136373877525,1.5285163357248166e-08,0.9416343569755554,0.050449635833501816,9.412381291040717e-11
ISIC_0058733,nv,nv,6.75889788581685e-10,7.840756006771699e-05,0.006500958930701017,1.35888225116787e-08,0.013910927809774876,0.9795096516609192,4.820334686961303e-10
ISIC_0055060,bcc,bcc,5.834568810314522e-07,0.9831757545471191,1.3497299732989632e-05,9.050041827052269e-10,0.016776347532868385,2.3841323127271608e-05,1.0023695722338744e-05
ISIC_0069518,akiec,bkl,8.139776036841795e-05,2.9196842206147267e-06,0.9786015748977661,4.3745709832343493e-10,0.010776614770293236,0.010536516085267067,9.87644284577982e-07
ISIC_0073001,nv,nv,2.5440773931961758e-09,3.3819400414358824e-05,0.0005513223586603999,3.102399170895609e-10,0.45648425817489624,0.5425663590431213,0.0003641891817096621
ISIC_0055271,bcc,bcc,0.003754926146939397,0.9941189289093018,0.0001340163144050166,1.5800991604919545e-05,5.525742380996235e-05,0.0019200730603188276,1.0707917681429535e-06
ISIC_0056039,bcc,bcc,0.004035309422761202,0.8926314115524292,0.008881242014467716,0.015603723004460335,0.018177267163991928,0.06061643734574318,5.457273800857365e-05
ISIC_0066362,nv,nv,1.8839956510419142e-06,0.0005346335237845778,0.06753521412611008,6.204246005836467e-08,0.16883230209350586,0.7630959153175354,2.1446622255894e-08
ISIC_0059918,bkl,bcc,1.1640406683000037e-07,0.9718430638313293,7.367897342192009e-05,1.615104272545409e-09,0.028051258996129036,3.163159271935001e-05,2.1031931396464643e-07
ISIC_0066630,bcc,akiec,0.8542946577072144,0.1402403861284256,0.0002444966812618077,0.001052995678037405,0.0011281244223937392,0.0020202763844281435,0.001019023940898478
ISIC_0064325,bcc,bcc,0.15387150645256042,0.8457653522491455,0.00031031036633066833,1.2680478675974882e-06,3.756567821255885e-06,4.5021955884294584e-05,2.6165239432884846e-06
ISIC_0062414,nv,nv,7.503689994337037e-05,0.03198636695742607,0.01565326750278473,2.178133229335799e-08,0.0032493688631802797,0.9490312933921814,4.626167992682895e-06
ISIC_0058674,nv,nv,0.004879957064986229,1.1187543336177441e-08,0.07431700080633163,0.02459883876144886,0.028038738295435905,0.8681650161743164,4.369151724858966e-07
ISIC_0057975,nv,bcc,1.1084774591274549e-12,0.6505712270736694,0.004643354099243879,1.5412664200464832e-11,0.0010328483767807484,0.34375178813934326,7.850214842619607e-07
ISIC_0069655,bkl,bcc,0.05555976182222366,0.9130437970161438,0.029482858255505562,0.0005732153076678514,0.0011676136637106538,0.00017296872101724148,6.065659584851557e-13
ISIC_0053714,bcc,mel,0.03935201093554497,0.10857804864645004,0.12217435985803604,0.00039362258394248784,0.6639322638511658,0.06556922942399979,4.5527059455707786e-07
ISIC_0067692,bkl,akiec,0.9918397665023804,3.658376490633941e-09,1.5516934581683017e-07,1.3402371660392598e-12,5.649230661219917e-05,0.008103571832180023,1.6377903807457406e-14
ISIC_0069228,bcc,bcc,5.990406862110831e-05,0.9998557567596436,2.6043866455438547e-05,2.966690715311415e-07,2.3760660042171367e-05,3.077486326219514e-05,3.490711151243886e-06
ISIC_0056588,bcc,bcc,0.0007021746132522821,0.99333256483078,0.0027904976159334183,4.3468915578159795e-07,0.002392070135101676,0.0007815179997123778,6.373747964971699e-07
ISIC_0069734,bcc,bcc,0.007499206345528364,0.5371233224868774,0.00041572790360078216,0.0001893540029413998,0.41746994853019714,0.037262219935655594,4.0183884266298264e-05
ISIC_0065783,nv,bcc,0.0018466322217136621,0.9731346964836121,0.024008292704820633,1.4272040971263777e-07,0.0008750538690946996,0.00013524765381589532,6.835106092228926e-11
ISIC_0069703,bcc,bcc,0.30436304211616516,0.5837420225143433,0.02563522383570671,0.00035759585443884134,0.04735447093844414,0.03851047903299332,3.7132722354726866e-05
ISIC_0064041,bkl,nv,1.0231041187580558e-06,4.4421115674708744e-09,0.00012571884144563228,2.66799347059532e-08,0.09767626971006393,0.9021968245506287,1.0276260553609973e-07
ISIC_0060999,mel,mel,3.1652089091949165e-06,2.067494961011107e-06,0.00033477196120657027,9.13517350653592e-09,0.8822439908981323,0.11740680038928986,9.119649803324137e-06
ISIC_0061820,bkl,vasc,0.03350166231393814,0.11837504059076309,0.00932456087321043,6.192347882461036e-06,0.005728474818170071,0.005375705659389496,0.8276883959770203
ISIC_0062504,bcc,bcc,0.1702946573495865,0.8261428475379944,0.0034430413506925106,4.595508471538778e-06,8.1679827417247e-05,3.327277590869926e-05,1.6309646688750234e-10
ISIC_0056281,nv,bcc,0.06632567197084427,0.9057319164276123,0.009247088804841042,0.012830007821321487,0.0002679377794265747,0.005020234268158674,0.0005770095740444958
ISIC_0070512,bkl,nv,0.0002160891453968361,0.0015252960147336125,0.04091507941484451,8.995645657705609e-06,0.22681483626365662,0.7305160164833069,3.7104916827956913e-06
ISIC_0073231,mel,mel,0.00010731504880823195,0.00298581481911242,0.3348177969455719,0.0005565897445194423,0.6607990860939026,0.0007333964458666742,6.453080736434913e-09
ISIC_0067432,akiec,bcc,0.21250684559345245,0.6738842129707336,0.0005967911565676332,1.6738787280701217e-06,0.10981526970863342,0.0031869125086814165,8.273890671262052e-06
ISIC_0058790,mel,nv,0.06219889223575592,0.12178875505924225,0.17586351931095123,0.00026393026928417385,0.09825816005468369,0.5416267514228821,6.122155582488631e-08
ISIC_0068953,bkl,akiec,0.5059981346130371,0.024486396461725235,0.13889923691749573,7.008567060040605e-10,0.3200795352458954,0.010536697693169117,5.9196469948119557e-08
ISIC_0068159,bcc,bkl,0.023646239191293716,0.02427331916987896,0.6277862191200256,4.5605992227137904e-07,0.31270214915275574,0.011591576039791107,7.363782117408846e-08
ISIC_0058578,bcc,bcc,4.531093964033062e-06,0.961937427520752,0.011840632185339928,1.6545665175726754e-06,0.00031715715886093676,0.025890439748764038,8.121498467517085e-06
ISIC_0066232,nv,bkl,0.0008940319530665874,9.08727633941453e-06,0.903083324432373,0.00022109437850303948,0.01626713015139103,0.07952068001031876,4.600041393132415e-06
ISIC_0063352,bcc,bcc,0.23286397755146027,0.3844739496707916,0.012330099940299988,0.00016828360094223171,0.29638805985450745,0.07366304099559784,0.00011258675658609718
ISIC_0057292,bcc,bcc,0.014966432936489582,0.9167330265045166,0.025739507749676704,0.0140697555616498,0.000888804264832288,0.027403276413679123,0.00019914965378120542
ISIC_0066364,nv,akiec,0.6445404887199402,0.0032466326374560595,0.06390216201543808,8.956753299571574e-05,0.19766943156719208,0.09048161655664444,7.016130984993652e-05
ISIC_0063510,bkl,bkl,0.001960165100172162,0.03706638142466545,0.43783560395240784,3.4213848266517743e-05,0.43462684750556946,0.0884765163064003,2.2248028130888997e-07
ISIC_0064034,mel,nv,0.26986026763916016,0.029566381126642227,0.014960921369493008,0.02406255714595318,0.04784499108791351,0.6135784983634949,0.00012638376210816205
ISIC_0057627,bcc,bcc,0.00019728713959921151,0.975568950176239,0.02382524497807026,2.1665562144335127e-06,0.0003035856643691659,0.00010278405534336343,2.5235857847860643e-10
ISIC_0056749,mel,mel,0.0006527844234369695,0.00015312852337956429,0.0031820274889469147,3.134034704999067e-05,0.7886210083961487,0.20733658969402313,2.322271939192433e-05
ISIC_0063747,bcc,bcc,0.00020627272897399962,0.9997755885124207,6.003497219353449e-07,1.3941287761554122e-05,1.3367129270136502e-07,8.889939522305212e-07,2.6639354473445565e-06
ISIC_0058764,nv,mel,2.2393264131892465e-08,3.3716750635903736e-07,0.0018330102320760489,1.1195729676671817e-08,0.920935869216919,0.07721758633852005,1.3227668205217924e-05
ISIC_0064725,bcc,bcc,1.3558997125073802e-06,0.8166356682777405,0.009937772527337074,0.13676223158836365,0.00361968157812953,0.033002302050590515,4.0959366742754355e-05
ISIC_0060342,mel,nv,3.875993286328594e-07,7.1502852527771665e-09,0.0001578383380547166,3.28602105525988e-08,0.09732504189014435,0.9025166630744934,1.0830997210220517e-09
ISIC_0068358,bcc,bcc,0.0015853545628488064,0.967525064945221,0.030446866527199745,5.512078260494491e-08,0.0001584678830113262,0.00022960107889957726,5.453549965750426e-05
ISIC_0065616,nv,nv,3.03538139068138e-10,5.3128344006836414e-05,0.00459119351580739,0.00012904311006423086,0.0035221765283495188,0.9915257096290588,0.00017866824055090547
ISIC_0059436,nv,nv,4.032278411614243e-06,5.031528417021036e-05,0.028903435915708542,8.700815675583007e-13,0.1792639195919037,0.7909321784973145,0.0008461289689876139
ISIC_0060709,nv,nv,9.150870937446598e-06,2.2673129933536984e-05,0.0011449226876720786,6.279678927967325e-05,0.0327364057302475,0.9660239219665527,1.1579506065118039e-07
ISIC_0069652,bcc,bcc,0.004435029812157154,0.9747134447097778,0.00011050469765905291,1.1184862280723163e-16,0.019803890958428383,0.0009371648193337023,2.011995171163905e-12
ISIC_0057889,mel,bkl,3.205942675776896e-06,3.1997527116800484e-07,0.9945282340049744,3.7928282069958977e-14,0.004775991663336754,0.0006922772736288607,1.1970240337139115e-12
ISIC_0057395,mel,nv,1.507804699940607e-05,1.7305837900494225e-05,0.0017174766398966312,1.330865234194789e-05,0.09531983733177185,0.9029057025909424,1.1341016033838969e-05
ISIC_0058531,nv,nv,9.573245307592515e-08,0.0010355314007028937,0.043676089495420456,1.4215847166099138e-08,0.044527582824230194,0.9107607007026672,1.9936508000029107e-09
ISIC_0072189,bcc,bcc,0.008786809630692005,0.9911376237869263,4.8631067329552025e-05,2.2039182923094813e-08,2.5365096007590182e-05,7.279787155312079e-07,7.824333465578093e-07
ISIC_0060244,mel,mel,2.1742705484939506e-06,0.002806279109790921,0.00042610999662429094,2.3355771645583445e-06,0.8306365609169006,0.16595740616321564,0.0001691048382781446
ISIC_0059346,mel,mel,0.004331986419856548,0.0806402713060379,0.003881530836224556,1.0035358855020604e-06,0.8704583644866943,0.04068582504987717,1.0594399100227747e-06
ISIC_0068571,akiec,mel,4.020338053578598e-07,0.037684209644794464,0.0005224769120104611,1.0149207030352159e-09,0.9218080639839172,0.0399567149579525,2.8078293325961567e-05
