epoch,backbone_lr,head_lr,backbone_lr_after,head_lr_after
1,3e-05,0.0001,3e-05,0.0001
2,3e-05,0.0001,3e-05,0.0001
3,3e-05,0.0001,3e-05,0.0001
4,3e-05,0.0001,3e-05,0.0001
5,3e-05,0.0001,3e-05,0.0001
6,3e-05,0.0001,3e-05,0.0001
7,3e-05,0.0001,3e-05,0.0001
8,3e-05,0.0001,3e-05,0.0001
9,3e-05,0.0001,3e-05,0.0001
10,3e-05,0.0001,3e-05,0.0001
11,3e-05,0.0001,3e-05,0.0001
12,3e-05,0.0001,3e-05,0.0001
13,3e-05,0.0001,1.5e-05,5e-05
14,1.5e-05,5e-05,1.5e-05,5e-05
15,1.5e-05,5e-05,1.5e-05,5e-05
