epoch,train_loss,train_ce_loss,train_contrastive_loss,train_accuracy,lr
1,1.850590653615455,1.2740019200599357,5.765887253904996,0.6857876712328768,0.001
2,1.3389747681683057,0.7993926405906677,5.395821153301082,0.787457191780822,0.0009939057285945933
3,1.152692148130234,0.6224759229241985,5.302162209602251,0.827054794520548,0.0009757729755661012
4,1.0134414369112825,0.48909132692911855,5.243501042666501,0.8668664383561644,0.0009460482294732422
5,0.9081064054410751,0.3883699321583526,5.197364598104398,0.8893407534246576,0.0009054634122155991
6,0.8316032233303541,0.31605656587914244,5.155466543485041,0.908818493150685,0.0008550178566873411
7,0.7689963824128452,0.25776791980821795,5.112284477442911,0.9272260273972602,0.0007959536998847743
8,0.7214457057926753,0.21294698527414505,5.084987045967416,0.943279109589041,0.0007297252973710758
9,0.6807933123144385,0.1757202397470605,5.05073065953712,0.9503424657534246,0.0006579634122155991
10,0.643553132880224,0.14212447139498305,5.014286485436845,0.9633989726027398,0.0005824350601949144
11,0.6140947790995036,0.11567012843203871,4.984246462991793,0.9708904109589042,0.0005050000000000001
12,0.5970573017041977,0.10060733679222734,4.964499623808142,0.976027397260274,0.000427564939805086
13,0.5796600449575137,0.08537577064580297,4.9428426664169525,0.981806506849315,0.0003520365877844012
14,0.5670934286836076,0.07465589771123782,4.924375200924808,0.9877996575342466,0.00028027470262892445
15,0.5530266406601423,0.06218796054998489,4.908386785690099,0.9897260273972602,0.0002140463001152259
16,0.5399552224433586,0.05143390708181956,4.885213061554791,0.991652397260274,0.00015498214331265904
17,0.5387257317157641,0.04996826586453882,4.887574613910832,0.9931506849315068,0.00010453658778440108
18,0.5367852257539149,0.04976819981246779,4.87017022746883,0.9933647260273972,6.395177052675796e-05
19,0.5336381192893198,0.046480552637822005,4.871575597214372,0.9948630136986302,3.422702443389901e-05
20,0.5340624945620968,0.046580944644057584,4.874815352975506,0.9946489726027398,1.6094271405406862e-05
