image_id,p_akiec,p_bcc,p_bkl,p_df,p_mel,p_nv,p_vasc
ISIC_0057086,0.050618309527635574,0.9470211267471313,1.3507833500625566e-06,0.0011187942000105977,1.2726794011541642e-05,0.0011689483653753996,5.883687117602676e-05
ISIC_0060295,9.970262191804496e-15,1.0494839860434452e-15,0.00028393411776050925,2.911750925704837e-06,0.060962170362472534,0.9387509226799011,8.144755703209938e-12
ISIC_0072932,0.0009783395798876882,2.55443133312383e-08,0.9952276945114136,1.4522405500372315e-08,0.003777780570089817,1.6265928934444673e-05,8.94049545507869e-09
ISIC_0065684,0.009472770616412163,0.003240839811041951,0.8483288288116455,0.12313168495893478,3.0417097605095478e-06,0.01567576639354229,0.00014711104449816048
ISIC_0059353,1.582409367983928e-07,0.14272257685661316,0.047207050025463104,5.2077123058325014e-08,6.509904778795317e-05,0.8100024461746216,2.6546517801762093e-06
ISIC_0055409,0.0002378440258326009,0.001512141665443778,0.003414897480979562,0.9621304869651794,0.019294705241918564,0.01107339933514595,0.002336447825655341
ISIC_0062046,4.734578614579155e-12,5.67350799587224e-14,5.016853265260579e-06,1.0328591315555968e-08,1.1107520094810752e-06,0.9999939203262329,6.354564430210985e-09
ISIC_0073077,4.145116236031754e-06,5.8700361478258856e-06,0.00012089846859453246,0.05519241467118263,0.0004623698187060654,0.9372813105583191,0.006932989228516817
ISIC_0059775,0.013172139413654804,4.86359175155826e-10,0.08238984644412994,5.914957000641152e-05,0.6643995046615601,0.239974245429039,5.1326292123121675e-06
ISIC_0069555,2.1530297090066597e-05,0.9979749321937561,7.83675059210509e-05,0.0018211256247013807,6.436309922719374e-05,6.696396667393856e-06,3.294036287115887e-05
ISIC_0069010,0.00013124471297487617,8.770106069277972e-05,0.27391862869262695,0.022923842072486877,0.092680923640728,0.6102375388145447,2.0173109078314155e-05
ISIC_0070132,3.253637987654656e-05,0.6017137169837952,0.006468602456152439,0.02807919681072235,0.1335059553384781,0.23019805550575256,1.9275098566140514e-06
ISIC_0054528,2.002748942686594e-06,1.746579619066324e-05,0.9820573329925537,7.962620562906864e-10,1.9176644855178893e-05,0.01790306530892849,9.404275260749273e-07
ISIC_0070088,4.553658982331399e-06,0.0016734810778871179,0.998190701007843,6.242214112717193e-06,4.79524317142932e-07,0.00012346926087047905,1.0902078884100774e-06
ISIC_0059879,8.932958905916166e-08,0.036875370889902115,0.0013421921757981181,0.0006058349390514195,0.0008073031203821301,0.9602033495903015,0.00016586091078352183
ISIC_0070086,0.0006425512256100774,0.0028320748824626207,0.43327295780181885,0.0003578884934540838,0.0054933540523052216,0.5550965070724487,0.0023046419955790043
ISIC_0065129,4.884010973427166e-09,0.8865658640861511,0.00020207115449011326,0.0013918132754042745,3.3405869999114657e-06,0.11162564158439636,0.00021130092500243336
ISIC_0067940,6.9015300141472835e-09,0.999821126461029,4.749559229821898e-05,1.5432179978347449e-09,0.00010088404815178365,3.0678063922096044e-05,4.276374365730362e-09
ISIC_0059707,0.0008120758575387299,1.0905348517553648e-06,0.017140604555606842,0.012271054089069366,0.4268660247325897,0.5338643193244934,0.009044845588505268
ISIC_0061473,0.9813815355300903,0.002990225562825799,0.004434757400304079,0.004507417790591717,1.90585069503868e-05,0.006393664516508579,0.0002733533619903028
ISIC_0067327,1.2839808105624684e-09,1.48732610227853e-07,0.0062676724046468735,1.314408279995405e-07,0.009387334808707237,0.9843446612358093,1.2074243826987185e-09
ISIC_0071637,2.3307777155423537e-05,0.9455391764640808,0.045343026518821716,6.180233071972907e-07,0.008890509605407715,0.00018609545077197254,1.723278546705842e-05
ISIC_0068415,1.093921673600562e-05,0.9924909472465515,0.001078612869605422,0.00022766445181332529,0.0003513422270771116,0.002945699729025364,0.0028948457911610603
ISIC_0054220,3.6407764127943665e-05,2.9167038792868305e-13,0.003597118193283677,6.727337020784319e-10,0.9963440299034119,6.590246812265832e-06,1.591097316122614e-05
ISIC_0068151,1.3999667203279387e-07,0.0003050298255402595,0.08216029405593872,0.0001784860505722463,8.79370134043711e-07,0.9173063635826111,4.875871672993526e-05
ISIC_0068319,3.821922433481367e-14,2.322013769955576e-16,1.7480290083254565e-14,3.6672596383235945e-13,6.375216798915062e-06,0.9999936819076538,1.730592157479869e-14
ISIC_0068061,4.4372268175312674e-14,3.785550499913089e-14,0.0003163559304084629,1.1080600259054886e-18,0.0007771382224746048,0.9989064931869507,8.699025059579214e-18
ISIC_0071468,3.5942123843141216e-12,8.559604414148936e-12,3.4230279055691426e-08,9.775786935506403e-08,4.896933702980277e-08,0.9999997615814209,4.632084375354867e-14
ISIC_0070775,1.6221294307783296e-09,0.23601850867271423,0.7347135543823242,1.6179669637492872e-13,4.901435204374138e-07,0.02926553413271904,1.9549092939996626e-06
ISIC_0069189,0.019862031564116478,0.00011574626114452258,0.00011880815145559609,0.0024347936268895864,0.014173989184200764,0.9632946848869324,4.7646112749655245e-11
ISIC_0068596,0.3814938962459564,5.651126500083592e-08,4.444793491598098e-11,3.825939074886264e-06,0.01620340347290039,0.6022984981536865,2.576367705842131e-07
ISIC_0064959,0.0023280365858227015,0.9608094096183777,0.02704281359910965,1.93835376194329e-06,1.7038490796039696e-06,0.009811874479055405,4.156703198532341e-06
ISIC_0072151,0.00033851436455734074,7.191725217126077e-06,0.0199758131057024,0.0028381666634231806,0.0061543225310742855,0.9702925682067871,0.00039338410715572536
ISIC_0070676,1.474505006626714e-05,0.115604467689991,0.0022485447116196156,0.4253601133823395,0.006283522117882967,0.4502258598804474,0.0002628262445796281
ISIC_0053497,1.646005787182478e-13,5.508991179903333e-11,3.606919199228287e-05,1.997071813475415e-10,0.0002017957449425012,0.9997621178627014,2.4496374373406127e-10
ISIC_0054142,0.00043308406020514667,0.5911645889282227,0.0063138362020254135,0.2196674793958664,0.0007446963572874665,0.04140613228082657,0.1402702033519745
ISIC_0068423,0.00016390981909353286,0.1066109761595726,2.4541035600122996e-05,0.0001031417486956343,0.09084893018007278,0.7976869940757751,0.004561479203402996
ISIC_0061189,1.3261821862897705e-08,1.020517743199889e-06,0.01059044525027275,5.141162091604201e-06,0.1886240392923355,0.8007791638374329,1.7983872169224924e-07
ISIC_0063475,0.5782268047332764,0.01499689556658268,2.219765747213387e-06,3.0861323807584995e-07,0.40671679377555847,5.6936096370918676e-05,1.271714182848882e-07
ISIC_0059558,8.707676357744276e-09,3.3216276951186785e-11,0.0007992420578375459,6.452785896726709e-07,0.010195853188633919,0.9890041947364807,9.121159383340682e-10
ISIC_0055762,0.024429621174931526,0.0003467122733127326,0.9340641498565674,1.217724054924929e-08,0.03340688720345497,0.007728078402578831,2.456579932186287e-05
ISIC_0068607,0.7680654525756836,7.917660695966333e-06,0.08619282394647598,2.9317972803255543e-05,0.07260279357433319,0.0030561774037778378,0.07004556059837341
ISIC_0067835,1.8657260548203002e-17,1.4345414580961059e-15,0.0001643955329200253,9.890433148174041e-20,1.3192615369916894e-05,0.9998224377632141,1.4884596333253342e-10
ISIC_0066857,0.05029847472906113,0.00046308140736073256,0.9031946063041687,0.030430253595113754,0.015243712812662125,0.0003695274062920362,2.990056771068339e-07
ISIC_0053515,0.37659499049186707,2.718365976761561e-05,0.616909384727478,2.117808435286861e-07,0.005390154663473368,0.0008242104086093605,0.0002538520493544638
ISIC_0067301,4.77010553368018e-06,0.951561450958252,0.0089509142562747,8.854010957293212e-05,0.0015955825801938772,0.03779824823141098,4.477419111026393e-07
ISIC_0061278,0.006124836392700672,0.004175773821771145,0.04986518621444702,6.378288162522949e-06,0.8943691253662109,0.04542176052927971,3.704658229253255e-05
ISIC_0062702,0.00011133425869047642,3.639280196643391e-11,0.0006964317290112376,8.649919891468016e-08,0.6259377002716064,0.3732543885707855,2.731780357478897e-10
ISIC_0055139,1.4450003693600166e-10,7.934730650305255e-11,0.08276575058698654,7.07270508826241e-09,0.00035919310175813735,0.9168750643730164,3.624364805672464e-13
ISIC_0054027,1.5344446637755027e-06,8.460257959086448e-05,2.970091372844763e-06,0.002090114401653409,9.98307004920207e-05,0.9977208971977234,5.899626898120403e-10
ISIC_0071917,0.0007305610924959183,0.003967083990573883,0.003988743294030428,0.004915574565529823,0.5544953942298889,0.43101587891578674,0.0008867932483553886
ISIC_0060166,0.09676486998796463,0.00104457326233387,7.136429485399276e-05,0.2996557652950287,0.4924298822879791,0.11002779006958008,5.727502411900787e-06
ISIC_0060429,0.0014257830334827304,2.4843731807777658e-05,2.5172806999762543e-05,4.061188519699499e-05,0.013494739308953285,0.984988808631897,2.618208050364501e-08
ISIC_0057896,2.5923773137037642e-06,2.9988481858346516e-13,0.9990799427032471,0.0009167622192762792,2.396412810412585e-07,4.948044534103246e-07,5.462601482264517e-10
ISIC_0066747,0.0002620895975269377,0.01005871593952179,0.1861303746700287,0.336071252822876,0.134636789560318,0.3257310688495636,0.007109731435775757
ISIC_0058607,9.222233532391044e-10,1.3945729904207838e-07,0.0008971367496997118,9.831623515310639e-08,0.8519617319107056,0.14714044332504272,4.0564131609244214e-07
ISIC_0061005,0.00036394887138158083,0.00019135221373289824,0.9200358390808105,0.0015947653446346521,9.277310891775414e-05,0.0777193158864975,1.9225838059355738e-06
ISIC_0066755,2.962273221857048e-12,4.004249189171194e-12,7.14823897851602e-08,7.332016684813425e-05,4.9114011468898155e-11,0.9999263286590576,1.9426794040100503e-07
ISIC_0069476,0.352561891078949,0.0020547297317534685,0.01697797141969204,0.5108300447463989,0.0002134633978130296,0.11701440811157227,0.0003475068078842014
ISIC_0063896,1.348468714468254e-07,2.9635039027198218e-06,0.0032306851353496313,2.2710594294039765e-08,5.061966135144758e-07,0.9967657327651978,2.7291156001751915e-08
ISIC_0054840,9.772162593435496e-05,0.0017169179627671838,0.006983550265431404,0.5267731547355652,0.01441597007215023,0.4499623775482178,5.031741602579132e-05
ISIC_0058385,4.4778291339753196e-05,1.1925064427487087e-05,0.23228059709072113,2.4516632493032375e-06,0.7648213505744934,0.0028388819191604853,1.1719659909203983e-08
ISIC_0054443,0.005234265234321356,7.286164986908261e-07,0.043607067316770554,1.0243688564059994e-07,0.9482266902923584,0.0028286834713071585,0.00010246879537589848
ISIC_0068231,6.283724360400811e-05,0.9196600317955017,0.002789977937936783,0.006387758068740368,0.06627365201711655,0.004749147687107325,7.660697883693501e-05
ISIC_0060896,0.001203225809149444,0.942425012588501,0.007686018943786621,0.0013303984887897968,0.003042464843019843,0.0415211096405983,0.0027918051928281784
ISIC_0064570,1.3125234545441344e-05,0.05921675264835358,0.684928834438324,0.0006853659288026392,0.0009715871419757605,0.02201763354241848,0.23216670751571655
ISIC_0072034,0.025436991825699806,0.008292148821055889,0.6863663196563721,1.0091533113154583e-05,0.21930336952209473,0.04643285647034645,0.014158261008560658
ISIC_0068356,0.004491656087338924,2.1027237380621955e-05,0.05420594662427902,5.620348019874655e-05,0.9376744031906128,0.0034870870877057314,6.370923802023754e-05
ISIC_0067380,0.03383293375372887,0.0007172322366386652,5.56615850655362e-06,0.015849417075514793,0.6844863891601562,0.26510530710220337,3.0947262530389708e-06
ISIC_0059585,0.11125408113002777,2.0618891483081825e-07,0.2990422546863556,4.401125988806598e-05,1.617330599401612e-05,0.5896214246749878,2.1839743567397818e-05
ISIC_0072086,0.004799235612154007,0.04744303971529007,7.227706373669207e-05,0.0007002908969298005,0.0006346568115986884,0.013620167970657349,0.9327303171157837
ISIC_0072040,1.0796866511952885e-08,4.7565009708705475e-08,0.9282910823822021,9.953225088565887e-08,0.05419108644127846,0.017517663538455963,2.1777160630342962e-10
ISIC_0059481,7.526433023485879e-07,3.7919067885638924e-10,5.7962814025813714e-05,1.17680052369451e-08,0.9994848966598511,0.0004560406960081309,2.05274545805878e-07
ISIC_0053535,0.0007596322684548795,4.351894858700689e-06,0.05023004487156868,0.0008810545550659299,0.9320197105407715,0.015956401824951172,0.00014871489838697016
ISIC_0067599,0.0027338392101228237,0.8585101962089539,0.057941924780607224,0.029481548815965652,0.00016059681365732104,0.049972716718912125,0.0011990026105195284
ISIC_0070447,1.463009056124065e-07,5.4117399486131035e-06,4.695427560363896e-05,1.1064211946631985e-07,0.002114370698109269,0.997832715511322,2.108672703116099e-07
ISIC_0069869,4.1499063740957354e-08,8.296357489889772e-10,0.9927156567573547,1.4669661823063507e-06,0.004727113991975784,0.002555804792791605,5.1274906098797146e-08
ISIC_0067337,0.9370627999305725,0.00010695878154365346,0.04656147211790085,0.0005932890926487744,0.0012485974002629519,0.014426058158278465,9.848478157437057e-07
ISIC_0056294,1.4490812993983582e-09,8.20509740151465e-05,0.9839641451835632,0.009363682009279728,0.0002312885771971196,0.006358410697430372,4.3371835545258364e-07
ISIC_0070347,7.682583600399084e-06,1.2218099982419517e-05,0.1305752843618393,1.1099066341557773e-06,0.022196611389517784,0.8472070693969727,1.7918938555183672e-10
ISIC_0053876,0.0010299477726221085,0.9753233790397644,0.018484817817807198,0.004765242338180542,3.2429937846245593e-07,0.00024948708596639335,0.0001468598929932341
ISIC_0062837,6.307981493591797e-06,4.1809432360651044e-08,0.9490997791290283,5.691516662409413e-07,0.03782927617430687,0.013063968159258366,8.127249984113405e-09
ISIC_0061157,0.00017268213559873402,0.0012805565493181348,0.991929292678833,1.7015750927384943e-05,4.045115929329768e-06,3.0094955150161695e-07,0.0065960753709077835
ISIC_0058911,3.646687218861189e-08,0.015613872557878494,0.0002072425268124789,0.001692523597739637,0.9815863966941833,0.000898424128536135,1.5195610103546642e-06
ISIC_0068181,4.3998417822876945e-05,0.9318971037864685,0.04175397381186485,6.790656334487721e-05,1.6814161426736973e-05,0.02622031792998314,3.875264276143042e-10
ISIC_0056490,8.277798446698625e-10,7.404051984849502e-07,1.9677283489727415e-05,1.5581525758534553e-06,0.0010497024049982429,0.9989282488822937,8.465809997471041e-11
ISIC_0058071,0.005216938443481922,6.1020113207632676e-05,0.30625617504119873,1.7261953644265304e-08,0.0026524225249886513,0.6858112812042236,2.184435061280965e-06
ISIC_0061719,0.000589034054428339,0.4788703918457031,0.2640465795993805,1.3001380239074933e-07,0.00012011436047032475,0.25117120146751404,0.005202621687203646
ISIC_0060603,3.673836772577488e-07,0.980610728263855,0.0005430654273368418,6.970112963362862e-13,0.018842408433556557,3.4271320146217477e-06,1.233442858961098e-08
ISIC_0067808,0.14145006239414215,8.783661655797914e-07,0.381197065114975,0.25373512506484985,0.06828960031270981,0.1553044319152832,2.2826592612545937e-05
ISIC_0060105,0.012924658134579659,0.0015076643321663141,0.9831629991531372,1.4564291177521227e-06,1.4680073157080642e-08,0.0024033673107624054,6.241711592025467e-10
ISIC_0070352,3.380379032247305e-10,0.015805281698703766,4.4608394091483206e-05,0.0002493065840099007,0.00011220037413295358,0.9837871193885803,1.5063118325997493e-06
ISIC_0059423,7.298898907492912e-08,9.93336168875203e-09,0.005286599509418011,1.544926339636099e-11,0.8893161416053772,0.10539726167917252,1.8267739751443024e-12
ISIC_0072877,2.797935849230271e-06,6.665130314331691e-08,0.00041464250534772873,1.6527102388863568e-06,0.999288022518158,0.0002926127635873854,2.587695746569807e-07
ISIC_0057560,0.12761957943439484,0.038865555077791214,1.245261955773458e-07,0.5225273966789246,0.00027594115817919374,0.25881415605545044,0.051897190511226654
ISIC_0058869,2.134462853860264e-13,8.113744343063445e-09,3.295452188467607e-05,1.6708693806322117e-07,5.956645964033669e-06,0.9999608993530273,8.265357842596188e-11
ISIC_0065282,0.630230188369751,4.786166300618788e-06,8.043300113058649e-06,0.005124497693032026,0.011438603512942791,0.3528822362422943,0.0003116231819149107
ISIC_0053583,0.8735647201538086,0.0809972733259201,0.00027382763801142573,0.0010231381747871637,0.0076276077888906,0.03346305340528488,0.0030503899324685335
ISIC_0071313,1.7824542737798765e-05,6.149838971403199e-11,0.9973032474517822,3.059734865473729e-08,0.0011870050802826881,0.0014919063542038202,3.0942992612637e-10
ISIC_0062123,0.0005845373962074518,0.0037335494998842478,0.9743192195892334,0.003193635493516922,4.036752216052264e-05,0.005598422605544329,0.012530325911939144
ISIC_0072392,2.2105373900706965e-13,3.0612652170136645e-12,0.00036683582584373653,1.8315062799700854e-09,1.564960984978825e-05,0.9996174573898315,1.2729320375548525e-10
ISIC_0072139,4.156663990784182e-08,7.983528485056013e-05,0.9987685084342957,8.398637341144877e-10,0.001123199937865138,2.6945783247356303e-05,1.3978745982967666e-06
ISIC_0056359,1.3468642237057793e-06,0.0006432605441659689,0.014885100536048412,0.7221377491950989,7.38243579689879e-06,0.26230356097221375,2.149555984942708e-05
ISIC_0072850,8.8079377746908e-06,4.939952759741573e-06,0.9966991543769836,1.1931517995833474e-08,9.816903184400871e-05,0.00318888365291059,2.673536392272524e-10
ISIC_0065056,0.022611889988183975,0.07465735077857971,0.3745512068271637,0.005789887625724077,0.03177504241466522,0.486918568611145,0.003696062369272113
ISIC_0060990,0.7514802813529968,3.583244733817992e-06,3.5810022382065654e-05,0.0007403275230899453,0.0007014261791482568,2.106909960275516e-05,0.24701754748821259
ISIC_0070967,2.4680291971890256e-05,5.153202437213622e-05,0.999488115310669,3.006610143074795e-07,0.00030942074954509735,0.00011531783093232661,1.0479825505171902e-05
ISIC_0058766,0.0003923405602108687,0.06864862889051437,0.5226470828056335,0.001861235941760242,0.00015456497203558683,0.4046720862388611,0.001624005613848567
ISIC_0067358,1.9237782908021472e-05,1.0357934115745593e-05,0.00035002746153622866,0.00032769874087534845,0.0005801919032819569,0.9986959099769592,1.655534106248524e-05
ISIC_0056695,5.336735853234131e-07,0.012341003865003586,0.46709179878234863,8.627779607195407e-06,0.43411698937416077,0.0007448450196534395,0.08569617569446564
ISIC_0065636,3.728754620624386e-07,3.548054507973575e-07,5.735730610467726e-06,9.981397042224671e-09,0.0008211887325160205,0.9991723299026489,3.146423566136036e-08
ISIC_0072290,1.3972997976452461e-06,1.2937683777636266e-06,0.0026982908602803946,2.349738847939875e-09,0.01567935012280941,0.9816197156906128,8.655027805559712e-10
ISIC_0061426,4.7409129955156004e-09,2.928528752832449e-09,0.03863468021154404,1.5826276955621665e-09,0.12098655104637146,0.8403787612915039,3.4584910491020082e-09
ISIC_0069202,2.184082713066449e-15,6.600559075004009e-12,2.960145728536645e-08,2.343752414368794e-10,4.4671896830550395e-06,0.9999954700469971,1.1535319366373642e-09
ISIC_0057094,7.380567823567219e-10,6.175454505868557e-17,4.00683311399877e-14,1.3634923051730752e-11,1.5149346836551558e-05,0.999984860420227,6.589592153188883e-13
ISIC_0056330,3.7575652767248e-13,1.120509796059821e-09,0.983955442905426,6.374571967084444e-16,0.010023140348494053,0.006021301262080669,9.712705661968357e-08
ISIC_0053661,1.497137525063863e-09,3.124101112916833e-06,0.9999761581420898,2.5034465819806506e-11,1.8366090444033034e-05,2.434828274999745e-06,3.7850250711457534e-10
ISIC_0061186,5.9822281173183e-07,0.9853551387786865,3.734327719939756e-06,0.00010856999142561108,1.0670400740764308e-07,0.014531520195305347,2.9821890734638146e-07
ISIC_0066550,1.996954233618453e-05,5.89292812946951e-06,0.0007074407767504454,1.6796061430568443e-08,1.5593782265455047e-08,0.9992651343345642,1.6066934449554537e-06
ISIC_0057977,7.575704330520239e-08,2.3116472220863216e-06,0.9999774694442749,1.0106041514745812e-07,5.902730748630347e-09,2.002983819693327e-05,1.5476070425179955e-09
ISIC_0070057,5.246384944257443e-07,0.020074907690286636,0.0004545963602140546,0.00019417746807448566,0.0036450852639973164,0.9753899574279785,0.0002408497384749353
ISIC_0060448,0.027621854096651077,0.004174207337200642,0.9148427844047546,0.041394878178834915,0.00036218445166014135,0.01144024170935154,0.00016395664715673774
ISIC_0066939,0.11223644763231277,0.21485291421413422,0.006949811242520809,0.0541522279381752,0.0006226711557246745,0.6033867597579956,0.007799257058650255
ISIC_0056557,2.9719560146190815e-10,8.895714026513346e-11,0.001553287380374968,1.0222984681007574e-09,0.17253802716732025,0.8259086608886719,2.1891480295188614e-10
ISIC_0070683,6.00067141931504e-06,0.6059927344322205,0.0004181181429885328,0.19497902691364288,5.976279680908192e-06,0.00013273360673338175,0.19846545159816742
ISIC_0067642,1.845494807639625e-05,0.017631975933909416,0.0008587400079704821,0.001086953910999,0.9795562028884888,0.0008122280705720186,3.54173025698401e-05
ISIC_0065602,0.9353949427604675,0.0006667675916105509,0.013474594801664352,0.00015818131214473397,0.016527391970157623,7.563562121504219e-06,0.03377046063542366
ISIC_0053611,2.3873509072402932e-11,2.566426021352597e-12,0.00449347635731101,3.428524664172983e-08,0.026630837470293045,0.9688748717308044,8.551293149139383e-07
ISIC_0055120,5.702946873498149e-05,5.514548888641002e-07,0.0007209712057374418,2.7643609428196214e-05,0.003296933136880398,0.9958598017692566,3.7046735087642446e-05
ISIC_0067137,0.003433879232034087,0.0011865200940519571,0.028671128675341606,6.754761125193909e-05,0.9631788730621338,0.0034517289604991674,1.032740419759648e-05
ISIC_0054022,3.684810095938573e-11,1.8462922857231945e-10,1.304263059864752e-05,2.993620284996723e-08,0.01428933534771204,0.9856976270675659,1.249608239106692e-08
ISIC_0071066,0.001673947088420391,0.22406692802906036,0.7724458575248718,0.0008470967877656221,2.256508741993457e-05,0.0005636934656649828,0.000379896693630144
ISIC_0072919,8.279048415715806e-07,1.3699024553615047e-11,0.0006073781405575573,4.48587306891568e-05,1.773700932972133e-05,0.9993271827697754,1.9933117982873227e-06
ISIC_0064124,5.4328761507349554e-06,1.6184876585612074e-06,3.9296108298003674e-05,0.0002017893420998007,0.07383767515420914,0.9259142279624939,8.493905578887961e-10
ISIC_0070280,1.8744049368191185e-10,0.00030456334934569895,0.026770640164613724,0.00071936339372769,0.938500165939331,0.03370524197816849,2.7538704649998635e-10
ISIC_0054348,0.00134382676333189,1.4955464394006412e-05,0.9051077961921692,5.625466656056233e-06,0.08478748798370361,0.008740258403122425,6.784456729747035e-08
ISIC_0067252,2.392694115754823e-12,1.8748439245541704e-08,1.6143982065841556e-05,6.771016192175239e-09,0.0007608762243762612,0.999222993850708,7.967580588352785e-12
ISIC_0070009,1.0399312704370556e-12,9.922955062887165e-14,4.5397888470688486e-07,1.8670220924832392e-08,0.9999608993530273,3.864147583954036e-05,7.393911004294207e-12
ISIC_0059266,1.4157629062150345e-11,0.5179422497749329,0.0004291816148906946,1.463312287341978e-06,1.6962088977834355e-07,0.4816150367259979,1.1871840797539335e-05
ISIC_0064796,0.003758282633498311,0.9712030291557312,0.005056620575487614,1.3816611700231962e-12,0.019903765991330147,7.815012941136956e-05,2.964700013263766e-11
ISIC_0070136,2.5966492103179917e-05,0.9564979076385498,0.0015375691000372171,8.984744636109099e-05,0.0003793978539761156,0.00015706464182585478,0.041312266141176224
ISIC_0068545,0.00023265655909199268,3.4285667993572133e-07,0.0042451247572898865,1.9602145684416428e-08,0.14222005009651184,7.576400093967095e-06,0.8532942533493042
ISIC_0069084,0.9999983310699463,1.1722282033943543e-09,2.037798729759288e-08,2.450684766230893e-09,1.726094296827796e-06,1.2393134478719259e-12,5.83770601303435e-11
ISIC_0058542,1.301368596218211e-10,3.086770811933093e-05,2.9235663532745093e-05,0.4393928050994873,6.424401135518565e-07,0.3101442754268646,0.25040218234062195
ISIC_0056168,7.50435141545075e-13,2.0753125780370585e-12,9.755255632626358e-06,5.3578884384730685e-11,0.00039255741285160184,0.9995977282524109,1.5466216632051277e-12
ISIC_0063416,0.22503885626792908,0.04667217656970024,0.00010591182945063338,0.0008342333603650331,0.02698233537375927,0.6973466277122498,0.0030198865570127964
ISIC_0071169,0.0002638819860294461,0.0007381963660009205,3.0920396056899335e-06,0.0005912997876293957,0.468794584274292,0.050522398203611374,0.4790865480899811
ISIC_0066797,8.047956745471652e-11,9.361498243265487e-09,0.008134908974170685,1.2054632847480207e-08,0.9884131550788879,0.0034518539905548096,3.819498051171877e-09
ISIC_0070609,1.5314675083644147e-09,0.4730091989040375,0.001073765684850514,1.0943876360691718e-10,0.0738971158862114,0.43159955739974976,0.020420409739017487
ISIC_0064022,0.026799526065587997,0.9648414850234985,0.004685651510953903,4.476988578971941e-06,2.0410734435927225e-08,2.826302261382807e-05,0.003640577429905534
ISIC_0057188,8.408536887605234e-12,6.381380899256328e-07,1.9057672034250572e-05,3.3879348393384134e-06,0.009770313277840614,0.9902065396308899,1.1672339894630568e-07
ISIC_0056585,0.00035750819370150566,0.9989400506019592,0.0006110760732553899,6.684266917744708e-09,2.701157245610375e-05,5.378725836635567e-05,1.0525797733862419e-05
ISIC_0073248,1.517897817393532e-05,0.0013064597733318806,0.9986648559570312,5.524196240003221e-06,2.0237284843460657e-06,5.637089998344891e-06,3.574502329684037e-07
ISIC_0056226,0.000850133306812495,0.06525817513465881,0.023943087086081505,0.011703481897711754,0.1971581131219864,0.7010751366615295,1.187675297842361e-05
ISIC_0053533,2.9937158615211956e-05,8.34161983220838e-05,0.0004763242322951555,0.00016327413322869688,0.9990137815475464,0.0002332886215299368,2.9828733261183515e-08
ISIC_0064137,1.700139695692826e-09,0.0001387459778925404,0.9155336022377014,6.21911695475319e-08,0.00044738143333233893,0.0838659480214119,1.4158391422824934e-05
ISIC_0065809,2.310705066958102e-13,1.0059262312012152e-09,0.004990642890334129,1.8590674244478578e-07,0.001118074869737029,0.9938908815383911,2.7078593234364234e-07
ISIC_0063159,0.0009443369344808161,1.4210550943971612e-05,0.7743740081787109,4.259897195879603e-06,0.22373156249523163,0.0009316641371697187,1.820921724515756e-08
ISIC_0054998,4.291984101456592e-09,1.5587036869546544e-11,2.1453979570651427e-05,1.3024327927269042e-07,0.03081083483994007,0.9691675901412964,8.809263318809712e-10
ISIC_0061081,4.97389351039601e-07,0.9999985694885254,9.687723832030315e-07,1.2303215087342e-12,6.601253432769738e-10,4.883980508907371e-08,3.7905553695871674e-11
ISIC_0069761,0.00014693020784761757,1.9695382889040047e-06,0.005438850261271,0.0014340842608362436,0.028518350794911385,0.9644597768783569,1.539841498754413e-08
ISIC_0069530,6.282932507595262e-10,3.303817983080215e-11,1.6047461031121202e-05,2.6245945861091968e-08,2.1795640350319445e-06,0.9999817609786987,1.0727815163980026e-10
ISIC_0066628,4.941391161538983e-16,2.596378320673942e-11,1.18552534331684e-05,8.636360604441506e-08,2.7528823920874856e-05,0.9999605417251587,1.337057686789933e-10
ISIC_0072609,0.2259884923696518,0.5686534643173218,0.004012375138700008,0.00027790828607976437,0.037501417100429535,0.041718777269124985,0.12184751778841019
ISIC_0059028,0.0001128817893913947,0.9930586814880371,0.0055550201795995235,1.439652237422706e-06,0.0003076482389587909,0.0008609583019278944,0.00010319677676307037
ISIC_0061884,0.00011533396900631487,0.0015099402517080307,0.003007381223142147,0.9679029583930969,0.00018691470904741436,0.027256743982434273,2.076776945614256e-05
ISIC_0057161,1.6420462998212315e-05,0.1587103307247162,0.09796103090047836,8.009443108747405e-10,0.004570063669234514,0.0011542952852323651,0.7375878691673279
ISIC_0062777,1.9201293980586343e-05,1.004450632369723e-14,6.46448097540997e-05,1.9523123395703834e-10,7.913722583907656e-06,0.9998892545700073,1.8927436030935496e-05
ISIC_0064943,1.2355767076144275e-08,1.1095711480689496e-14,2.1124562010754744e-07,5.317174825436588e-11,0.9999997615814209,2.1314854048437581e-10,1.5180992463115217e-08
ISIC_0065771,3.592205393943004e-05,1.9531123385263527e-08,0.9999603033065796,2.771559648451216e-10,2.2716816872048184e-08,3.6010530948260566e-06,1.0029327057736737e-07
ISIC_0060764,0.00017282018961850554,0.4526868462562561,0.14163249731063843,0.018844157457351685,0.049741990864276886,0.1761482208967209,0.16077348589897156
ISIC_0053544,0.002242661314085126,0.9420105814933777,0.017242323607206345,1.967079697351437e-06,1.673844280958292e-07,0.0047768279910087585,0.033725421875715256
ISIC_0060324,9.60784299341988e-11,1.2601462628936133e-07,4.880319829680957e-05,9.154278814094141e-06,0.00034174343454651535,0.9996002316474915,2.3028221107779245e-08
ISIC_0060813,8.651462324316128e-10,1.1183718697793665e-06,0.005730923730880022,1.339186928817071e-05,0.0005617250571958721,0.9936928749084473,8.692702557766552e-09
ISIC_0071114,1.1188598136868677e-07,0.9999974966049194,6.443479350082271e-08,4.77714368063431e-10,5.316028364177328e-07,1.0344411975893308e-06,7.491669293813175e-07
ISIC_0063106,4.96866796595441e-08,4.792252705776434e-10,0.3287005126476288,2.4287362975883298e-05,0.0009780836990103126,0.6702836751937866,1.3395447240327485e-05
ISIC_0058857,3.588515653518698e-07,0.9912493228912354,0.002412803005427122,0.005042812786996365,3.894346036759089e-07,0.0012837520334869623,1.0559982001723256e-05
ISIC_0064367,2.3405320348501846e-07,0.02564847841858864,0.6806126832962036,1.855306186460126e-11,5.138186542907874e-10,0.29373598098754883,2.692842826945707e-06
ISIC_0058546,1.2319535613869448e-08,2.1407067785084166e-10,7.139778404052777e-07,0.00011269239621469751,0.37649333477020264,0.6233932971954346,1.4644095935878454e-09
ISIC_0071650,1.4814689563991124e-07,0.002122168429195881,2.3916689315228723e-05,0.02530098147690296,0.0003699142253026366,0.971808135509491,0.0003747959854081273
ISIC_0071609,0.9956104159355164,0.000817730906419456,0.0004315200785640627,7.560585117971641e-07,0.003135449718683958,1.558328577289103e-08,4.0948993955680635e-06
ISIC_0071554,1.502204064579335e-16,2.782289355911195e-16,1.1724294381565414e-05,3.901984204496278e-12,1.0049134289147332e-05,0.9999781847000122,2.2420847730492133e-12
ISIC_0072376,0.006195690017193556,0.33424869179725647,0.00020074885105714202,0.0037595462054014206,0.018867390230298042,0.5724849104881287,0.06424296647310257
ISIC_0056529,0.10955948382616043,9.921173477778211e-05,0.13027727603912354,0.00019620389502961189,0.022345805540680885,0.7363374829292297,0.001184496097266674
ISIC_0073193,0.8733636140823364,0.12199465930461884,0.00398334302008152,0.000255850434768945,0.00035011471481993794,4.575563070829958e-05,6.704908173560398e-06
ISIC_0054831,1.729542600514833e-05,0.0005430977907963097,0.0003823076840490103,0.0015129641396924853,0.01913362368941307,0.9784072041511536,3.484100716377725e-06
ISIC_0061088,0.06144924834370613,2.1852088138984982e-08,4.2225402861750805e-12,0.039689287543296814,0.00011613396782195196,0.000490708916913718,0.8982546329498291
ISIC_0064039,2.9130033496471697e-08,1.871455810846363e-18,0.001434016739949584,2.558136102948083e-08,3.5748387745115906e-05,0.9985301494598389,1.1353927780594075e-13
ISIC_0066589,6.748136578471403e-15,3.5696709477228694e-11,0.0022813240066170692,5.021124138693267e-08,0.13884954154491425,0.8588690757751465,2.949752941905359e-11
ISIC_0070534,1.2377014172670897e-05,0.9960630536079407,0.0038859411142766476,6.736244273497505e-08,4.633304797607707e-06,3.389825360500254e-05,1.4959741179154662e-07
ISIC_0069392,1.249869097108558e-10,1.300247669949739e-11,0.012238480150699615,7.2865373113018e-07,0.0020670131780207157,0.9856938123703003,2.2791601494986935e-08
ISIC_0070818,1.2282325769774616e-06,0.0022127171978354454,0.00010402761836303398,5.815064696435002e-07,0.0012802170822396874,0.9964010715484619,1.0793145577281393e-07
ISIC_0066013,1.9658573364722542e-06,0.997800886631012,0.00200258893892169,0.0001587147417012602,1.6110636436028614e-10,3.542363629094325e-05,3.883200463405956e-07
ISIC_0054745,9.210888674715534e-05,7.969364560267422e-06,0.9998764991760254,3.41237060830224e-09,1.2091375900524781e-08,1.765548404364381e-05,5.779127150162822e-06
ISIC_0053627,1.505567070125835e-06,1.3608189011402039e-12,0.0008315384620800614,6.406613465514965e-06,0.13065803050994873,0.8685024380683899,6.64320864984802e-08
ISIC_0064622,0.0037058130837976933,0.48539718985557556,0.06056082248687744,0.23052215576171875,0.0014509196626022458,0.21835094690322876,1.2104090274078771e-05
ISIC_0053873,3.745283194689364e-08,5.303546458890196e-06,0.011902480386197567,0.012880419380962849,0.0018392681377008557,0.9607793688774109,0.012593160383403301
ISIC_0071897,2.64647079919252e-16,1.0319869958586025e-10,1.729070208966732e-05,5.161943650300316e-10,0.000403264828491956,0.9995794892311096,2.2184649950407476e-10
ISIC_0064455,5.635891398014792e-08,3.549161920091137e-05,0.00013321047299541533,1.3678599088962073e-06,0.013969993218779564,0.9858596920967102,1.9594800448885508e-07
ISIC_0059322,9.22131701509496e-14,4.4419803657547163e-07,0.15617376565933228,9.341518669714333e-10,0.004802102223038673,0.8390236496925354,1.8066251619708318e-12
ISIC_0070819,5.816275370307267e-05,1.9440230403233727e-07,0.01591532491147518,3.3644769246166106e-06,0.9580817222595215,0.025815770030021667,0.00012551994586829096
ISIC_0067159,1.7324227608028764e-09,1.24081025205669e-05,0.0161469504237175,4.743053061417868e-09,8.075087680481374e-05,0.983759880065918,8.94883958602044e-11
ISIC_0072556,2.681875610477391e-09,3.0518583216121442e-09,4.0907729271566495e-05,6.998951196379721e-09,0.004345615394413471,0.9956134557723999,1.1406169411753986e-11
ISIC_0056917,9.383098586113192e-06,0.9814708828926086,3.596859187382506e-06,2.2919341802207782e-07,0.0017756790621206164,7.412628519887221e-07,0.01673949509859085
ISIC_0071793,1.524976056543892e-07,0.9999508857727051,2.334521195734851e-05,1.7796370591917875e-14,1.1201192364751478e-06,2.455502726661507e-05,2.8809179486444236e-09
ISIC_0057038,0.00033113270183093846,0.0009460286819376051,0.179093137383461,0.7167434692382812,0.0018492602976039052,0.07358864694833755,0.027448361739516258
ISIC_0071000,6.544751613546396e-06,2.8045877115800977e-05,6.860230996608152e-07,2.790833189547648e-11,0.9733474254608154,0.026213621720671654,0.00040365831227973104
ISIC_0070749,1.6849084627512667e-10,2.4041152402176635e-10,0.00044127582805231214,1.9639536663618173e-09,4.3796186218969524e-05,0.9995149374008179,4.628373240223027e-10
ISIC_0073153,1.1103345968876965e-05,0.0025264343712478876,0.04694754257798195,0.7662457823753357,0.16779911518096924,0.016470054164528847,2.2351773765194594e-09
ISIC_0062309,5.394390489854572e-10,0.08727571368217468,0.02453519031405449,0.02415102906525135,2.1718747120758053e-06,0.8639740347862244,6.187623512232676e-05
ISIC_0067759,5.624839332085685e-07,4.636482309194889e-09,0.004158174619078636,4.537385848379927e-06,0.0025601270608603954,0.9932765960693359,1.2889156408846247e-08
ISIC_0070761,1.0307270713383332e-05,0.9764273166656494,0.010508906096220016,0.001805438892915845,0.009202396497130394,0.0020441433880478144,1.534091666144377e-06
ISIC_0053641,1.4768498856026872e-14,5.317966497386806e-06,2.83521439996548e-05,7.327963569281337e-09,6.942414529476082e-06,0.99994957447052,9.806605703488458e-06
ISIC_0069371,5.574240640271455e-05,0.00013102595403324813,0.06499359011650085,0.02409921959042549,0.025956295430660248,0.8760376572608948,0.008726381696760654
ISIC_0069257,0.005178182851523161,3.062696350752958e-06,0.9434728622436523,0.00015252726734615862,0.010156060568988323,0.04091477766633034,0.00012241577496752143
ISIC_0064955,2.8663660334160568e-09,5.176499584536032e-08,0.23409198224544525,6.372430652845651e-05,0.0020671766251325607,0.7637770771980286,5.810410746293071e-12
ISIC_0059473,0.05307982116937637,2.3330341718974523e-05,0.14344114065170288,0.00013025048247072846,0.02643914707005024,0.7767924666404724,9.391097410116345e-05
ISIC_0057164,2.3302012763792845e-08,0.0003089616075158119,3.393410224816762e-05,0.0018337845103815198,0.22728843986988068,0.770220935344696,0.0003139074251521379
ISIC_0060273,0.00015959003940224648,0.5822024941444397,0.16225624084472656,0.22132624685764313,0.00934716034680605,0.02356937900185585,0.0011388409184291959
ISIC_0062439,1.286068851413802e-07,2.8742024369421415e-05,0.0014130888739600778,3.039843022634159e-06,0.0027260910719633102,0.9958289265632629,1.853799891371466e-09
ISIC_0068475,0.0004084163811057806,0.37663137912750244,0.621221661567688,1.0707216233640793e-06,6.198370527954467e-08,4.02568512072321e-05,0.0016971095465123653
ISIC_0060213,5.065483605903864e-07,5.129795113134605e-07,0.01819281093776226,1.585512876545181e-08,0.011520964093506336,0.9702851176261902,7.716829397708125e-10
ISIC_0061842,5.670049745276629e-07,0.06676608324050903,0.00045373704051598907,0.0008984242449514568,0.0005866246065124869,0.931290864944458,3.7069753489049617e-06
ISIC_0072679,0.920764684677124,0.000691227032802999,0.00043429178185760975,4.0020051528699696e-05,0.060610368847846985,0.01642722263932228,0.0010320539586246014
ISIC_0072914,0.0016428277594968677,0.00308141577988863,1.9882216292899102e-05,0.0005336534231901169,0.000314546370645985,0.00483693927526474,0.9895707368850708
ISIC_0064351,6.793007822913921e-10,0.9999996423721313,3.22540908911928e-12,3.2415354844772537e-09,1.9643184648310275e-12,4.0966500591821386e-07,5.483331236982858e-12
ISIC_0054138,4.0852256688594935e-08,7.598574939038372e-06,0.5760112404823303,1.75810316704883e-06,0.34019166231155396,0.08378772437572479,3.3193966686440035e-08
ISIC_0072907,2.855696038750466e-05,0.9999521970748901,1.474468081141822e-05,2.7523838763698905e-09,4.379410711408127e-06,1.9191817912656006e-08,2.5163638284197987e-08
ISIC_0055812,0.02947758324444294,0.5614198446273804,0.4090898633003235,5.332165073923534e-07,8.214394711103523e-07,1.1371200344001409e-05,1.1115399267680459e-08
ISIC_0070395,2.1537882588518187e-09,3.0932651498005725e-06,6.392387774667441e-08,9.039211334993524e-08,3.8019723547222384e-07,0.9999960660934448,3.4348084909652243e-07
ISIC_0071181,9.401768608086059e-08,4.847604540003658e-09,0.0023739056196063757,5.2742785833226336e-11,0.19951972365379333,0.79810631275177,5.375588862932545e-10
ISIC_0066719,1.0526733651428088e-10,2.5620747656687065e-14,0.0011339844204485416,3.661166693164769e-13,2.8389933959260816e-07,0.9988657236099243,1.6940999452330803e-14
ISIC_0063713,9.48681619372671e-11,4.619425952867573e-10,0.018083035945892334,1.2182243835923146e-06,0.00649154931306839,0.9754239320755005,1.7668259033598588e-07
ISIC_0071900,0.04482172057032585,0.000414299953263253,0.6412234306335449,0.020278431475162506,0.00016834829875733703,0.2922250032424927,0.0008688490488566458
ISIC_0064461,8.013444768861788e-11,6.7894487774944334e-12,0.052267398685216904,1.3728543990509934e-07,0.0012952500255778432,0.9464371800422668,1.1280171675204231e-12
ISIC_0065307,1.0560574992268812e-07,2.0301500010169032e-13,0.9991132616996765,1.7484590164595915e-11,0.0008797324262559414,6.9073976192157716e-06,2.2985284786614102e-08
ISIC_0073201,2.587383278296329e-05,0.03952092304825783,0.260725200176239,0.018422240391373634,0.09894437342882156,0.5819660425186157,0.00039535167161375284
ISIC_0064631,0.0006379652768373489,1.4264262972574215e-05,0.04332230985164642,7.079055649228394e-06,0.01712757535278797,0.938889741897583,1.1541876574483467e-06
ISIC_0053579,6.827455933944293e-09,0.00010578637738944963,0.025285106152296066,2.921172608694178e-06,1.728760435071308e-05,0.974573016166687,1.591189175087493e-05
ISIC_0068126,3.145893767708685e-09,6.891680754961271e-07,4.5513235818361863e-05,2.5406460935073483e-08,0.0018671507714316249,0.99808669090271,5.6359272804229477e-08
ISIC_0062677,8.940570506155154e-10,3.3818350138499487e-13,5.294320004622932e-08,4.4118326769648775e-08,7.12103646947071e-05,0.9999287128448486,1.8367757315118638e-09
ISIC_0056988,5.273316783238613e-10,3.2667472242911555e-14,4.752565985199908e-07,6.314819245289982e-08,0.9999486207962036,5.082592906546779e-05,1.1576307912264383e-08
ISIC_0060207,0.9997265934944153,7.017866300884634e-05,2.8085833037039265e-07,0.00020240919548086822,3.347635724182396e-09,3.759255818962248e-13,6.166224011394661e-07
ISIC_0054616,0.0036099471617490053,0.0032164081931114197,0.7634100914001465,1.3342564670892898e-06,0.19887354969978333,0.030888283625245094,3.752183488359151e-07
ISIC_0068927,2.5817835282854196e-12,2.030136258754367e-12,0.0002411682071397081,2.626709942887828e-07,0.06262530386447906,0.937133252620697,4.7155942345389334e-11
ISIC_0056132,1.0174208142643693e-09,4.206343930945877e-07,0.565666139125824,0.0001283323363168165,0.005013489164412022,0.42919018864631653,1.4371606766871992e-06
ISIC_0054996,1.499100754642768e-08,3.294007427934176e-11,2.9691980671486817e-05,0.0002540972491260618,0.00014677159197162837,0.9995694756507874,4.750934090580472e-10
ISIC_0055222,8.228927981690504e-06,6.864667375339195e-05,5.340210918802768e-05,8.699246245669201e-05,9.269766065855833e-10,0.9991711378097534,0.0006116159493103623
ISIC_0055659,4.144361069602365e-12,1.2980656046573946e-12,1.501431370343198e-07,5.807545199951192e-13,0.8734523057937622,0.12654758989810944,1.390523113320441e-10
ISIC_0061035,9.248427090824407e-08,0.001119848806411028,0.06233659014105797,2.7149630454914586e-07,0.000194689811905846,0.9362940788269043,5.433679689303972e-05
ISIC_0055352,6.961061060906104e-09,4.607046776072821e-06,2.0312632841523737e-05,1.4565908941222006e-06,3.2395016091868456e-07,0.0003563346399459988,0.9996169805526733
ISIC_0071375,2.0653753707300382e-10,1.1780297223817904e-11,0.029291316866874695,9.861321481619001e-11,0.6628900766372681,0.30781862139701843,4.2949344081222307e-10
ISIC_0066126,0.00039699944318272173,0.1111951395869255,0.006580947898328304,8.489398896927014e-05,0.001492306124418974,0.8779355883598328,0.002314116572961211
ISIC_0071868,3.817720861665208e-10,2.7773618474502548e-11,0.0011004871921613812,1.1265143142315595e-13,0.9987780451774597,0.00012143047933932394,5.0832856126432555e-14
ISIC_0068631,0.00024597588344477117,5.008820880902931e-05,0.12366373836994171,0.0004695313109550625,4.198278134026623e-07,0.8755698800086975,3.984496856901387e-07
ISIC_0071345,6.225785909919068e-06,8.502776260854716e-10,0.0008279301691800356,0.00013439114263746887,0.9643077850341797,0.034701257944107056,2.240982576040551e-05
ISIC_0072540,0.0006175648304633796,0.011217267252504826,0.024396473541855812,0.0010011909762397408,0.06748790293931961,0.7575953602790833,0.13768421113491058
ISIC_0072212,1.5461164293295582e-10,1.2343625144239923e-07,0.15156419575214386,6.826999054965199e-08,6.9302841438911855e-06,0.8484287261962891,3.862265715581792e-11
ISIC_0067015,1.3360357797864708e-06,4.030860054626828e-06,0.03381507843732834,2.152508159269928e-06,0.009093621745705605,0.9570838212966919,1.9668593864707873e-08
ISIC_0054530,0.031053287908434868,0.4815310537815094,0.033714670687913895,0.21046622097492218,0.0062268199399113655,0.008726341649889946,0.22828152775764465
ISIC_0065272,1.5782445188960992e-05,3.2926520361797884e-05,0.11804910004138947,2.345081611565547e-06,0.0007140516536310315,0.8811309337615967,5.4831631132401526e-05
ISIC_0062025,8.925287175998164e-09,9.63302591117099e-06,4.904666752736375e-07,4.605702201843087e-07,3.826590909739025e-05,0.9999492168426514,1.913032974698581e-06
ISIC_0068687,2.7304235118208453e-05,1.3153776734498024e-08,0.9956986904144287,2.9580482063806812e-08,0.0005651392857544124,0.003708962816745043,1.0361508095968475e-08
ISIC_0057179,0.00014783107326366007,0.9996857643127441,0.00015061772137414664,2.7731448426493444e-07,1.5483574316021986e-05,2.7528015422717544e-08,7.751246045017979e-08
ISIC_0059208,1.4662634384876583e-05,2.6106544481763194e-08,6.891708471812308e-05,0.003535692347213626,0.010146171785891056,0.9862338304519653,7.519007567680092e-07
ISIC_0060846,1.4378777279944188e-07,1.249536467184953e-06,0.13638180494308472,9.649004368839087e-07,0.11683101952075958,0.7467838525772095,9.464714594287216e-07
ISIC_0067065,4.679918674810324e-08,6.457478107790848e-09,8.32600417197682e-05,2.2533095389576374e-08,0.9868835806846619,0.013033198192715645,1.5858419022407588e-09
ISIC_0071021,6.566944321662049e-09,4.865138958365378e-09,0.0026837624609470367,4.9197772966635966e-08,0.15370780229568481,0.8436083793640137,1.20208301646052e-10
ISIC_0071946,6.410394348677073e-07,1.3070294846428965e-10,0.9985199570655823,1.6622312614344992e-05,0.00032829749397933483,0.0011344782542437315,3.672432150048088e-12
ISIC_0062334,3.169550666370924e-07,7.29164506552138e-11,0.16377544403076172,8.983545285445871e-08,0.0039134700782597065,0.832310676574707,3.384760527413988e-10
ISIC_0070703,5.991812601635615e-11,2.0538278109466512e-12,1.1784672780453534e-16,9.717507180873053e-12,3.9911429716710245e-10,2.3709109675529305e-10,1.0
ISIC_0071090,0.00037129822885617614,3.121369135383745e-11,0.00023288735246751457,2.9513296251337806e-09,0.020427705720067024,0.9787879586219788,0.0001801645412342623
ISIC_0060268,1.3105050129524898e-06,3.0755226924222834e-12,2.9738830562564544e-06,4.2363765273556453e-10,0.7785254716873169,0.22147026658058167,4.875453929464868e-10
ISIC_0057753,2.5361410020685593e-12,4.594561832231038e-14,8.763259393163025e-05,2.2705439958747853e-12,0.0185139998793602,0.9813984036445618,1.0501572701715478e-11
ISIC_0068105,3.5232629314041475e-11,1.904420718346067e-11,1.740604238875676e-05,2.5944697767954494e-07,1.3735146353610617e-07,0.9999822378158569,3.554408156691835e-10
ISIC_0054065,4.2567123159642506e-08,0.9984672665596008,0.00012512110697571188,8.002864433365176e-07,4.379035817692056e-05,0.001362635986879468,3.319761390230269e-07
ISIC_0071385,1.6777403077927744e-10,0.010592414066195488,0.027776125818490982,3.366207010913058e-06,0.40648946166038513,0.48079681396484375,0.07434184849262238
ISIC_0053983,8.67717171786353e-05,0.0017784751253202558,0.0014696044381707907,0.00010142562678083777,0.00034740095725283027,0.9962137341499329,2.626546347528347e-06
ISIC_0056188,3.685599185105768e-20,5.4461270833795067e-14,9.747286311423409e-11,3.1578439863011454e-10,6.888905090818298e-08,0.9999998807907104,1.4719528493214312e-13
ISIC_0068941,1.2546653715972411e-09,7.2137957829454535e-09,1.7900947568705305e-06,7.13039241873048e-07,0.9994298815727234,1.7560480046086013e-05,0.0005500666447915137
ISIC_0059092,1.1473907379766501e-09,8.885094437971475e-09,0.7406831979751587,1.0499298479238472e-11,0.17551659047603607,0.08380022644996643,4.6106642809240483e-11
ISIC_0070519,8.28945581881485e-13,7.820187639812071e-14,1.5093106640051701e-06,1.1562433677170247e-08,0.0006156487506814301,0.9993828535079956,1.3156167778458072e-12
ISIC_0053885,0.002081922721117735,3.6013636517395753e-10,0.8191604018211365,2.3382739527733065e-05,0.1773541420698166,0.0013788276119157672,1.3227164572526817e-06
ISIC_0069648,1.9744824442113895e-08,0.012628966942429543,0.9471017718315125,3.0135400841402316e-09,2.869536501748371e-06,0.04026637226343155,1.2444145269796536e-08
ISIC_0058561,2.646683228135771e-08,1.0161410601838838e-09,0.9994916915893555,1.1776357510949898e-14,7.108629684893231e-09,0.0005077706300653517,5.038677954871673e-07
ISIC_0068594,3.8256214602433447e-13,3.983187113476561e-09,6.470028165495023e-05,8.885967048982701e-13,0.0007710422505624592,0.9991642236709595,1.5409911194308457e-11
ISIC_0064024,1.8865021047531627e-05,0.6114500761032104,0.08708609640598297,1.4007184290676378e-05,0.002159253926947713,0.29926615953445435,5.57461271455395e-06
ISIC_0065633,0.012951628305017948,1.368626612929802e-06,0.9828121066093445,4.3408046934700906e-08,0.003139508655294776,0.001095386571250856,1.2092804979602079e-08
ISIC_0065525,0.0004928844282403588,1.9422297725668614e-07,0.003188145812600851,1.8409948097541928e-05,0.995236337184906,0.0010640010004863143,1.1109317910040772e-07
ISIC_0065387,0.00937372911721468,2.651546759935286e-10,0.30253520607948303,0.6871562004089355,5.007961590308696e-05,3.081734030274674e-05,0.0008539779228158295
ISIC_0072124,0.09056610614061356,0.053608059883117676,0.016226671636104584,0.00017916182696353644,0.8058916330337524,0.028999539092183113,0.0045288363471627235
ISIC_0073245,2.373163624724839e-05,0.012370548211038113,7.524483953602612e-05,0.001519380952231586,0.6316197514533997,0.3543832302093506,8.125760359689593e-06
ISIC_0070700,0.019907541573047638,0.03093716874718666,0.06222326308488846,0.002601997461169958,0.18741042912006378,0.6969163417816162,3.2184752853936516e-06
ISIC_0067414,0.00043785574962385,0.12196101993322372,0.00026987004093825817,0.26886799931526184,0.00018631423881743103,0.602321445941925,0.005955392029136419
ISIC_0054071,2.2329640358975666e-09,2.4276428089997637e-10,0.07616692781448364,1.8297664894362242e-07,0.048095542937517166,0.8757371306419373,2.0649592613608547e-07
ISIC_0053790,4.2399601625220384e-06,6.606969745609481e-13,0.9939090013504028,2.3848498287293296e-08,0.006085344590246677,1.4643102304034983e-06,2.6176064354260786e-12
ISIC_0054732,2.0644238247768953e-05,1.5009716136660245e-08,0.00578317092731595,2.733541805355344e-06,1.5751329556223936e-05,0.9548642039299011,0.039313413202762604
ISIC_0059639,7.519937298638979e-06,0.01160325389355421,0.4866499602794647,0.09865228831768036,0.001737026497721672,0.4013415277004242,8.452667316305451e-06
ISIC_0065789,2.1082467716038167e-10,5.8426485871621026e-09,1.2862341463915072e-05,9.673798473386341e-08,0.0016938343178480864,0.9982932209968567,8.505266491098951e-10
ISIC_0064666,6.850112838074907e-11,1.89415709428431e-06,0.001528641558252275,0.0004867315001320094,0.4789796471595764,0.5190030932426453,7.625575171310572e-11
ISIC_0071865,8.456036084680818e-06,2.1710227429139195e-06,0.9109721779823303,9.418131230631843e-05,0.01323738507926464,0.07568565756082535,8.742724426358262e-12
ISIC_0067295,0.027421098202466965,0.41381824016571045,0.5314096808433533,0.019671935588121414,0.0010291269281879067,0.006631350610405207,1.856428752944339e-05
ISIC_0067930,0.013070709072053432,4.170480679022148e-06,0.00014060769171919674,0.00017611919611226767,0.5424690246582031,0.4441393315792084,2.139671252676667e-11
ISIC_0062501,2.8810886760766152e-06,0.21338887512683868,0.0012829836923629045,0.11780004948377609,1.3483754628396127e-06,0.6618509292602539,0.005672930274158716
ISIC_0054871,1.5296867772462974e-08,1.2914073954493508e-15,1.2047476957377512e-05,0.0001987340219784528,0.0011624062899500132,0.9986268281936646,7.791119749356312e-09
ISIC_0055334,1.2776962421412463e-07,0.09904442727565765,7.431937410729006e-05,3.590979031287134e-05,0.31344717741012573,0.5873979926109314,5.8178878381554e-11
ISIC_0057593,0.0012970316456630826,5.672433900372198e-08,0.09874649345874786,0.0007592772017233074,0.005200096406042576,0.8935741782188416,0.0004229279875289649
ISIC_0062840,6.2787989918433595e-06,0.00027582948678173125,0.0003091029648203403,0.022603590041399002,1.4169665519148111e-05,0.9767909049987793,1.5984649337497103e-07
ISIC_0057015,1.7986774764722213e-05,1.1414149412303232e-06,0.0704568475484848,1.5066770231442206e-07,0.0002844480623025447,0.9290575385093689,0.00018195333541370928
ISIC_0064578,0.0025898132007569075,0.10838363319635391,0.8871883153915405,8.135649665064193e-08,0.0016210005851462483,0.0002113899972755462,5.723855338146677e-06
ISIC_0060080,1.8144722844226635e-06,2.4156686322385212e-06,0.19404153525829315,8.211400768232124e-07,0.3270532488822937,0.4568812847137451,0.02201886847615242
ISIC_0071947,1.2122982197097787e-13,5.342386089068896e-07,9.57430685843974e-08,2.9503488008231216e-07,0.001835440518334508,0.998163640499115,1.6000150537820446e-08
ISIC_0071448,2.496734396117972e-06,4.2576858705345444e-11,0.055502571165561676,1.972896290780568e-09,0.9444444179534912,4.977307980880141e-05,8.302243941216148e-07
ISIC_0070646,2.7757755560742225e-06,5.11128121161164e-07,0.10809759795665741,6.14818959632224e-11,9.656787369749509e-06,0.8918894529342651,2.2126021903545734e-08
ISIC_0055303,0.007153127808123827,0.7246190309524536,0.12481976300477982,6.234912586222663e-10,0.11550509184598923,0.027902882546186447,2.1605989886097632e-08
ISIC_0066314,3.1637136486961648e-12,2.0801249611679395e-11,0.13285066187381744,2.4713301627343753e-06,0.004589477088302374,0.8625572919845581,1.3032716594807425e-07
ISIC_0068339,0.0004427909734658897,0.9994774460792542,1.8309374354430474e-05,1.994674470040536e-08,3.3328285553579917e-07,9.984573807741981e-06,5.110895654070191e-05
ISIC_0073091,0.8048192262649536,0.14142970740795135,0.004384914413094521,0.0001528663997305557,0.04849264398217201,0.000701863900758326,1.8785332940751687e-05
ISIC_0059480,8.28990014269948e-05,0.9179883599281311,0.08188458532094955,1.3769566976407077e-05,1.1399075447116047e-05,1.5273417375283316e-05,3.6607953006750904e-06
ISIC_0072531,1.9376666386961006e-06,0.004781666211783886,0.9951270818710327,3.2601312760505152e-09,5.4323118092725053e-05,3.308576924609952e-05,1.920797103593941e-06
ISIC_0064883,7.0961964411253575e-06,4.059154889546335e-06,0.9501436948776245,2.037171098479007e-09,0.012160082347691059,0.03768499940633774,4.241603956955942e-09
ISIC_0061749,9.26730425732103e-09,7.583377623632259e-07,1.7687474596073116e-08,0.0008425253909081221,0.0003295184869784862,0.9988271594047546,1.4300878703465969e-08
ISIC_0059341,7.695686690567527e-06,0.00015050942602101713,0.0001656066597206518,0.0023636571131646633,0.5029640793800354,0.4943484365940094,2.0658703192566463e-08
ISIC_0067345,5.693101456927252e-07,0.000611997558735311,0.9941796064376831,0.004446228966116905,7.557013304904103e-06,0.0007502553635276854,3.7346403587434907e-06
ISIC_0059477,3.7918966881989036e-06,2.8134753193853612e-08,0.09432322531938553,0.0005467673763632774,0.6891959309577942,0.21591030061244965,2.000468703045044e-05
ISIC_0060354,3.868071871693246e-07,3.44810041630339e-10,0.0020841110963374376,1.018935478214189e-07,0.9946351647377014,0.0032801993656903505,7.156285009024543e-10
ISIC_0058432,0.0023048631846904755,0.001409170450642705,0.23103167116641998,3.4128628811913586e-08,0.0027246112003922462,0.7624648809432983,6.467980711022392e-05
ISIC_0061709,8.514757787736471e-09,0.8125646710395813,0.18733347952365875,1.092833940674609e-06,4.086166154593229e-05,5.985884490655735e-05,4.105642048557456e-09
ISIC_0067804,5.333922217687359e-06,0.00033923491719178855,1.2875848369731102e-05,0.9983013868331909,1.6934210407271166e-06,0.001328202779404819,1.1234264093218371e-05
ISIC_0059546,6.1857194850745145e-06,0.9987799525260925,0.0009220845531672239,1.5732667946188883e-10,0.0002555167593527585,2.081210186588578e-05,1.544802034914028e-05
ISIC_0070999,0.026906652376055717,2.6457976218807744e-06,0.9622198939323425,0.009521404281258583,0.0010253952350467443,0.00011234297562623397,0.00021178294264245778
ISIC_0056693,2.9902333387177293e-10,0.05913446098566055,0.0016478518955409527,0.00016526620311196893,0.00010939608910121024,0.9389423727989197,7.205555334621749e-07
ISIC_0064226,1.7988755644182675e-05,0.09364394098520279,0.006317921914160252,0.05149964243173599,0.016742529347538948,0.09631311893463135,0.735464870929718
ISIC_0057845,3.315792528343724e-16,0.00011678459122776985,0.056657321751117706,0.9156314730644226,0.012831257656216621,0.014106147922575474,0.0006570978439413011
ISIC_0059221,2.61459714989698e-10,3.3859727521790006e-11,6.874541668366874e-06,2.4879548163880827e-06,0.0009645582758821547,0.9990260601043701,2.2404543997822657e-08
ISIC_0060582,0.050209976732730865,0.3389641046524048,0.046704843640327454,3.3755692129489034e-05,0.5640532374382019,2.528736695239786e-05,8.709369467396755e-06
ISIC_0073003,0.9953303337097168,6.552795071002038e-07,2.4969231127158764e-09,1.4230841770768166e-05,0.004284065682440996,0.000370238209143281,5.091173989058007e-07
ISIC_0058332,3.3699357118166517e-06,9.327054103017152e-13,0.033870723098516464,0.0012318239314481616,0.9628620147705078,0.0020311125554144382,1.052264565259975e-06
ISIC_0063046,1.5336252268127737e-09,5.528968358703423e-07,0.9892247319221497,5.604092621069867e-06,0.0001590117608429864,0.010609649121761322,3.334036762225878e-07
ISIC_0058900,1.3455488101499213e-07,0.00035209517227485776,0.0008379148202948272,0.00036542530870065093,0.9957206845283508,0.002704725367948413,1.909334423544351e-05
ISIC_0062724,3.2727569987400784e-07,9.212476470565889e-08,0.7718870043754578,5.085354359835037e-09,0.21128536760807037,0.016827067360281944,1.1331722049590098e-07
ISIC_0058376,0.07346262037754059,0.926535427570343,3.8750394537601096e-07,2.348124539253149e-08,4.39675261532102e-07,6.215505443663005e-09,1.0567296158114914e-06
ISIC_0056714,0.0032862371299415827,0.5295248031616211,0.3901589512825012,6.76931522320956e-05,0.009652061387896538,0.06731006503105164,2.1205393352374813e-07
ISIC_0054635,0.0006434820825234056,0.00012016211985610425,0.023969091475009918,0.9749455451965332,3.4269985917489976e-05,0.00021426771127153188,7.311048830160871e-05
ISIC_0069668,1.2822420103475451e-05,4.883342626271769e-06,0.9959933757781982,3.728479782694194e-07,0.0025893086567521095,0.001399224391207099,1.9417598640103506e-09
ISIC_0072329,3.90301374864066e-06,0.0001564721023896709,0.10629085451364517,0.010781434364616871,0.14212843775749207,0.7406361699104309,2.744021230682847e-06
ISIC_0061624,5.111593281981186e-07,2.419848765811139e-10,0.0037805549800395966,4.977384742232971e-05,0.8052817583084106,0.19088740646839142,1.4324596619985641e-08
ISIC_0070210,0.005681835114955902,0.00018906551122199744,0.22130809724330902,0.0010967872804030776,0.0004442042263690382,0.771278440952301,1.5427589232785976e-06
ISIC_0064220,3.020225847194524e-07,0.0029035985935479403,0.00015090664965100586,8.285471753133322e-10,8.245102799264714e-05,0.8844372630119324,0.11242545396089554
ISIC_0059516,2.1950367226963863e-05,0.9999294281005859,8.898887244868092e-06,2.5121872582190008e-08,2.0246270082679985e-07,5.034612968302099e-06,3.439713327679783e-05
ISIC_0071671,2.5138319870166015e-06,2.164880328336949e-07,0.9999821186065674,5.048768342416285e-14,3.4301695706062674e-08,1.5122009244805668e-05,6.894657587908082e-12
ISIC_0062571,0.005186570808291435,5.2429354582272936e-06,0.873830258846283,0.014354127459228039,0.02238193340599537,0.08424032479524612,1.616644340174389e-06
ISIC_0068569,0.008474161848425865,0.0019009436946362257,0.6084189414978027,1.5503262602578616e-06,0.018896237015724182,0.3619817793369293,0.0003263686376158148
ISIC_0072552,1.0851061021943664e-10,8.742990775800763e-10,0.0001980257802642882,5.260661350980911e-10,0.00013503283844329417,0.9996669292449951,2.924100606094271e-08
ISIC_0072247,3.330497565912083e-05,0.004650791175663471,0.002720806747674942,0.9727439284324646,3.025874661943817e-07,0.01966402679681778,0.00018686434486880898
ISIC_0066679,5.871511348232161e-06,0.996157705783844,0.0011481872061267495,1.866816819529049e-05,5.188917202758603e-05,0.0015251097502186894,0.0010926829418167472
ISIC_0059419,0.0005558131379075348,8.029504101614293e-07,0.21317975223064423,0.0001864264631876722,0.0003189457056578249,0.7857330441474915,2.51634482992813e-05
ISIC_0057819,2.3545953808934428e-06,4.178259587206412e-07,0.0023855362087488174,6.5462493203938266e-09,0.22975954413414001,0.7678521275520325,6.599930046924385e-10
ISIC_0059692,0.0075875031761825085,3.738246618922858e-07,0.14991720020771027,2.583833338576369e-05,0.8422262668609619,0.000240088818827644,2.8398037557053613e-06
ISIC_0061742,1.1335730505379615e-06,0.0012704749824479222,0.0028745392337441444,0.9677960872650146,1.5761994291096926e-05,0.028034264221787453,7.6040992098569404e-06
ISIC_0069537,0.33805543184280396,0.16394707560539246,0.2273615151643753,0.0015003070002421737,0.014833038672804832,0.2540953755378723,0.00020720761676784605
ISIC_0059526,7.462789737484424e-17,1.8993828732050133e-09,0.0003370238409843296,3.2222629009481807e-09,0.1462300419807434,0.8534327149391174,1.7517119488275057e-07
ISIC_0057391,5.047344302511192e-07,0.15870411694049835,0.44216519594192505,0.3063028156757355,0.0007429896504618227,0.09208428859710693,1.4137566672900448e-09
ISIC_0069305,2.9800780794175807e-06,1.5823467265363433e-06,0.001236078911460936,2.3471558563414874e-07,0.0022920845076441765,0.996231734752655,0.00023528786550741643
ISIC_0062803,1.642742474168568e-13,1.9517291428849948e-12,9.949842933565378e-05,8.911332609329303e-12,0.00027664113440550864,0.9996238946914673,1.5676064890612906e-08
ISIC_0073048,2.012716322496999e-06,0.17888794839382172,0.10466257482767105,0.6475030779838562,0.0002507662575226277,0.06750480085611343,0.0011887577129527926
ISIC_0071031,2.180467717494139e-08,4.968264875060413e-06,0.0007271819049492478,1.205979205387564e-09,0.0005387053242884576,0.9987291693687439,1.125373665783469e-11
ISIC_0064819,0.01200879830867052,0.047137949615716934,0.0005067398305982351,2.087482016577269e-06,0.0017109420150518417,0.9386300444602966,3.4827169201889774e-06
ISIC_0056519,3.3654741855571046e-05,1.3150621702706644e-09,0.6692796945571899,7.286151344487735e-07,0.002117765136063099,0.326226145029068,0.002341925399377942
ISIC_0064806,0.07683859020471573,0.0002580172149464488,0.8931075930595398,0.024355869740247726,0.005381401628255844,5.268555833026767e-05,5.88352986596874e-06
ISIC_0069222,5.936396973993396e-07,8.147450785145338e-07,0.0005332890432327986,1.7263748304685578e-05,0.038522835820913315,0.9609251022338867,7.759889086855765e-08
ISIC_0065275,0.01801523007452488,0.7304917573928833,0.12852725386619568,7.242970241350122e-07,0.02929578721523285,0.09363040328025818,3.884743637172505e-05
ISIC_0072467,1.6337499658247018e-13,2.4652066499264436e-10,0.00022910404368303716,1.5196870890576974e-06,1.6261849111742777e-07,0.9997691512107849,7.784786504316799e-08
ISIC_0058926,5.814193355035968e-05,0.3530270457267761,0.0010856528533622622,0.000461152580101043,0.4680710732936859,0.17724105715751648,5.5938980949576944e-05
ISIC_0060378,1.2570788854304737e-10,1.9777022686184864e-08,0.0011447599390521646,0.00040576994069851935,1.0049704542325344e-05,0.9984387755393982,5.733862167289772e-07
ISIC_0061924,2.837952160916757e-05,6.216852455054322e-08,0.9978348612785339,3.7547003728377604e-08,0.0020314152352511883,0.0001052822481142357,5.404206526726796e-10
ISIC_0072047,0.027012301608920097,0.6179575324058533,0.0052468739449977875,0.012776587158441544,0.0024116451386362314,0.33458152413368225,1.3588866750069428e-05
ISIC_0056187,0.1519360989332199,0.6384854912757874,0.048214491456747055,0.00414934242144227,0.0719098448753357,0.0823325663805008,0.0029722615145146847
ISIC_0055278,5.515837074199226e-06,0.017751289531588554,0.07867266982793808,0.0003978929598815739,0.7452107071876526,0.1579616367816925,3.0560784125555074e-07
ISIC_0069990,1.5184001278534254e-10,0.040407124906778336,0.16035717725753784,0.04418361559510231,0.0008329333504661918,0.7542183995246887,7.076325232446834e-07
ISIC_0070375,0.00011712293780874461,5.7562903776897656e-08,1.3584910448116716e-05,6.588479300262406e-05,0.002542428905144334,0.9972606897354126,2.857547940493532e-07
ISIC_0066393,7.778765825916523e-11,2.030044361778227e-11,8.537919347872958e-05,7.82196093496168e-06,0.016547465696930885,0.9833593368530273,2.0403830014448232e-10
ISIC_0058020,8.018223519363652e-16,0.0010917212348431349,0.4301430284976959,0.0015920907026156783,2.7709338610293344e-05,0.5671042203903198,4.123036706005223e-05
ISIC_0065261,2.1458506083149587e-08,3.718011731823623e-10,1.6848285667947493e-05,3.124070872217999e-06,3.0223882276914082e-06,0.9999769926071167,1.0011003137577745e-09
ISIC_0063238,3.9763895301470065e-12,1.5644940854972478e-12,0.0003522772458381951,8.987566246787537e-08,0.0007230659248307347,0.9989245533943176,5.1879204057692085e-12
ISIC_0070765,9.278336321472125e-09,6.157245735494143e-08,4.748545052279951e-06,0.00034129369305446744,1.999969981625327e-06,0.9996519088745117,2.5076997769990506e-11
ISIC_0055524,6.154060594454336e-11,3.359124093549326e-06,0.0009660895448178053,0.02868502028286457,0.007815729826688766,0.9625292420387268,5.500515953826834e-07
ISIC_0057207,3.4226889056299115e-07,2.275199949508533e-05,0.0007992791361175478,0.03965596482157707,4.5965996832819656e-05,0.9594511389732361,2.4578403099440038e-05
ISIC_0053732,9.24459619099094e-13,1.5985495465851117e-14,8.751114819460781e-07,3.172148377306172e-10,0.7881786823272705,0.21182045340538025,1.0415822648823791e-09
ISIC_0054031,1.8008920960710384e-05,5.116265189286651e-09,0.9728542566299438,1.686650466581341e-05,0.00028759255656041205,0.026815855875611305,7.505839221266797e-06
ISIC_0072504,3.849920062748424e-07,2.122187977437548e-16,2.1635240045725368e-05,3.6550501514298617e-10,0.21669088304042816,0.7832871079444885,5.068007645492312e-13
ISIC_0063435,0.5170273780822754,0.047963500022888184,0.04687967896461487,2.1290328788836632e-07,0.3860321044921875,0.0009447414777241647,0.0011524156434461474
ISIC_0069424,5.171731098929655e-11,0.9999711513519287,2.0941676837082923e-08,6.198919849653706e-11,4.779463047555055e-09,2.8856677090516314e-05,2.8653417416535376e-09
ISIC_0067234,4.694942745686603e-08,0.0002745311358012259,0.04550721123814583,0.0038355772849172354,0.0003373589424882084,0.9497582912445068,0.0002869988384190947
ISIC_0068363,0.00017007185670081526,0.9835245609283447,0.002750125015154481,0.004127098247408867,4.830185957871436e-07,7.527457637479529e-05,0.009352298453450203
ISIC_0066740,2.1748465387546462e-14,5.191939586590699e-11,1.0313383480564653e-09,0.0001056112814694643,3.966294571000617e-06,0.9998904466629028,1.1260459231721143e-08
ISIC_0067746,0.00043666615965776145,1.9892812019861594e-07,0.08797905594110489,0.00016273641085717827,0.9113637804985046,5.937608420936158e-06,5.158647400094196e-05
ISIC_0060937,9.192318248096853e-05,1.3183274859329686e-05,0.05183469504117966,0.00017492314509581774,8.110539965855423e-06,0.9478771090507507,1.25916542970117e-07
ISIC_0058776,0.04039842262864113,0.33862850069999695,0.597976565361023,0.00011571146751521155,0.002939315279945731,0.016279375180602074,0.003662178525701165
ISIC_0066180,0.02408435009419918,4.799387897946872e-05,0.8395920991897583,9.438902566216711e-07,0.05715459585189819,0.07890232652425766,0.0002177821152145043
ISIC_0068089,2.875259585977119e-09,2.6682093703882096e-16,0.000117338182462845,5.860396261152256e-13,7.8648113683525e-14,0.999882698059082,3.5841003775960445e-11
ISIC_0055510,2.6669773433241062e-05,0.9365549087524414,0.0032393396832048893,3.107009888481116e-06,0.037615325301885605,0.022560609504580498,3.199977172130275e-08
ISIC_0060903,4.917894980138726e-09,0.9982574582099915,0.0003801145649049431,3.589449804053402e-08,2.598082210170105e-05,0.0013364867772907019,1.2325913623101314e-08
ISIC_0062742,0.00020968267926946282,0.000381335208658129,0.6516850590705872,0.0001142649125540629,0.014500053599476814,0.3331071138381958,2.4798223421385046e-06
ISIC_0072535,5.875734343518957e-10,1.7771491229723324e-06,0.0011526693124324083,1.4649725699200644e-07,0.03297988697886467,0.9658655524253845,1.1918561693136098e-09
ISIC_0055258,0.0007179140811786056,1.1845909142493838e-07,0.0025011918041855097,2.5148896384052932e-05,0.13785035908222198,0.858676552772522,0.00022866592917125672
ISIC_0067705,1.543188830055442e-07,3.385534364497289e-05,1.2210934130507667e-07,6.168815161800012e-06,3.757124795811251e-05,0.9999221563339233,4.152608568119831e-08
ISIC_0060033,2.9377342225522796e-10,4.27409670156198e-12,0.005963534582406282,1.6447974926503406e-11,0.052031178027391434,0.9420051574707031,9.921381405320062e-08
ISIC_0068388,1.636652341430178e-10,0.02307363785803318,0.0020611193031072617,1.6666283797646658e-15,0.9708238244056702,0.0040397015400230885,1.7329875845462084e-06
ISIC_0064512,2.1994011056847285e-09,0.051496267318725586,2.0336240140750306e-06,2.1427942442642234e-07,0.1309504508972168,0.8175510168075562,4.965650113319953e-10
ISIC_0057511,2.090771886287257e-06,0.9999932050704956,5.802996270176664e-07,1.280631408917543e-06,8.445185244454478e-07,1.942219569173176e-06,1.6622175635916392e-08
ISIC_0067888,2.2760995020167096e-14,7.622267816920214e-10,0.9997870326042175,1.178169206639268e-08,4.9067130021285266e-06,0.0002081023994833231,5.8859826734813936e-12
ISIC_0071113,8.69321320351446e-06,1.526995241363238e-08,0.8331318497657776,0.01820949837565422,0.11655052751302719,0.03156426548957825,0.0005350806750357151
ISIC_0066672,3.4547444766053204e-11,3.609982712760029e-08,1.2700861873327085e-07,7.538861268585606e-08,0.00016315879474859685,0.9998363256454468,2.486143841906596e-07
ISIC_0070737,0.0007536935154348612,0.0006150255212560296,0.8394975662231445,4.5894839217908157e-07,0.00037729120231233537,0.1587556004524231,3.013156799624994e-07
ISIC_0061464,0.01089735608547926,0.6138412356376648,0.1604740172624588,2.2695860479871044e-07,0.20227833092212677,0.012503469362854958,5.376641638576984e-06
ISIC_0066917,5.410468588706863e-07,0.4412831962108612,0.4962024390697479,0.01579451560974121,1.3066005521977786e-05,0.04621405154466629,0.0004921785439364612
ISIC_0061379,3.1575345929013565e-05,9.131197487022291e-08,1.2375954838717007e-06,2.410714294853733e-08,0.9999527931213379,1.4276740330387838e-05,8.310179801240825e-12
ISIC_0067775,4.97139276359887e-13,3.1378739884235785e-11,3.986998308391776e-06,1.2173154845251943e-11,0.007255340460687876,0.9927406907081604,5.192170478285352e-12
ISIC_0063006,7.010160970821744e-06,0.0005731528508476913,0.0002965583698824048,0.00026252077077515423,7.022864156169817e-05,0.9987884163856506,2.162575583497528e-06
ISIC_0057127,5.819252191230362e-09,2.637260649862583e-06,0.052180662751197815,1.1026131687685847e-06,4.149046799284406e-05,0.9477739334106445,9.181798787949447e-08
ISIC_0071493,1.1214472276158127e-13,6.760156323615263e-11,1.0697346624510828e-05,1.3039541668646848e-10,0.00010114911856362596,0.9998881816864014,2.1453032683638185e-09
ISIC_0053762,0.0003323009586893022,8.807928275622601e-10,0.03484645485877991,1.8708000425249338e-05,0.9537773132324219,0.01061616837978363,0.0004089958965778351
ISIC_0054739,0.0013919755583629012,8.650707172819239e-08,0.0003743712732102722,0.004122628830373287,0.0011080328840762377,0.993000864982605,1.986149982258212e-06
ISIC_0061213,1.918103043863084e-05,0.08676902949810028,0.009154118597507477,0.007091809529811144,0.0010247527388855815,0.895939290523529,1.819130488911469e-06
ISIC_0058549,0.0007433940772898495,0.011198334395885468,0.33778300881385803,0.04267791658639908,0.004437429364770651,0.6010026931762695,0.002157198963686824
ISIC_0069719,0.131058007478714,0.0016109220450744033,0.8659947514533997,1.412384222021501e-06,0.00036128857755102217,1.4387891496880911e-05,0.0009592216229066253
ISIC_0053831,2.844028585968772e-07,1.741588130244054e-05,0.11885450780391693,1.2125330073331497e-08,0.6443893909454346,0.23673835396766663,1.1894615067203906e-12
ISIC_0066549,0.004192045424133539,0.17209666967391968,0.11960205435752869,0.005201289430260658,0.6680964231491089,0.028491025790572166,0.002320492872968316
ISIC_0066989,0.5595126152038574,0.17243927717208862,0.26417043805122375,3.2876455030583784e-11,0.003782693762332201,9.495869744569063e-05,2.0802194689029108e-10
ISIC_0069073,1.6553118257434107e-05,2.7378846425563097e-06,0.01961101032793522,0.012408057227730751,0.0019977050833404064,0.9659590721130371,4.783323674928397e-06
ISIC_0053485,1.7601138602163502e-10,5.817473586189337e-11,0.0002056520461337641,7.162551628425717e-05,0.14659027755260468,0.853132426738739,4.970776501522778e-08
ISIC_0069236,7.016106451374071e-08,2.555633784595557e-07,0.0051154401153326035,0.8993731141090393,0.08970761299133301,0.003893463173881173,0.0019100098870694637
ISIC_0070315,0.00794886238873005,0.0005595376715064049,0.5362745523452759,9.151292033493519e-05,0.4511519968509674,0.003718319581821561,0.00025518651818856597
ISIC_0068944,1.3184102698460265e-09,0.00020125604351051152,3.3077707485063e-05,9.555732503940817e-06,0.020922377705574036,0.9788337349891663,1.521098269563481e-08
ISIC_0057495,6.54003489818783e-13,2.802232934584481e-08,0.1596902757883072,2.557208611531081e-10,5.927074198552873e-06,0.8403037786483765,2.156287843592397e-13
ISIC_0072937,1.0292517060861428e-07,1.5101933570349502e-07,0.08287561684846878,0.7840248942375183,0.00017125623708125204,0.13247698545455933,0.0004510065191425383
ISIC_0069249,2.5752561327863077e-07,3.0019686736437734e-09,3.1012339604785666e-05,3.812117288504169e-09,0.9999362230300903,1.095095171876892e-06,3.145538721582852e-05
ISIC_0067476,1.6464514374092687e-07,0.0004402558843139559,0.024186840280890465,1.643173774823481e-08,0.0031451641116291285,0.9722273349761963,2.808098429341044e-07
ISIC_0066864,0.9999974966049194,5.042186113080049e-10,6.813984043674282e-08,2.3020617356817041e-10,2.335728822799865e-06,5.111997522337652e-13,3.6091407640270745e-11
ISIC_0067538,6.169884159135108e-08,8.472848276142031e-05,0.2636188268661499,1.0859435860766098e-05,0.0005162363522686064,0.7357585430145264,1.078524837794248e-05
ISIC_0060161,8.471911860397086e-05,7.593651389470324e-05,0.9949392080307007,9.633090485294815e-06,0.001930546946823597,0.002941352780908346,1.859605617937632e-05
ISIC_0064281,8.866811174179645e-10,2.8873299584564194e-11,0.001196722500026226,1.479849853769366e-10,0.9532723426818848,0.04553089290857315,3.6048181800696355e-11
ISIC_0058733,6.018272546981507e-09,0.00016372675599996,0.08231879770755768,4.9324102292302996e-05,0.0004523280367720872,0.9170158505439758,8.163000053684755e-09
ISIC_0055060,6.495770321635064e-08,0.9951866269111633,3.666168140625814e-06,5.601199504212673e-08,0.00032947614090517163,5.8584060752764344e-05,0.004421512130647898
ISIC_0069518,7.807740303178434e-07,3.393646693439223e-06,0.9879732131958008,4.874923131836795e-09,0.0033804906997829676,0.008626649156212807,1.5601310224155895e-05
ISIC_0073001,9.241768037977308e-17,8.599481682303178e-10,1.586711914569605e-05,1.6072504438469082e-09,0.0008894664351828396,0.9990947246551514,5.0825278208321834e-08
ISIC_0055271,0.003341726493090391,0.14216995239257812,1.09676775537082e-05,0.0007418073946610093,7.445182745868806e-06,0.8530822992324829,0.0006459135911427438
ISIC_0056039,8.326347597176209e-06,6.220123527356236e-09,0.008036362007260323,3.919010396202793e-06,0.9814528226852417,0.010493704117834568,4.7892735892673954e-06
ISIC_0066362,6.228268603081233e-07,2.3186263575780686e-08,0.11077690869569778,3.583350917324424e-05,0.029578790068626404,0.8596077561378479,1.6418365333947804e-08
ISIC_0059918,0.00029937882209196687,0.5910174250602722,6.919957229456486e-08,2.294407931913156e-05,0.40865013003349304,1.3802585954181268e-06,8.585513569414616e-06
ISIC_0066630,1.6430250980192795e-05,5.906877764694229e-10,0.0013185134157538414,5.7554279919713736e-06,0.8201426863670349,0.17848309874534607,3.353344072820619e-05
ISIC_0064325,0.08260101824998856,0.9149311184883118,0.002266248455271125,2.4442022549919784e-05,1.201174313791853e-06,1.6243389836745337e-05,0.0001597981172380969
ISIC_0062414,5.558353564083518e-07,0.9489778280258179,8.877430559550703e-07,1.8299961084267125e-06,1.6694424687102583e-07,0.05101870372891426,1.0155563501257348e-07
ISIC_0058674,8.477384199068183e-07,1.127762701003121e-07,0.2860386371612549,0.0005325031816028059,0.04377371817827225,0.6696354150772095,1.8723223547567613e-05
ISIC_0057975,2.1577717043697042e-11,0.387190043926239,0.003054634900763631,4.279185686351106e-11,3.5148184451827547e-06,0.6097428202629089,8.971243914857041e-06
ISIC_0069655,0.9570956230163574,3.5965103961643763e-06,0.04273508861660957,1.515500571258599e-05,0.0001502954983152449,1.7617625758248323e-07,1.3898329535855236e-11
ISIC_0053714,2.1222260215836286e-07,1.9435335616435623e-06,0.01396932266652584,4.539523615676444e-06,0.9079394936561584,0.07808452099561691,5.890472554170856e-10
ISIC_0067692,0.0425407700240612,0.0024966655764728785,5.450637218018528e-06,2.584747562650591e-05,1.2166314263595268e-05,0.9549190998077393,8.757610747700539e-10
ISIC_0069228,0.0031999603379517794,0.009838652797043324,0.0054678660817444324,0.0705493688583374,0.00012979283928871155,0.8424376249313354,0.06837674230337143
ISIC_0056588,0.00030941475415602326,0.05558916926383972,0.0750880241394043,7.301307050511241e-05,0.6768711805343628,0.19177265465259552,0.0002965206222143024
ISIC_0069734,7.297596766875358e-06,2.887452978939109e-07,0.0001254757517017424,0.0005093883373774588,0.9423393607139587,0.057011641561985016,6.567439413629472e-06
ISIC_0065783,1.3173682873457437e-06,0.014014632441103458,0.06381066888570786,1.2074748383383849e-06,0.9209362268447876,0.001235269126482308,6.318993541754026e-07
ISIC_0069703,0.0017637391574680805,1.983499942070921e-06,0.588830828666687,0.00010466115054441616,0.1242544949054718,0.2850441634654999,7.610466923324566e-08
ISIC_0064041,1.6711766193111544e-07,3.996709629916495e-09,2.7493097149999812e-05,6.144020881038159e-05,0.038457825779914856,0.9614529609680176,1.4954567006952857e-07
ISIC_0060999,1.6002213443222502e-10,1.60059723179444e-13,7.057253242237493e-05,2.99780538171035e-07,0.8922839164733887,0.10764522105455399,2.4328903336368057e-09
ISIC_0061820,0.16287915408611298,0.6600908041000366,0.0016316475812345743,0.026031741872429848,0.0020564626902341843,0.08087928593158722,0.06643104553222656
ISIC_0062504,0.6696114540100098,1.0984075743181165e-05,0.3263477087020874,0.0036907021421939135,4.027283284813166e-05,0.0002987082989420742,2.7422215609362866e-08
ISIC_0056281,2.02809883376176e-06,0.9999762773513794,5.083346010792411e-08,4.6144970156092313e-07,7.60580223868601e-06,1.2967900147486944e-05,5.912622214054863e-07
ISIC_0070512,2.729923653532751e-05,5.342224085325142e-07,0.4380474090576172,1.1631083225438488e-06,0.3836953639984131,0.17822827398777008,2.550497590902978e-08
ISIC_0073231,9.719546001374368e-11,2.510033736413675e-09,0.5336881279945374,3.117377787020814e-07,0.46627169847488403,3.985616422141902e-05,1.9737041861978e-11
ISIC_0067432,2.5374163669766858e-05,4.654151286587194e-09,1.6126015907502733e-05,3.8394734502844585e-08,0.9998993873596191,5.8518387959338725e-05,5.349803586796043e-07
ISIC_0058790,5.205260822549462e-05,0.05761520937085152,0.00018901252769865096,6.345876317936927e-05,0.7805010676383972,0.1615791916847229,7.504664945034989e-11
ISIC_0068953,0.002277944702655077,7.146707503125072e-05,0.11913775652647018,6.44609201572166e-08,0.8781970739364624,0.000299320206977427,1.6362742826458998e-05
ISIC_0068159,0.0007775255362503231,0.00013185865827836096,0.9937811493873596,5.264704441287904e-07,0.0033900877460837364,0.0019189903978258371,5.650158119152593e-09
ISIC_0058578,5.851565163406819e-14,0.00019727720064111054,7.162440169850015e-07,1.5005666682554875e-06,5.365954507396964e-07,0.9998000264167786,1.0671015460150812e-10
ISIC_0066232,0.0011625088518485427,4.9533646517829766e-08,0.02437904104590416,0.009626265615224838,0.732579231262207,0.23224693536758423,5.945641987636918e-06
ISIC_0063352,5.150602737558074e-05,1.791788072080802e-11,0.03796592727303505,4.825472842640011e-06,0.9453807473182678,0.016596758738160133,3.377216160060925e-07
ISIC_0057292,0.001975029706954956,0.8632814884185791,0.037366777658462524,8.433719631284475e-05,0.026972491294145584,0.06924602389335632,0.0010737478733062744
ISIC_0066364,1.1117267604277004e-06,9.358942406834103e-06,0.005195814184844494,1.7784880412818893e-07,0.9827624559402466,0.01203090324997902,1.1045452197322447e-07
ISIC_0063510,7.546130831315168e-08,4.328675640152824e-09,0.641092836856842,8.235990378580027e-08,0.35800909996032715,0.0008979122503660619,1.3676806354112614e-09
ISIC_0064034,0.4018542766571045,0.005540930666029453,0.0023277888540178537,0.00024113011022564024,0.01967155933380127,0.570359468460083,4.807075129065197e-06
ISIC_0057627,1.043222308538816e-08,1.0,3.67636125986337e-08,4.246275775443564e-09,5.181727269487624e-10,9.007188050969006e-11,1.3940977539039778e-10
ISIC_0056749,1.328989469584485e-06,2.705960469029378e-07,6.0127407778054476e-05,0.0014995700912550092,0.5809941291809082,0.4173620045185089,8.247421646956354e-05
ISIC_0063747,1.1275438737357035e-05,0.9988044500350952,6.006190744756168e-08,0.0002827429852914065,2.352643357905748e-10,0.0008545683231204748,4.68040416308213e-05
ISIC_0058764,1.1781295938817493e-07,1.679109971064463e-07,0.0006102347397245467,2.7876199055754114e-06,0.931980550289154,0.06740616261959076,3.1019563806466977e-08
ISIC_0064725,2.909864065259171e-07,0.00017407959967385978,0.9988890290260315,0.0003479107399471104,8.089707080216613e-06,0.000578056089580059,2.5777669634408085e-06
ISIC_0060342,1.962751115065428e-13,1.3643852757663777e-12,3.4904858239315217e-06,1.7566327281670624e-09,0.00021087766799610108,0.9997856020927429,7.374183208508356e-11
ISIC_0068358,0.011227047070860863,0.3339098393917084,0.6531988382339478,7.066816909429008e-09,3.0606036034441786e-06,0.0006665986147709191,0.0009947147918865085
ISIC_0065616,1.232705344050844e-13,7.219449571493897e-08,0.4310998320579529,1.4071471923671197e-05,2.3495982532040216e-05,0.5688624382019043,3.872120757364428e-08
ISIC_0059436,1.0042262854614847e-10,2.2829409196400974e-10,0.0006557522574439645,5.1089449511210194e-14,0.012542936019599438,0.9868009090423584,3.8711354477527493e-07
ISIC_0060709,1.471908639416597e-08,4.7122277635480714e-08,8.83723987499252e-06,3.624785676947795e-05,1.0386155736341607e-05,0.9999444484710693,4.592256530600025e-08
ISIC_0069652,0.001122020068578422,0.0008757995092310011,0.9935126900672913,1.0223454027791234e-12,0.0042068250477313995,0.0002827456337399781,8.54173565212335e-10
ISIC_0057889,1.6183260953539502e-08,4.4974124251140335e-12,0.9999797344207764,4.991392024635173e-14,7.1216541073226836e-06,1.3147361642040778e-05,2.098660828453447e-11
ISIC_0057395,5.92415432265625e-08,1.759009319357574e-05,0.00041514719487167895,0.0013167161960154772,0.0022016132716089487,0.9960469603538513,1.9509777757775737e-06
ISIC_0058531,9.046257076761322e-09,3.5517039309596043e-10,0.0018915643449872732,2.257232445401769e-08,0.00084426294779405,0.9972641468048096,1.646442704394957e-10
ISIC_0072189,0.0029546895530074835,0.9929446578025818,2.372242668968738e-08,1.5098937637958443e-06,2.1000778360757977e-06,1.0102136016598706e-08,0.004096997901797295
ISIC_0060244,9.475337719777599e-05,9.645005047786981e-05,0.09734674543142319,0.0037601327057927847,0.8679276704788208,0.028266504406929016,0.002507718512788415
ISIC_0059346,1.0484223821549676e-05,6.729068413591222e-10,0.00011727823584806174,5.299323220242513e-07,0.9489895105361938,0.05088216811418533,5.742927466911851e-09
ISIC_0068571,0.032975517213344574,3.2379430248141716e-09,0.00043640966759994626,0.000492534541990608,0.40596938133239746,0.4278465807437897,0.13227951526641846
