epoch,train_loss,train_accuracy,train_images_used,val_loss,val_accuracy,val_macro_precision,val_macro_recall,val_macro_f1,epoch_seed,backbone_lr,head_lr,optimizer_updates,validation_ms_per_image,peak_allocated_vram_mb,epoch_seconds
1,1.4580806436480815,0.6846461187214612,7008,1.1653153499329876,0.7285429141716567,0.5337540519135162,0.41331833569406534,0.4355847589321762,43,3e-05,0.0001,217,7.920187691329462,475.70654296875,53.66622760007158
2,1.0076629041770309,0.757277397260274,7008,0.8613187487440099,0.7551563539587491,0.6893691270166722,0.6162111350354909,0.6112127234480604,44,3e-05,0.0001,436,8.613703592806802,475.70654296875,47.264329400029965
3,0.7839370277853565,0.7851027397260274,7008,0.7412619729277733,0.7744510978043913,0.6323280720222002,0.6712484605349209,0.64525815297191,45,3e-05,0.0001,655,8.707879707266788,475.70654296875,46.330404500011355
4,0.6457933946171255,0.8143550228310502,7008,0.6680801958200391,0.8170326014637392,0.6658297001204879,0.6882785662104588,0.6748252399251484,46,3e-05,0.0001,874,8.431709514334749,475.70654296875,45.639792699948885
5,0.5406783177361187,0.8384703196347032,7008,0.6200996146314899,0.8283433133732535,0.7104643045818851,0.7274983265114484,0.7164606834515995,47,3e-05,0.0001,1093,7.750921556834536,475.70654296875,44.664330999949016
6,0.46975918101930425,0.8578767123287672,7008,0.587180823867667,0.8283433133732535,0.7119194373518564,0.731513141376176,0.7202033504221317,48,3e-05,0.0001,1312,6.708760013328574,475.70654296875,40.5590508999303
7,0.40673397457622246,0.870291095890411,7008,0.579713508504497,0.8349966733200266,0.7350470480191573,0.7498429852271726,0.7395004922425574,49,3e-05,0.0001,1531,8.485961144360022,475.70654296875,43.69958409992978
8,0.35234027361166276,0.8864155251141552,7008,0.5814302770136018,0.8389886892880905,0.7212553216741515,0.7304387082143904,0.7238696342665472,50,3e-05,0.0001,1750,8.552104590834922,475.70654296875,44.730517200077884
9,0.31849832609252426,0.8969748858447488,7008,0.6084293397844809,0.8502994011976048,0.7440803520369524,0.7374700681665791,0.736457462251151,51,3e-05,0.0001,1969,8.565003459768757,475.70654296875,46.52604489994701
10,0.26395027630007767,0.913527397260274,7008,0.577502988854877,0.8449767132401863,0.7438593892061363,0.7455134263422049,0.7422344955596305,52,3e-05,0.0001,2187,8.511969461046897,475.70654296875,45.93393970001489
11,0.2361356351472659,0.9193778538812786,7008,0.5784711657220513,0.8489687292082502,0.7681919544918472,0.7432518484690099,0.7530535478961975,53,3e-05,0.0001,2406,8.53484324678402,475.70654296875,45.94996630004607
12,0.21046412799659356,0.9290810502283106,7008,0.5807336479566086,0.8423153692614771,0.7556167060415839,0.7768753360654156,0.7635057467568073,54,3e-05,0.0001,2625,8.61089900193311,475.70654296875,45.91055460006464
13,0.18542374092226743,0.939925799086758,7008,0.556149354788253,0.854956753160346,0.7726825971987477,0.7752241861418863,0.7722638316235282,55,1.5e-05,5e-05,2844,8.524138656016055,475.70654296875,45.710981699987315
14,0.168899349270321,0.9417808219178082,7008,0.5865342632377075,0.8562874251497006,0.7873559516664506,0.763361183289757,0.773554443361798,56,1.5e-05,5e-05,3063,8.783066134446896,475.70654296875,48.30291710002348
15,0.15516167384436025,0.9501997716894978,7008,0.5964608797964456,0.8536260811709914,0.8018205055106238,0.7535453273431684,0.7734270050763402,57,1.5e-05,5e-05,3282,8.715569061885203,475.70654296875,46.517898999969475
16,0.13929179156654295,0.9527682648401826,7008,0.59081971124727,0.8602794411177644,0.7949701703544128,0.780099667659236,0.7861111676525011,58,1.5e-05,5e-05,3501,6.709305256145374,475.70654296875,42.85870400001295
17,0.13009418337055623,0.9551940639269406,7008,0.6042283453608834,0.846307385229541,0.7790531829095517,0.7631605372028687,0.768081718798647,59,1.5e-05,5e-05,3720,8.42772614768832,475.70654296875,41.198868600069545
18,0.11600290648899274,0.9621860730593608,7008,0.6148110087581775,0.850964737192282,0.7806964101581805,0.7712548527525488,0.7746988788250071,60,1.5e-05,5e-05,3939,8.400813040586284,475.70654296875,44.664407600066625
19,0.12148813187051684,0.9620433789954338,7008,0.6442254119303892,0.850964737192282,0.7862210729371754,0.7574857509042819,0.7705531768358364,61,1.5e-05,5e-05,4157,6.764510046571112,475.70654296875,34.45606320002116
20,0.11105845226381769,0.9624714611872146,7008,0.6430708478973718,0.8516300731869594,0.7952941085397093,0.7555679577959458,0.7737309647779778,62,7.5e-06,2.5e-05,4375,6.664848702628827,475.70654296875,34.44167239998933
