display_name,experiment_id,epochs,accuracy_checkpoint_epoch,accuracy,macro_precision,macro_recall,macro_f1,source_metrics,source_sha256,recipe_note
MobileNetV3-Large,s02_mobilenet_v3_large_none_exploratory_seed42,20,16,0.8602794411177644,0.7949701703544128,0.780099667659236,0.7861111676525011,results/structured_experiments/s02_mobilenet_v3_large_none_exploratory_seed42/validation_metrics.json,17612c7867f6d431f3850c06dec497d1db66241acb83be068067612420ba9036,Historical exploratory screening recipe; actual completed epoch budget shown
EfficientNet-B0,s03_efficientnet_b0_none_exploratory_seed42,20,20,0.863606121091151,0.7534286077687018,0.7916330829131726,0.7706600163648087,results/structured_experiments/s03_efficientnet_b0_none_exploratory_seed42/validation_metrics.json,9f87441023b11cc6fa1f724b65f7ec051283c5f3651f2fefac8144b7c0cae24d,Historical exploratory screening recipe; actual completed epoch budget shown
EfficientNet-B0 + CBAM,s05_efficientnet_b0_cbam_exploratory_seed42,20,19,0.863606121091151,0.7599204214006077,0.7812601338875816,0.7693010875155818,results/structured_experiments/s05_efficientnet_b0_cbam_exploratory_seed42/validation_metrics.json,c72458e7266a9c171b082d597b0962605f8ffd11b68dcb2dfbeba1fd175dfe3c,Historical exploratory screening recipe; actual completed epoch budget shown
ConvNeXt-Tiny,s06_convnext_tiny_none_exploratory_seed42,20,17,0.9174983366600133,0.8804352604512183,0.8533257129249898,0.862830691053104,results/structured_experiments/s06_convnext_tiny_none_exploratory_seed42/validation_metrics.json,2cb90350cf4278df0c849eedf526dd5b6cb431bc2cce43c9c12c0940118b13c9,Historical exploratory screening recipe; actual completed epoch budget shown
EfficientNetV2-S,s10_efficientnet_v2_s_none_exploratory_seed42,20,15,0.8948769128409847,0.8429931782712218,0.8099490560479351,0.8231616637229359,results/structured_experiments/s10_efficientnet_v2_s_none_exploratory_seed42/validation_metrics.json,281c4efda7c8024afc62a59d59ff68b7ec52b5f067e9ca24b4a8cf741cf36f4c,Historical exploratory screening recipe; actual completed epoch budget shown
DenseNet201,s15_densenet201_none_exploratory_seed42,17,12,0.8962075848303394,0.81691264404218,0.805484253908005,0.8075191800514074,results/structured_experiments/s15_densenet201_none_exploratory_seed42/validation_metrics.json,ba7516e387c14988aa9eba8c8d8e7c0596d6e60f81fde74b417b03f28d08a699,Historical exploratory screening recipe; actual completed epoch budget shown
ConvNeXt-Small,s18_convnext_small_none_exploratory_seed42,20,17,0.9221556886227545,0.8793870459091774,0.8371484433006663,0.8549484177398866,results/structured_experiments/s18_convnext_small_none_exploratory_seed42/validation_metrics.json,e64fc368f4959f554a808bd80d39f752ca4ac19505211785bc8fa53729f66d00,Historical exploratory screening recipe; actual completed epoch budget shown
ResNet101,s19_resnet101_none_exploratory_seed42,20,19,0.8809048569527611,0.8055128671958757,0.7831234731491711,0.7920318955927467,results/structured_experiments/s19_resnet101_none_exploratory_seed42/validation_metrics.json,088fb2de76593645df4fb46755be72bd07347d47b6aeb36f0a137171a2143d94,Historical exploratory screening recipe; actual completed epoch budget shown
ConvNeXt-Tiny + CBAM (longer package),s79_convnext_tiny_cbam_exploratory_seed42,40,33,0.9301397205588823,0.885547751703257,0.8706312096420588,0.8774343983529919,results/final_cbam_development/v1/s79_convnext_tiny_cbam_exploratory_seed42/validation_metrics.json,8a276e74c799bbd7b11cb34a4451d38b65bef334133bed12b1dbc08062c59705,Changed attention/augmentation/duration/selection package; not pure CBAM ablation
