image_id,reason
ISIC_0053572,conservative_duplicate_candidate_quarantine
ISIC_0053666,conservative_duplicate_candidate_quarantine
ISIC_0053708,conservative_duplicate_candidate_quarantine
ISIC_0053849,conservative_duplicate_candidate_quarantine
ISIC_0053928,conservative_duplicate_candidate_quarantine
ISIC_0054038,conservative_duplicate_candidate_quarantine
ISIC_0054178,conservative_duplicate_candidate_quarantine
ISIC_0054523,conservative_duplicate_candidate_quarantine
ISIC_0054533,conservative_duplicate_candidate_quarantine
ISIC_0054587,conservative_duplicate_candidate_quarantine
ISIC_0054634,conservative_duplicate_candidate_quarantine
ISIC_0054685,conservative_duplicate_candidate_quarantine
ISIC_0054689,conservative_duplicate_candidate_quarantine
ISIC_0054695,conservative_duplicate_candidate_quarantine
ISIC_0054722,conservative_duplicate_candidate_quarantine
ISIC_0054723,conservative_duplicate_candidate_quarantine
ISIC_0054771,conservative_duplicate_candidate_quarantine
ISIC_0054917,conservative_duplicate_candidate_quarantine
ISIC_0054952,conservative_duplicate_candidate_quarantine
ISIC_0054973,conservative_duplicate_candidate_quarantine
ISIC_0055050,conservative_duplicate_candidate_quarantine
ISIC_0055125,conservative_duplicate_candidate_quarantine
ISIC_0055396,conservative_duplicate_candidate_quarantine
ISIC_0055853,conservative_duplicate_candidate_quarantine
ISIC_0056836,conservative_duplicate_candidate_quarantine
ISIC_0057145,conservative_duplicate_candidate_quarantine
ISIC_0057189,conservative_duplicate_candidate_quarantine
ISIC_0057235,conservative_duplicate_candidate_quarantine
ISIC_0057273,conservative_duplicate_candidate_quarantine
ISIC_0057480,conservative_duplicate_candidate_quarantine
ISIC_0057786,conservative_duplicate_candidate_quarantine
ISIC_0058150,conservative_duplicate_candidate_quarantine
ISIC_0058673,conservative_duplicate_candidate_quarantine
ISIC_0058867,conservative_duplicate_candidate_quarantine
ISIC_0059062,conservative_duplicate_candidate_quarantine
ISIC_0059106,conservative_duplicate_candidate_quarantine
ISIC_0059162,conservative_duplicate_candidate_quarantine
ISIC_0059209,conservative_duplicate_candidate_quarantine
ISIC_0059235,conservative_duplicate_candidate_quarantine
ISIC_0059380,conservative_duplicate_candidate_quarantine
ISIC_0059753,conservative_duplicate_candidate_quarantine
ISIC_0059994,conservative_duplicate_candidate_quarantine
ISIC_0060122,conservative_duplicate_candidate_quarantine
ISIC_0060407,conservative_duplicate_candidate_quarantine
ISIC_0060700,conservative_duplicate_candidate_quarantine
ISIC_0060833,conservative_duplicate_candidate_quarantine
ISIC_0061274,conservative_duplicate_candidate_quarantine
ISIC_0061471,conservative_duplicate_candidate_quarantine
ISIC_0061525,conservative_duplicate_candidate_quarantine
ISIC_0061698,conservative_duplicate_candidate_quarantine
ISIC_0061807,conservative_duplicate_candidate_quarantine
ISIC_0062090,conservative_duplicate_candidate_quarantine
ISIC_0062388,conservative_duplicate_candidate_quarantine
ISIC_0062630,conservative_duplicate_candidate_quarantine
ISIC_0062685,conservative_duplicate_candidate_quarantine
ISIC_0062918,conservative_duplicate_candidate_quarantine
ISIC_0063136,conservative_duplicate_candidate_quarantine
ISIC_0063342,conservative_duplicate_candidate_quarantine
ISIC_0063476,conservative_duplicate_candidate_quarantine
ISIC_0063673,conservative_duplicate_candidate_quarantine
ISIC_0063728,conservative_duplicate_candidate_quarantine
ISIC_0063735,conservative_duplicate_candidate_quarantine
ISIC_0063931,conservative_duplicate_candidate_quarantine
ISIC_0064212,conservative_duplicate_candidate_quarantine
ISIC_0064705,conservative_duplicate_candidate_quarantine
ISIC_0064747,conservative_duplicate_candidate_quarantine
ISIC_0065405,conservative_duplicate_candidate_quarantine
ISIC_0065900,conservative_duplicate_candidate_quarantine
ISIC_0065909,conservative_duplicate_candidate_quarantine
ISIC_0066010,conservative_duplicate_candidate_quarantine
ISIC_0066239,conservative_duplicate_candidate_quarantine
ISIC_0066572,conservative_duplicate_candidate_quarantine
ISIC_0066621,conservative_duplicate_candidate_quarantine
ISIC_0066624,conservative_duplicate_candidate_quarantine
ISIC_0066754,conservative_duplicate_candidate_quarantine
ISIC_0066810,conservative_duplicate_candidate_quarantine
ISIC_0066913,conservative_duplicate_candidate_quarantine
ISIC_0066997,conservative_duplicate_candidate_quarantine
ISIC_0067007,conservative_duplicate_candidate_quarantine
ISIC_0067072,conservative_duplicate_candidate_quarantine
ISIC_0067079,conservative_duplicate_candidate_quarantine
ISIC_0067236,conservative_duplicate_candidate_quarantine
ISIC_0067364,conservative_duplicate_candidate_quarantine
ISIC_0067377,conservative_duplicate_candidate_quarantine
ISIC_0067735,conservative_duplicate_candidate_quarantine
ISIC_0067998,conservative_duplicate_candidate_quarantine
ISIC_0068353,conservative_duplicate_candidate_quarantine
ISIC_0068901,conservative_duplicate_candidate_quarantine
ISIC_0069097,conservative_duplicate_candidate_quarantine
ISIC_0069561,conservative_duplicate_candidate_quarantine
ISIC_0069585,conservative_duplicate_candidate_quarantine
ISIC_0069663,conservative_duplicate_candidate_quarantine
ISIC_0069799,conservative_duplicate_candidate_quarantine
ISIC_0069956,conservative_duplicate_candidate_quarantine
ISIC_0070264,conservative_duplicate_candidate_quarantine
ISIC_0070507,conservative_duplicate_candidate_quarantine
ISIC_0070624,conservative_duplicate_candidate_quarantine
ISIC_0070798,conservative_duplicate_candidate_quarantine
ISIC_0070852,conservative_duplicate_candidate_quarantine
ISIC_0070933,conservative_duplicate_candidate_quarantine
ISIC_0071333,conservative_duplicate_candidate_quarantine
ISIC_0071410,conservative_duplicate_candidate_quarantine
ISIC_0071437,conservative_duplicate_candidate_quarantine
ISIC_0071459,conservative_duplicate_candidate_quarantine
ISIC_0071593,conservative_duplicate_candidate_quarantine
ISIC_0071604,conservative_duplicate_candidate_quarantine
ISIC_0071646,conservative_duplicate_candidate_quarantine
ISIC_0071902,conservative_duplicate_candidate_quarantine
ISIC_0071909,conservative_duplicate_candidate_quarantine
ISIC_0072070,conservative_duplicate_candidate_quarantine
ISIC_0072265,conservative_duplicate_candidate_quarantine
ISIC_0072485,conservative_duplicate_candidate_quarantine
ISIC_0072514,conservative_duplicate_candidate_quarantine
ISIC_0073102,conservative_duplicate_candidate_quarantine
ISIC_0073155,conservative_duplicate_candidate_quarantine
ISIC_0073164,conservative_duplicate_candidate_quarantine
