experiment_id,display_name,class_name,precision,recall,f1,support
s06_convnext_tiny_none_exploratory_seed42,S06 ConvNeXt-Tiny,akiec,0.8918918918918919,0.673469387755102,0.7674418604651163,49
s06_convnext_tiny_none_exploratory_seed42,S06 ConvNeXt-Tiny,bcc,0.7789473684210526,0.961038961038961,0.8604651162790697,77
s06_convnext_tiny_none_exploratory_seed42,S06 ConvNeXt-Tiny,bkl,0.9121621621621622,0.8181818181818182,0.8626198083067093,165
s06_convnext_tiny_none_exploratory_seed42,S06 ConvNeXt-Tiny,df,0.875,0.8235294117647058,0.8484848484848485,17
s06_convnext_tiny_none_exploratory_seed42,S06 ConvNeXt-Tiny,mel,0.8024691358024691,0.7784431137724551,0.790273556231003,167
s06_convnext_tiny_none_exploratory_seed42,S06 ConvNeXt-Tiny,nv,0.9501953125,0.9662363455809335,0.9581486952240276,1007
s06_convnext_tiny_none_exploratory_seed42,S06 ConvNeXt-Tiny,vasc,0.9523809523809523,0.9523809523809523,0.9523809523809523,21
s18_convnext_small_none_exploratory_seed42,S18 ConvNeXt-Small,akiec,0.8947368421052632,0.6938775510204082,0.7816091954022989,49
s18_convnext_small_none_exploratory_seed42,S18 ConvNeXt-Small,bcc,0.8539325842696629,0.987012987012987,0.9156626506024096,77
s18_convnext_small_none_exploratory_seed42,S18 ConvNeXt-Small,bkl,0.8805031446540881,0.8484848484848485,0.8641975308641975,165
s18_convnext_small_none_exploratory_seed42,S18 ConvNeXt-Small,df,0.8,0.7058823529411765,0.75,17
s18_convnext_small_none_exploratory_seed42,S18 ConvNeXt-Small,mel,0.8271604938271605,0.8023952095808383,0.8145896656534954,167
s18_convnext_small_none_exploratory_seed42,S18 ConvNeXt-Small,nv,0.9520078354554359,0.9652432969215492,0.9585798816568047,1007
s18_convnext_small_none_exploratory_seed42,S18 ConvNeXt-Small,vasc,0.9473684210526315,0.8571428571428571,0.9,21
