epoch,train_loss,train_accuracy,train_accuracy_definition,train_images_used,val_loss,val_accuracy,val_macro_precision,val_macro_recall,val_macro_f1,stage,training_precision,validation_precision,mixup_batches,backbone_lr,head_lr,lr_after,epoch_seconds,peak_allocated_vram_mb,meaningful_accuracy_reference,meaningful_macro_f1_reference,meaningful_stale,meaningful_accuracy_stale,meaningful_macro_f1_stale,stopping_policy
1,1.2888418644772142,0.40848258078600036,Mixup lambda-weighted target agreement,7009.0,1.121265533112847,0.6713240186294078,0.26588409190225853,0.19902399967126924,0.19015723483977984,head,bf16,fp32,77,7.5e-05,7.5e-05,7.5e-05,119.57258270000239,333.40234375,0.6713240186294078,0.19015723483977984,0,0,0,meaningful_v2
2,1.1474657095154037,0.618257487614496,Mixup lambda-weighted target agreement,7009.0,0.9996722290136104,0.6806387225548902,0.38654593263757686,0.2955863128372992,0.2757771371265085,head,bf16,fp32,61,7.5e-05,7.5e-05,7.5e-05,123.1210503000002,333.40234375,0.6806387225548902,0.2757771371265085,0,0,0,meaningful_v2
3,1.0083577561267172,0.6400704353575802,Mixup lambda-weighted target agreement,7009.0,0.795977193818945,0.6906187624750499,0.37425735094612433,0.4682236769901488,0.3822686258927591,last_stage,bf16,fp32,66,7.5e-05,7.5e-05,7.5e-05,136.4759410000006,686.66064453125,0.6906187624750499,0.3822686258927591,0,0,0,meaningful_v2
4,0.8466184913685278,0.6666852583268141,Mixup lambda-weighted target agreement,7009.0,0.707854177453331,0.6220891550232868,0.3635034749305019,0.551890617584304,0.3770697299752958,last_stage,bf16,fp32,73,7.5e-05,7.5e-05,7.5e-05,143.41162619999886,687.56982421875,0.6906187624750499,0.3822686258927591,1,1,1,meaningful_v2
5,0.7168204409258858,0.6834875223962841,Mixup lambda-weighted target agreement,7009.0,0.5923062399357697,0.6407185628742516,0.3801199068896614,0.6271910000335318,0.4121421369931572,last_stage,bf16,fp32,56,7.5e-05,7.5e-05,7.5e-05,134.47372819999873,687.56982421875,0.6906187624750499,0.4121421369931572,0,2,0,meaningful_v2
6,0.7088310240499639,0.6782769681315803,Mixup lambda-weighted target agreement,7009.0,0.5239151160233311,0.7059214903526281,0.47034500334634854,0.6726019437292591,0.4854769898058569,full,bf16,fp32,68,7.5e-05,7.5e-05,7.5e-05,257.8385718999998,4349.736328125,0.7059214903526281,0.4854769898058569,0,0,0,meaningful_v2
7,0.5609955112672119,0.7215654568012949,Mixup lambda-weighted target agreement,7009.0,0.37879517818160835,0.7697937458416501,0.5328503610440591,0.6996739024022484,0.5758100492978558,full,bf16,fp32,56,7.5e-05,7.5e-05,7.5e-05,273.16525620000175,4350.35009765625,0.7697937458416501,0.5758100492978558,0,0,0,meaningful_v2
8,0.5193041911733862,0.7312810051235396,Mixup lambda-weighted target agreement,7009.0,0.39190178312427476,0.7478376580172987,0.506643967265065,0.7040582983781624,0.5522685367150821,full,bf16,fp32,73,7.5e-05,7.5e-05,7.5e-05,267.7773997000004,4350.35009765625,0.7697937458416501,0.5758100492978558,1,1,1,meaningful_v2
9,0.48891156628423776,0.7415344187529286,Mixup lambda-weighted target agreement,7009.0,0.4428108908726326,0.7618097139055223,0.5710167282387603,0.698356796012514,0.5762391395535756,full,bf16,fp32,73,7.5e-05,7.5e-05,7.5e-05,320.11403699999937,4350.35009765625,0.7697937458416501,0.5758100492978558,2,2,2,meaningful_v2
10,0.44035978225426714,0.7590302603274376,Mixup lambda-weighted target agreement,7009.0,0.3177944494275672,0.7904191616766467,0.5957162006113196,0.7206247723268148,0.6257651563794738,full,bf16,fp32,65,7.5e-05,7.5e-05,5.2499999999999995e-05,268.87802539999757,4350.35009765625,0.7904191616766467,0.6257651563794738,0,0,0,meaningful_v2
11,0.36583722957930204,0.7783850589446869,Mixup lambda-weighted target agreement,7009.0,0.335877745434152,0.8157019294743846,0.6573917356343387,0.7443171160823937,0.6829273079603067,full,bf16,fp32,67,5.2499999999999995e-05,5.2499999999999995e-05,5.2499999999999995e-05,268.1971478999985,4350.35009765625,0.8157019294743846,0.6829273079603067,0,0,0,meaningful_v2
12,0.3494737329576968,0.7975841588344021,Mixup lambda-weighted target agreement,7009.0,0.2997323046823769,0.812375249500998,0.6458593863842719,0.7314915907984005,0.6687492396926883,full,bf16,fp32,66,5.2499999999999995e-05,5.2499999999999995e-05,5.2499999999999995e-05,296.83657409999796,4350.35009765625,0.8157019294743846,0.6829273079603067,1,1,1,meaningful_v2
13,0.362893689812356,0.7975914768459011,Mixup lambda-weighted target agreement,7009.0,0.30987536329594134,0.8170326014637392,0.6492646078281492,0.7135722046013824,0.6643908932980825,full,bf16,fp32,67,5.2499999999999995e-05,5.2499999999999995e-05,5.2499999999999995e-05,329.07991790000233,4350.35009765625,0.8157019294743846,0.6829273079603067,2,2,2,meaningful_v2
14,0.28778128878300946,0.8157464677927956,Mixup lambda-weighted target agreement,7009.0,0.35637881086465156,0.7890884896872921,0.5921003450513538,0.7214236570083588,0.6220297149931545,full,bf16,fp32,60,5.2499999999999995e-05,5.2499999999999995e-05,5.2499999999999995e-05,279.9437795999984,4350.35009765625,0.8157019294743846,0.6829273079603067,3,3,3,meaningful_v2
15,0.31134070738521014,0.8123762963722633,Mixup lambda-weighted target agreement,7009.0,0.33822229870980014,0.7791084497671324,0.6156236036074685,0.7419775845378511,0.6349226321593168,full,bf16,fp32,66,5.2499999999999995e-05,5.2499999999999995e-05,5.2499999999999995e-05,318.4712006000009,4350.35009765625,0.8157019294743846,0.6829273079603067,4,4,4,meaningful_v2
16,0.30277633729608394,0.8190956598750738,Mixup lambda-weighted target agreement,7009.0,0.31596431179544715,0.803725881570193,0.61408964380396,0.7420689270135793,0.6497179075737017,full,bf16,fp32,73,5.2499999999999995e-05,5.2499999999999995e-05,5.2499999999999995e-05,295.3437011999995,4350.35009765625,0.8157019294743846,0.6829273079603067,5,5,5,meaningful_v2
17,0.23751337136285197,0.8397067424182563,Mixup lambda-weighted target agreement,7009.0,0.31905245247786446,0.8210246174318031,0.6808665771602549,0.7426458952237158,0.6777217567027005,full,bf16,fp32,62,5.2499999999999995e-05,5.2499999999999995e-05,5.2499999999999995e-05,152.98327680000148,4350.35009765625,0.8210246174318031,0.6829273079603067,0,0,6,meaningful_v2
18,0.25960542229321865,0.8381717529220679,Mixup lambda-weighted target agreement,7009.0,0.3332408853917963,0.8236859614105123,0.6657429421341815,0.742506103178215,0.6746601205434442,full,bf16,fp32,67,5.2499999999999995e-05,5.2499999999999995e-05,5.2499999999999995e-05,111.70444119999956,4350.35009765625,0.8236859614105123,0.6829273079603067,0,0,7,meaningful_v2
19,0.2445237637119546,0.8478581888016798,Mixup lambda-weighted target agreement,7009.0,0.4782779688853171,0.8083832335329342,0.6660374950287993,0.6972208992952006,0.646815025724754,full,bf16,fp32,68,5.2499999999999995e-05,5.2499999999999995e-05,5.2499999999999995e-05,116.77894379999998,4350.35009765625,0.8236859614105123,0.6829273079603067,1,1,8,meaningful_v2
