epoch,epoch_seed,train_loss,train_accuracy,train_images_seen,train_images_accepted,val_loss,val_accuracy,val_macro_precision,val_macro_recall,val_macro_f1,lr,lr_after,scheduler_lr_reduced,optimizer_updates,nonfinite_updates_skipped,meaningful_stale,last_meaningful_epoch,meaningful_accuracy_reference,meaningful_macro_f1_reference,stopping_reason,training_precision,validation_precision,epoch_seconds,peak_allocated_vram_mb
1,1051,0.7357885017140355,0.7249144961852144,38010,38010,0.6324223837672739,0.7560975609756098,0.6363344456317023,0.7137194526368152,0.6627064085519446,0.0001,0.0001,False,2376,0,0,1,0.7560975609756098,0.6627064085519446,running,amp_bf16,fp32,205.0312690999126,927.2626953125
2,2060,0.37719921606547013,0.8606156274664561,38010,38010,0.6523908942343126,0.7749445676274944,0.6729797979797979,0.7399879251822815,0.6866044866567224,0.0001,0.0001,False,4752,0,0,2,0.7749445676274944,0.6866044866567224,running,amp_bf16,fp32,181.00070129998494,927.2626953125
3,3069,0.2660550127617899,0.9045514338332018,38010,38010,0.614346036889865,0.8170731707317073,0.705746739856988,0.7301834007563925,0.7077084983121432,0.0001,0.0001,False,7128,0,0,3,0.8170731707317073,0.7077084983121432,running,amp_bf16,fp32,274.8401552999858,927.2626953125
4,4078,0.19982298027128137,0.9302815048671402,38010,38010,0.7041907863579938,0.835920177383592,0.715789677806049,0.7329994521586805,0.7140206310607315,0.0001,0.0001,False,9504,0,0,4,0.835920177383592,0.7140206310607315,running,amp_bf16,fp32,306.183390900027,927.2626953125
5,5087,0.16792153841247442,0.9420415680084189,38010,38010,0.7786880520124921,0.8148558758314856,0.6748594515082255,0.6948813780198752,0.6790814936077263,0.0001,0.0001,False,11880,0,1,4,0.835920177383592,0.7140206310607315,running,amp_bf16,fp32,184.06128379993606,927.2626953125
6,6096,0.14049422655954014,0.9528018942383584,38010,38010,0.8284340099722741,0.8403547671840355,0.761177179895634,0.6934207102044706,0.7192037580582472,0.0001,0.0001,False,14256,0,0,6,0.8403547671840355,0.7192037580582472,running,amp_bf16,fp32,186.25143029994797,927.2626953125
7,7105,0.1203156941620632,0.960036832412523,38010,38010,0.800314574442523,0.8237250554323725,0.7130726238935194,0.6827060606156489,0.6946706744130674,0.0001,0.0001,False,16632,0,1,6,0.8403547671840355,0.7192037580582472,running,amp_bf16,fp32,184.80872659990564,927.2626953125
8,8114,0.10447632440074,0.9674822415153906,38010,38010,0.977431717673585,0.8148558758314856,0.7192183846063119,0.681454430331482,0.6911413317430137,0.0001,0.0001,False,19008,0,2,6,0.8403547671840355,0.7192037580582472,running,amp_bf16,fp32,186.36303670005873,927.2626953125
9,9123,0.09257804934820295,0.9707971586424625,38010,38010,0.8319231619988207,0.8059866962305987,0.7094849578055114,0.6848592112369827,0.6880891292669539,0.0001,0.0001,False,21384,0,3,6,0.8403547671840355,0.7192037580582472,running,amp_bf16,fp32,185.72932899999432,927.2626953125
10,10132,0.08459661020635989,0.9741383846356222,38010,38010,0.923922133229326,0.8303769401330376,0.7086195901419682,0.7110246169992787,0.69787143993941,0.0001,0.0001,False,23760,0,4,6,0.8403547671840355,0.7192037580582472,running,amp_bf16,fp32,202.66128569992725,927.2626953125
11,11141,0.07481806092678614,0.9772954485661668,38010,38010,0.9350573586056343,0.8381374722838137,0.7506226933880115,0.7149993778816122,0.7268002258508729,0.0001,5e-05,True,26136,0,0,11,0.8403547671840355,0.7268002258508729,running,amp_bf16,fp32,185.99028320005164,927.2626953125
12,12150,0.047659951629130906,0.9857405945803736,38010,38010,1.0061889355831848,0.8259423503325942,0.7470546597092301,0.697063958212821,0.7158758861252063,5e-05,5e-05,False,28512,0,1,11,0.8403547671840355,0.7268002258508729,running,amp_bf16,fp32,185.29350130003877,927.2626953125
13,13159,0.035580394656701854,0.9893712181004999,38010,38010,1.0703497323767177,0.8425720620842572,0.7584485099228456,0.7338886528578438,0.7425337118321019,5e-05,5e-05,False,30888,0,0,13,0.8425720620842572,0.7425337118321019,running,amp_bf16,fp32,205.39379579992965,927.2626953125
14,14168,0.03411091507835989,0.9891870560378848,38010,38010,1.0035953510277997,0.8481152993348116,0.7694563314017985,0.7442000556310951,0.7545988477728108,5e-05,5e-05,False,33264,0,0,14,0.8481152993348116,0.7545988477728108,running,amp_bf16,fp32,180.54450179997366,927.2626953125
15,15177,0.028494496041108968,0.9909234411996843,38010,38010,1.1919560334206396,0.843680709534368,0.760091815298444,0.7189272125321651,0.7350924506020098,5e-05,5e-05,False,35640,0,1,14,0.8481152993348116,0.7545988477728108,running,amp_bf16,fp32,184.166596999974,927.2626953125
16,16186,0.02801059075236282,0.9915022362536174,38010,38010,1.1591615477977466,0.8470066518847007,0.7767812362589925,0.7489580295252625,0.7577234001778859,5e-05,5e-05,False,38016,0,0,16,0.8481152993348116,0.7577234001778859,running,amp_bf16,fp32,268.99414199998137,927.2626953125
17,17195,0.02789521943279673,0.9921336490397263,38010,38010,1.104266624049642,0.843680709534368,0.7669336184864134,0.721062518439426,0.7396053650886261,5e-05,5e-05,False,40392,0,1,16,0.8481152993348116,0.7577234001778859,running,amp_bf16,fp32,327.6379401999293,927.2626953125
18,18204,0.02422040013214527,0.9930018416206261,38010,38010,1.1354010225628077,0.8481152993348116,0.7661897164961393,0.7054093927315926,0.7295206771977872,5e-05,5e-05,False,42768,0,2,16,0.8481152993348116,0.7577234001778859,running,amp_bf16,fp32,322.482262799982,927.2626953125
19,19213,0.02633851195261371,0.99221257563799,38010,38010,1.1104179818299083,0.8492239467849224,0.7642088715828211,0.7461930883526046,0.7484533142799135,5e-05,2.5e-05,True,45144,0,3,16,0.8481152993348116,0.7577234001778859,running,amp_bf16,fp32,330.8892864000518,927.2626953125
20,20222,0.016052434025694576,0.9950539331754802,38010,38010,1.1982769693748159,0.8547671840354767,0.7705979738353143,0.7368338054114041,0.7514349373078443,2.5e-05,2.5e-05,False,47520,0,0,20,0.8547671840354767,0.7577234001778859,running,amp_bf16,fp32,331.5132048999658,927.2626953125
21,21231,0.01431096247422185,0.9956327282294133,38010,38010,1.287520967047631,0.8580931263858093,0.7715146972164847,0.7510747335653757,0.7579457466808875,2.5e-05,2.5e-05,False,49896,0,0,21,0.8580931263858093,0.7577234001778859,running,amp_bf16,fp32,336.9668042999692,927.2626953125
22,22240,0.01553983633405917,0.9958431991581163,38010,38010,1.2237748037195768,0.8558758314855875,0.7763826436011335,0.7141302987890951,0.7363862218182659,2.5e-05,2.5e-05,False,52272,0,1,21,0.8580931263858093,0.7577234001778859,running,amp_bf16,fp32,334.4565701999236,927.2626953125
23,23249,0.011427391213078914,0.996921862667719,38010,38010,1.1785444270112577,0.8558758314855875,0.7586862945688047,0.7286105128834758,0.7400782611452296,2.5e-05,2.5e-05,False,54648,0,2,21,0.8580931263858093,0.7577234001778859,running,amp_bf16,fp32,337.7462955999654,927.2626953125
24,24258,0.00994069867571308,0.9972901867929492,38010,38010,1.2792256451212516,0.8314855875831486,0.7288750398481121,0.7170195965214681,0.7188317091205038,2.5e-05,2.5e-05,False,57024,0,3,21,0.8580931263858093,0.7577234001778859,running,amp_bf16,fp32,323.86117839999497,927.2626953125
25,25267,0.012930293055640776,0.9961852144172586,38010,38010,1.3102901645020644,0.8481152993348116,0.7785018289030271,0.7359140903886081,0.7551191807276584,2.5e-05,2.5e-05,False,59400,0,4,21,0.8580931263858093,0.7577234001778859,running,amp_bf16,fp32,337.5931950000813,927.2626953125
26,26276,0.010068712375834564,0.9970007892659827,38010,38010,1.359245633273281,0.8569844789356984,0.7861664380295574,0.7377278139846524,0.7596619748453339,2.5e-05,1.25e-05,True,61776,0,5,21,0.8580931263858093,0.7577234001778859,running,amp_bf16,fp32,327.9951144999359,927.2626953125
27,27285,0.009044109526417533,0.9974480399894764,38010,38010,1.3149334556906342,0.8580931263858093,0.7853799321389523,0.7244067622558842,0.7517672525780001,1.25e-05,1.25e-05,False,64152,0,6,21,0.8580931263858093,0.7577234001778859,running,amp_bf16,fp32,322.9413774999557,927.2626953125
28,28294,0.007329035004640262,0.9981057616416732,38010,38010,1.3167639738927077,0.8558758314855875,0.7881173446559758,0.7277313204120001,0.7552968611691815,1.25e-05,1.25e-05,False,66528,0,7,21,0.8580931263858093,0.7577234001778859,running,amp_bf16,fp32,332.4279357000487,927.2626953125
