epoch,lr_before,lr_after,reduced
1,0.0001,0.0001,False
2,0.0001,0.0001,False
3,0.0001,0.0001,False
4,0.0001,0.0001,False
5,0.0001,0.0001,False
6,0.0001,0.0001,False
7,0.0001,0.0001,False
8,0.0001,0.0001,False
9,0.0001,0.0001,False
10,0.0001,0.0001,False
11,0.0001,5e-05,True
12,5e-05,5e-05,False
13,5e-05,5e-05,False
14,5e-05,5e-05,False
15,5e-05,5e-05,False
16,5e-05,5e-05,False
17,5e-05,5e-05,False
18,5e-05,5e-05,False
19,5e-05,2.5e-05,True
20,2.5e-05,2.5e-05,False
21,2.5e-05,2.5e-05,False
22,2.5e-05,2.5e-05,False
23,2.5e-05,2.5e-05,False
24,2.5e-05,2.5e-05,False
25,2.5e-05,2.5e-05,False
26,2.5e-05,1.25e-05,True
27,1.25e-05,1.25e-05,False
28,1.25e-05,1.25e-05,False
