image_id,outer_near_black_fraction,near_black_corners,obvious_dark_border
ISIC_0027333,0.0,0,0
ISIC_0032085,0.0,0,0
ISIC_0032435,0.0,0,0
ISIC_0032714,0.0,0,0
ISIC_0031338,0.0,0,0
ISIC_0027304,0.0,0,0
ISIC_0025328,0.0,0,0
ISIC_0024481,0.0,0,0
ISIC_0032261,0.0,0,0
ISIC_0027656,0.0,0,0
ISIC_0026208,0.0,0,0
ISIC_0029517,0.0,0,0
ISIC_0027343,0.0,0,0
ISIC_0028602,0.0,0,0
ISIC_0028793,0.0,0,0
ISIC_0025208,0.0,0,0
ISIC_0024329,0.0010833100363433045,0,0
ISIC_0029681,0.0,0,0
ISIC_0030802,0.0,0,0
ISIC_0025574,0.0,0,0
ISIC_0028184,0.0,0,0
ISIC_0034214,0.0,0,0
ISIC_0033623,0.0,0,0
ISIC_0026630,0.0,0,0
ISIC_0027661,0.0,0,0
ISIC_0026902,0.02460162147050601,1,0
ISIC_0027255,0.0006290187307799833,0,0
ISIC_0029223,6.98909700866648e-05,0,0
ISIC_0028479,0.1434512161028795,3,1
ISIC_0034194,0.0,0,0
ISIC_0031787,0.0,0,0
ISIC_0034320,0.0,0,0
ISIC_0030956,0.0,0,0
ISIC_0025007,0.0,0,0
ISIC_0032064,0.0,0,0
ISIC_0026971,0.0,0,0
ISIC_0025783,0.0,0,0
ISIC_0030876,0.0,0,0
ISIC_0030727,0.0,0,0
ISIC_0027590,0.12300810735253005,4,1
ISIC_0031149,0.0,0,0
ISIC_0031863,0.0,0,0
ISIC_0027186,0.0,0,0
ISIC_0031141,0.0,0,0
ISIC_0029566,0.0,0,0
ISIC_0028277,0.0,0,0
ISIC_0028054,0.0,0,0
ISIC_0032846,0.0,0,0
ISIC_0026280,0.0,0,0
ISIC_0024713,0.0,0,0
ISIC_0025595,0.0,0,0
ISIC_0028313,0.0,0,0
ISIC_0031733,0.0,0,0
ISIC_0033272,0.0,0,0
ISIC_0028683,0.0,0,0
ISIC_0029288,0.18391808778305843,0,0
ISIC_0029222,0.0,0,0
ISIC_0030127,0.04294800111825552,1,0
ISIC_0033433,0.042423818842605536,1,0
ISIC_0033725,0.0,0,0
ISIC_0033493,0.27093234554095613,4,1
ISIC_0025308,0.0,0,0
ISIC_0031053,0.0,0,0
ISIC_0031467,0.0,0,0
ISIC_0027740,0.0,0,0
ISIC_0031047,0.0,0,0
ISIC_0033527,0.0,0,0
ISIC_0032615,0.0,0,0
ISIC_0030710,0.0,0,0
ISIC_0031428,0.13045149566675984,2,1
ISIC_0032881,0.0,0,0
ISIC_0034221,0.0,0,0
ISIC_0027772,0.0,0,0
ISIC_0025779,0.0,0,0
ISIC_0030630,0.0,0,0
ISIC_0026802,0.0,0,0
ISIC_0032974,0.0001397819401733296,0,0
ISIC_0031590,0.0,0,0
ISIC_0026775,0.0001397819401733296,0,0
ISIC_0029960,0.0,0,0
ISIC_0024545,0.0,0,0
ISIC_0030165,0.0,0,0
ISIC_0028126,0.0,0,0
ISIC_0029872,0.0,0,0
ISIC_0034013,0.23860777187587365,4,1
ISIC_0027460,0.0,0,0
ISIC_0030969,0.0,0,0
ISIC_0028875,0.0,0,0
ISIC_0031126,0.0002096729102599944,0,0
ISIC_0030663,0.0007338551859099804,0,0
ISIC_0033939,0.0,0,0
ISIC_0033639,0.0,0,0
ISIC_0030989,0.0,0,0
ISIC_0031670,0.0011182555213866368,0,0
ISIC_0024639,0.0,0,0
ISIC_0031735,0.0,0,0
ISIC_0031647,0.0,0,0
ISIC_0026346,0.042039418507128876,1,0
ISIC_0027715,0.0,0,0
ISIC_0027323,0.0,0,0
ISIC_0029735,0.0,0,0
ISIC_0028600,0.0,0,0
ISIC_0033640,0.0,0,0
ISIC_0029080,0.0,0,0
ISIC_0032835,0.24070450097847357,4,1
ISIC_0029819,0.0,0,0
ISIC_0024595,6.98909700866648e-05,0,0
ISIC_0029290,0.0,0,0
ISIC_0028931,0.0009085826111266425,0,0
ISIC_0024735,0.0,0,0
ISIC_0026598,0.0,0,0
ISIC_0027110,0.0,0,0
ISIC_0031830,0.0,0,0
ISIC_0029099,0.0,0,0
ISIC_0033925,0.0,0,0
ISIC_0028679,0.0,0,0
ISIC_0030385,0.0,0,0
ISIC_0034152,0.0,0,0
ISIC_0032352,0.0,0,0
ISIC_0030030,0.0,0,0
ISIC_0027873,0.0003844003354766564,0,0
ISIC_0034035,0.0,0,0
ISIC_0029006,0.0,0,0
ISIC_0032702,0.35937936818563043,4,1
ISIC_0034118,0.18472183393905509,4,1
ISIC_0024584,0.0,0,0
ISIC_0033026,0.0,0,0
ISIC_0028533,0.0,0,0
ISIC_0033066,0.0,0,0
ISIC_0032669,0.0,0,0
ISIC_0025961,0.0,0,0
ISIC_0024336,0.00034945485043332404,0,0
ISIC_0033977,0.0,0,0
ISIC_0027649,0.0010833100363433045,0,0
ISIC_0031713,0.0,0,0
ISIC_0025656,0.0,0,0
ISIC_0025529,0.0,0,0
ISIC_0031628,0.0,0,0
ISIC_0028362,0.0,0,0
ISIC_0025448,0.0,0,0
ISIC_0029974,0.0,0,0
ISIC_0033051,0.0,0,0
ISIC_0025669,0.0,0,0
ISIC_0029313,0.0,0,0
ISIC_0030096,0.0,0,0
ISIC_0034228,0.0,0,0
ISIC_0025298,0.0,0,0
ISIC_0027479,0.0,0,0
ISIC_0030387,0.0,0,0
ISIC_0026238,0.0,0,0
