workbook_sha256,sheet,source_range,paper_label,doi_candidate,decision,reason,method_tags,extracted_dataset,extracted_methods,extracted_results,evaluation_comparability,primary_url,verification_scope,verification_date
1cf7ed7cad73ff48c235d4364509f95c52a86c3a9a23512c571fa2c31278c8db,table1,A2:H2,DCENSnet,10.1016/j.bspc.2023.105757,candidate,Three customized CNNs; defer expensive ensemble until single-model controls.,ensemble_fusion;imbalance;augmentation_preprocessing,Evaluated on the HAM10000 skin lesion dataset. Focused on skin cancer classification accuracy.,Novel ensemble approach with three customized DCNNs. Different dropout layers enhance feature-level learning.,"Achieved 99.53% mean accuracy on HAM10000 dataset. Outperformed state-of-the-art networks in precision, recall, and F1 score.",not established for our locked lesion-disjoint cohort,https://www.sciencedirect.com/science/article/pii/S1746809423011904,Indexed publisher abstract: ensemble and99.53% only; fulltext retrieval failed,2026-10-03
1cf7ed7cad73ff48c235d4364509f95c52a86c3a9a23512c571fa2c31278c8db,table1,A3:H3,ML-IGIA,10.1177/20552076241312936,priority,Attention/ensemble reference; table captions conflict on six vs seven classes; label-dependent weights need development-only fitting.,attention;ensemble_fusion;imbalance,Human Against Machines 10000 dataset,Attention-integrated customized ResNet variants (CRVs) Multi-leveled ensemble learning strategy with inverse Gini indexed averaging (ML-IGIA),Achieved 94.52% accuracy using ML-IGIA approach. Outperformed existing methods in skin lesion classification.,not established for our locked lesion-disjoint cohort,https://journals.sagepub.com/doi/10.1177/20552076241312936,Methods; preprocessing; IGIA Steps1-4; Tables16/17; Threats to validity,2026-10-03
1cf7ed7cad73ff48c235d4364509f95c52a86c3a9a23512c571fa2c31278c8db,table1,A4:H4,SynthraXCoreNet,10.1109/access.2025.3641868,candidate,Six-CNN soft voting and calibration; compute cost motivates two-model baseline.,ensemble_fusion;imbalance;augmentation_preprocessing;xai,HAM10000 ISIC2019 BCN20000 DERM12345,"The methodology involves a six CNN ensemble comprising ResNet50V2, ResNet101V2, ResNet152V2, DenseNet201, NASNetLarge, and Xception, each trained per dataset. At inference, the approach averages posterior probabilities from a shared input size of 224×224×3. Probability calibration is assessed using reliability diagrams and Expected Calibration Error, with temperature scaling applied. For interpretability, the methods combine Integrated Gradients, Grad CAM variants, and saliency maps, scoring explanation quality based on faithfulness, robustness, complexity, and axiomatic metrics. An ablation study contrasts equal soft voting with weighted soft voting, evaluating performance on Accuracy, Macro F1, and ECE.","On the HAM10000 dataset, SynthraXCoreNet achieved an Accuracy of 98.85% ± 0.68 and a Macro F1 score of 0.99. On the ISIC2019 dataset, the model attained an Accuracy of 95.30% ± 0.83 and a Macro F1 score of 0.95. For the BCN20000 dataset, the Accuracy was reported at 95.00% ± 1.21 with a Macro F1 score of 0.95. On the DERM12345 dataset, the model's Accuracy was 96.63% ± 1.00 and the Macro F1 score was 0.97. The end-to-end inference latency was approximately 461 ms per image, supporting about 2.17 images per second.",not established for our locked lesion-disjoint cohort,,Spreadsheet extraction only; primary protocol not verified,2026-10-03
1cf7ed7cad73ff48c235d4364509f95c52a86c3a9a23512c571fa2c31278c8db,table1,A5:H5,SBXception,10.3390/cancers15143604,candidate,Efficiency context; dataset column missing; custom Xception outside initial shortlist.,,-,SBXception: a shallower and broader variant of the Xception network Reducing the depth and expanding the breadth of the architecture,The proposed SBXception model achieved an accuracy of 96.97% on a holdout test set. SBXception had 54.27% fewer training parameters and reduced training time compared to the base model.,not established for our locked lesion-disjoint cohort,,Spreadsheet extraction only; primary protocol not verified,2026-10-03
1cf7ed7cad73ff48c235d4364509f95c52a86c3a9a23512c571fa2c31278c8db,table1,A6:H6,Patch attention and diagnosis weighting,10.1109/tbme.2019.2915839,priority,High-resolution attention and training loss balancing; mean sensitivity is not accuracy.,attention;imbalance,HAM dataset 7-point criteria (SPC) dataset,"The paper employs a novel patch-based attention architecture to effectively utilize high-resolution images for skin lesion classification. It modifies three pretrained architectures to study the performance of the patch-based attention mechanism. To address class imbalance, the paper compares various strategies including oversampling, balanced batch sampling, and class-specific loss weighting. A unique diagnosis-guided loss weighting method is proposed, which considers the method used for ground-truth annotation to improve training effectiveness. The methodology includes multi-crop techniques for image processing, where patches are randomly cropped from images during training and evaluated using fixed crop locations.",Patch-based attention mechanism improves mean sensitivity by 7%. Diagnosis-guided loss weighting method improves mean sensitivity by 3%.,not established for our locked lesion-disjoint cohort,https://arxiv.org/abs/1905.02793,Author abstract: methods and mean-sensitivity improvements only,2026-10-03
1cf7ed7cad73ff48c235d4364509f95c52a86c3a9a23512c571fa2c31278c8db,table1,A7:H7,Attentional fusion ensemble,10.1109/access.2024.3510224,candidate,CNN diversity/attention; dataset absent in extracted field; verify before numeric comparison.,attention;ensemble_fusion;imbalance;augmentation_preprocessing,The provided context does not mention any specific datasets used in the study.,"Combines ResNet50V2, MobileNetV2, and EfficientNetV2 models. Utilizes attention mechanism for feature emphasis and interaction. Employs comprehensive image preprocessing techniques for dataset quality.","High precision for Dermatofibroma (92% precision, 96% recall). Vascular lesions achieved 99% precision and recall.",not established for our locked lesion-disjoint cohort,,Spreadsheet extraction only; primary protocol not verified,2026-10-03
1cf7ed7cad73ff48c235d4364509f95c52a86c3a9a23512c571fa2c31278c8db,table1,A8:H8,TransCon-Skin,10.1109/access.2025.3645694,deferred,Segmentation/contrastive ViT; missing dataset and unresolved evaluation; separate heavy research question.,augmentation_preprocessing;transformer,The provided context does not mention any specific datasets used in the study.,"The study employs a deep learning model called TransCon-Skin, which is based on segmentation and contrastive learning. It utilizes the Vision Transformer (ViT) architecture to extract representations from dermoscopic images. The model is optimized using the MoCo framework to enhance class discrimination. Experimental evaluations demonstrate the model's classification performance, including metrics such as accuracy, F1-score, and recall. The classification times range from 1.5 to 4.9 milliseconds, indicating the model's efficiency for real-time applications.","TransCon-Skin achieved an accuracy of 99.79% in classifying dermoscopic images. The model demonstrated a F1-score of 99.89%. TransCon-Skin recorded a recall rate of 100% across all Vision Transformer configurations. Classification times ranged from 1.5 to 4.9 milliseconds, indicating high efficiency. The results suggest that TransCon-Skin is a reliable and scalable approach for skin cancer diagnosis.",not established for our locked lesion-disjoint cohort,,Spreadsheet extraction only; primary protocol not verified,2026-10-03
1cf7ed7cad73ff48c235d4364509f95c52a86c3a9a23512c571fa2c31278c8db,table1,A9:H9,Depth/channel feature fusion,10.1371/journal.pone.0340901,candidate,HAM10000 mentioned in method; weighted P/R/F1 cannot replace macro-F1 or accuracy.,ensemble_fusion;xai;transformer,-,"The study employs a systematic investigation into deep feature fusion to combine representations from various neural network architectures. Six distinct fusion models are designed and rigorously evaluated, focusing on depth-wise and channel-wise strategies for feature integration. The methodology incorporates global contextual awareness through Vision Transformers (ViTs) alongside Convolutional Neural Network (CNN) backbones. The models are evaluated on the 7-class HAM10000 dataset, measuring performance through weighted average Precision, Recall, and F1 score. Explainable AI (XAI) analysis is conducted using Grad-CAM and SHAP to assess the clinical interpretability of the models based on dermatological features.","The optimized architecture achieved a weighted average Precision, Recall, and F1 score of 90% on the 7-class HAM10000 dataset. The study rigorously evaluated six distinct fusion models for deep feature fusion. Depth-wise and channel-wise strategies were investigated for integrating features from Convolutional Neural Network (CNN) backbones. The incorporation of global contextual awareness from Vision Transformers (ViTs) was also part of the evaluation. The explainable AI (XAI) analysis using Grad-CAM and SHAP indicated that the fusion strategy directly influences the model's clinical interpretability.",not established for our locked lesion-disjoint cohort,,Spreadsheet extraction only; primary protocol not verified,2026-10-03
1cf7ed7cad73ff48c235d4364509f95c52a86c3a9a23512c571fa2c31278c8db,table1,A10:H10,SDAM UNet,10.1038/s41598-025-33597-0,task_context,Segmentation/binary melanoma context; Dice/IoU/pixel accuracy not seven-class image accuracy.,attention,HAM10000 dataset ISIC (Preliminary) dataset PH2 (Preliminary) dataset,"The study employs a computational approach by integrating a Scaled Dot Attention Mechanism (SDAM) with a modified UNet architecture for skin lesion detection. The SDAM is utilized as an attention mechanism between the encoder and decoder stages of the UNet, allowing the model to focus on relevant lesion areas and extract essential features. The proposed model is evaluated using the HAM10000 dataset, which consists of a diverse collection of skin lesion images. Additional testing is conducted on two preliminary datasets, ISIC and PH2, to assess the model's generalization across various skin lesion types. Performance metrics such as Dice scores, accuracy, sensitivity, precision, recall, F1-score, and IoU are used to validate the model's effectiveness in classifying melanoma and benign skin lesions.","The proposed model achieved Dice scores between 0.97 and 0.988 for melanoma detection. The accuracy of the model ranged from 97.8% to 98.3%. The model demonstrated substantial enhancements in sensitivity compared to baseline models. It outperformed standard UNet (Dice score: 0.85, accuracy: 88.4%) and DenseNet (Dice score: 0.87, accuracy: 90.1%). Statistical analysis revealed a significant performance boost with a p-value of 0.02.",not established for our locked lesion-disjoint cohort,,Spreadsheet extraction only; primary protocol not verified,2026-10-03
1cf7ed7cad73ff48c235d4364509f95c52a86c3a9a23512c571fa2c31278c8db,table1,A11:H11,Network-level fused architecture,10.1186/s12911-025-03051-2,candidate,Contrast enhancement/fusion; cost and Bayesian search unsuitable before controls.,ensemble_fusion;imbalance;augmentation_preprocessing;xai,HAM10000 ISIC2018,"The study employed a deep learning-based network-level fusion architecture that integrates multiple deep models for skin lesion classification and localization. A novel hybrid contrast enhancement technique was utilized for pre-processing and dataset augmentation to improve lesion visibility. Two specific deep learning models, a 5-block inverted residual network and a 6-block inverted bottleneck network, were designed and fused using a depth concatenation approach. Bayesian optimization was applied for hyperparameter tuning during the training of the models. Explainable AI techniques, including LIME, were implemented to interpret model predictions and localize lesion regions effectively.","The proposed fused architecture achieved classification accuracy of 91.3% on the HAM10000 dataset and 90.7% on the ISIC2018 dataset. Sensitivity, precision, and F1-scores significantly improved after data augmentation, with precision rates reaching up to 90.91%. The explainable AI component effectively localized lesion areas with high confidence, enhancing model interpretability. The hybrid contrast enhancement technique improved lesion visibility during pre-processing and dataset augmentation. Future work is required to address limitations related to computational resource requirements and training time.",not established for our locked lesion-disjoint cohort,,Spreadsheet extraction only; primary protocol not verified,2026-10-03
1cf7ed7cad73ff48c235d4364509f95c52a86c3a9a23512c571fa2c31278c8db,table1,A12:H12,MedFusionNet,10.1038/s41598-025-31816-2,candidate,"ConvNeXt/ViT attention fusion; motivates modern CNN control, not immediate hybrid implementation.",attention;ensemble_fusion;transfer_learning;imbalance;augmentation_preprocessing;xai;transformer,ISIC-2019 HAM10000,"The study employs a novel deep convolutional neural network called MedFusionNet, which integrates ConvNeXt and Vision Transformer (ViT) architectures. An adaptive attention-based approach is utilized for advanced feature fusion to facilitate the automatic multi-classification of skin cancer samples. The model is evaluated on two benchmark dermoscopy datasets: ISIC-2019 and HAM10000, which reflect real-world class imbalance issues. Various evaluation metrics, including accuracy, precision, recall, and AUC, are used to assess the performance of MedFusionNet. The results are compared against other deep learning algorithms such as ResNet50, MobileNet V2, DenseNet121, and ViT-B16 to demonstrate the effectiveness of the proposed model.","MedFusionNet achieved a classification accuracy of 98.80% on the HAM10000 dataset. MedFusionNet achieved a classification accuracy of 97.90% on the ISIC-2019 dataset. The model outperformed existing deep learning algorithms such as ResNet50, MobileNet V2, DenseNet121, and ViT-B16. Evaluation metrics used included accuracy, precision, recall, and AUC. Grad-CAM visualizations indicated that the model focused on clinically relevant lesion regions.",not established for our locked lesion-disjoint cohort,,Spreadsheet extraction only; primary protocol not verified,2026-10-03
1cf7ed7cad73ff48c235d4364509f95c52a86c3a9a23512c571fa2c31278c8db,table1,A13:H13,Deep features and ML ensembles,10.1111/exd.70020,candidate,Frozen feature classifiers may be cheap later; cohort/split missing.,ensemble_fusion;imbalance;augmentation_preprocessing,-,"Deep learning models: DenseNet201, Xception, Mobilenet for feature extraction. Machine learning algorithms with ensemble techniques for classification.",Achieved 98.7% accuracy on HAM10000 dataset. Achieved 94.4% accuracy on ISIC dataset.,not established for our locked lesion-disjoint cohort,,Spreadsheet extraction only; primary protocol not verified,2026-10-03
1cf7ed7cad73ff48c235d4364509f95c52a86c3a9a23512c571fa2c31278c8db,table1,A14:H14,Skin-CAD,10.1016/j.compbiomed.2024.108798,candidate,Feature selection/XAI; binary and HAM scores must be separated.,transfer_learning;xai,Skin Cancer: Malignant vs. Benign dataset HAM10000 dataset,Dual high-level CNNs features selection Transfer learning for classification of skin cancer,Skin-CAD achieved 97.2% accuracy for SC classification. Skin-CAD obtained 96.5% accuracy on HAM10000 dataset.,not established for our locked lesion-disjoint cohort,,Spreadsheet extraction only; primary protocol not verified,2026-10-03
1cf7ed7cad73ff48c235d4364509f95c52a86c3a9a23512c571fa2c31278c8db,table1,A15:H15,DSCATNet,10.1371/journal.pone.0312598,deferred,Dual-scale transformer; kappa is not accuracy; defer custom transformer.,attention;ensemble_fusion;transformer,HAM 10000 dataset PAD dataset,Dual-scale lightweight cross-attention vision transformer network (DSCATNet) Convolutional neural network (CNN) for feature extraction,Achieved 95.84% kappa on HAM 10000 dataset. Obtained 94.56% kappa on PAD dataset.,not established for our locked lesion-disjoint cohort,,Spreadsheet extraction only; primary protocol not verified,2026-10-03
1cf7ed7cad73ff48c235d4364509f95c52a86c3a9a23512c571fa2c31278c8db,table1,A16:H16,EFAM-Net,10.1109/access.2024.3468612,candidate,ConvNeXt multiscale attention; isolate backbone before fusion changes.,attention;ensemble_fusion,ISIC 2019 HAM10000 Private dataset,"The paper proposes a novel EFAM-Net model for skin lesion classification, utilizing a combination of advanced feature extraction techniques. It employs a newly designed Attention Residual Learning ConvNeXt (ARLC) block to extract low-level features such as colors and textures from images. The model incorporates a Parallel ConvNeXt (PCNXt) block in its deep-layer architecture to capture richer and more complex features. A Multi-scale Efficient Attention Feature Fusion (MEAFF) block is introduced to enhance feature extraction at various scales, allowing for comprehensive feature capture and fusion. The model's performance is evaluated on the ISIC 2019 and HAM10000 public datasets, as well as a private dataset, achieving high classification accuracy.",EFAM-Net achieved an overall accuracy of 92.30% on the ISIC 2019 dataset. EFAM-Net achieved an overall accuracy of 93.95% on the HAM10000 dataset. EFAM-Net achieved an overall accuracy of 94.31% on a private dataset. The model demonstrated top classification performance among all compared models. No null or negative results were reported in the evaluation of EFAM-Net.,not established for our locked lesion-disjoint cohort,,Spreadsheet extraction only; primary protocol not verified,2026-10-03
1cf7ed7cad73ff48c235d4364509f95c52a86c3a9a23512c571fa2c31278c8db,table1,A17:H17,EFFNet,10.1371/journal.pone.0293266,candidate,Feature fusion/random forest; balancing order unknown; not EfficientNet despite name.,ensemble_fusion;transfer_learning;imbalance,HAM10000 dataset ImageNet dataset,Image enhancement for balanced training dataset. Feature fusion and random forests for classification.,The EFFNet model achieved an accuracy of 94.96% in skin cancer classification. The recall of the model was reported at 93.74%. The precision of the model reached 93.16%. The F1-score of the model was 93.24%. The accuracy rate of EFFNet improved by about 10% compared to other models.,not established for our locked lesion-disjoint cohort,,Spreadsheet extraction only; primary protocol not verified,2026-10-03
1cf7ed7cad73ff48c235d4364509f95c52a86c3a9a23512c571fa2c31278c8db,table1,A18:H18,Modified EfficientNetV2L,10.1038/s41598-025-22228-3,task_context,ISIC2357 cohort differs from seven-class HAM; size/parameter claims require verification.,transfer_learning;imbalance;augmentation_preprocessing,-,"The study utilized the ISIC dataset, which is publicly available and contains 2357 images of various skin lesions, ensuring high-quality and reliable annotations. The EfficientNetV2L architecture was specifically optimized for skin lesion classification, representing a novel approach in the existing literature. An adaptive early stopping mechanism and learning rate callbacks were integrated to enhance model generalization and prevent overfitting during training. Data augmentation techniques were employed to balance the dataset by generating additional samples for underrepresented classes, improving the model's ability to generalize. The model was trained using transfer learning, leveraging a pre-trained EfficientNetV2L model on ImageNet, with fine-tuning for the specific skin cancer classification task.","The proposed model achieved a high classification accuracy of 99.22% on the ISIC dataset. The model demonstrated consistent performance across cross-validation folds, with accuracies ranging from 0.982 to 0.997 and a mean accuracy of 0.991. The total number of trainable parameters in the model was approximately 22.77 million, with an additional 62,055 non-trainable parameters. The recall for Actinic Keratosis was reported at 0.98, indicating some true cases were missed due to visual similarities with Squamous Cell Carcinoma. The model's performance was enhanced through data augmentation techniques, which helped balance the dataset and improve generalization across all classes.",not established for our locked lesion-disjoint cohort,,Spreadsheet extraction only; primary protocol not verified,2026-10-03
1cf7ed7cad73ff48c235d4364509f95c52a86c3a9a23512c571fa2c31278c8db,table1,A19:H19,CARE,10.1016/j.neucom.2023.126577,deferred,Rare-class attention with lesion boxes; annotations/segmentation are an additional requirement.,attention;imbalance;xai,Imbalanced skin image dataset Pneumonia dataset,"The paper proposes a framework named Class Attention to REgions of the lesion (CARE) to address data imbalance in medical image classification. It embeds an attention module into the training process of Convolutional Neural Networks (CNNs) to help the network focus on lesion regions of rare diseases. The methodology includes the use of bounding boxes to represent lesion regions, which can be generated manually or through automated methods like traditional saliency techniques or pretrained segmentation models. Extensive experiments are conducted on imbalanced datasets, specifically a skin image dataset and a pneumonia dataset, to evaluate the effectiveness of the proposed method. The approach is designed to be compatible with existing CNN architectures without altering their structure, allowing for direct integration.","The CARE framework significantly outperformed the baseline in terms of Recall, AUC, and MCA on both the Pneumonia and Skin datasets. For the Pneumonia dataset, CARE achieved a Recall of 31.1 compared to 7.4 for the baseline. For the Skin dataset, CARE achieved a Recall of 73.9, indicating a substantial improvement over the baseline. The performance of the model remained consistently better than the baseline across a range of hyperparameter values for the attention loss term. The CARE variants with automated bounding box generation showed comparable performance to the original CARE framework that used manual annotations.",not established for our locked lesion-disjoint cohort,,Spreadsheet extraction only; primary protocol not verified,2026-10-03
1cf7ed7cad73ff48c235d4364509f95c52a86c3a9a23512c571fa2c31278c8db,table1,A20:H20,DeMAL-CNN,10.1007/s40747-021-00587-4,task_context,Metric attention on ISIC2016/2017/PH2; different class/task cohorts.,attention;ensemble_fusion,ISIC 2016 dataset with 1279 dermoscopy images. ISIC 2017 dataset and PH2 dataset for evaluation.,Deep metric attention learning CNN (DeMAL-CNN) Triplet-based network (TPN) Mixed attention mechanism,"The proposed DeMAL-CNN outperforms baseline, attention, and state-of-the-art methods. The effectiveness of DeMAL-CNN is demonstrated on multiple datasets.",not established for our locked lesion-disjoint cohort,,Spreadsheet extraction only; primary protocol not verified,2026-10-03
1cf7ed7cad73ff48c235d4364509f95c52a86c3a9a23512c571fa2c31278c8db,table1,A21:H21,VAdaKD,10.1007/s40747-024-01501-4,deferred,Teacher/student distillation; need demonstrated strong teacher before extra training.,attention;distillation,Dermnet dataset ISIC 2019 dataset HAM10000 dataset,"The paper proposes a novel method called Variational AdaBoost Knowledge Distillation (VAdaKD) for skin lesion classification. It utilizes a knowledge distillation approach where the student model actively mines the teacher model's learning representation. A variational difficulty mining strategy is introduced to capture nuanced classification difficulties and reduce interference from the teacher model. The methodology includes the construction of a distillation loss using Attention Transfer to effectively extract representation information from intermediate features. The experimental validation is conducted on three benchmark datasets: Dermnet, ISIC 2019, and HAM10000, demonstrating the efficacy of the proposed method.",The proposed Variational AdaBoost Knowledge Distillation (VAdaKD) method shows an improvement of 2–3% over the baseline on the Dermnet dataset. VAdaKD outperforms the best results of other compared methods by 1% on the Dermnet dataset. The method achieves superior performance across all three teacher-student network backbones tested. VAdaKD performs very closely to the teacher model when the teacher is ResNet34 and the student is ResNet18. Experimental results indicate that VAdaKD effectively captures learning difficulties and achieves better visualized t-distributed stochastic neighbor embedding classification results.,not established for our locked lesion-disjoint cohort,,Spreadsheet extraction only; primary protocol not verified,2026-10-03
1cf7ed7cad73ff48c235d4364509f95c52a86c3a9a23512c571fa2c31278c8db,table1,A22:H22,STViTDA-Net,10.1016/j.ibmed.2026.100350,task_context,ISIC2019 GAN/MAE/deformable attention; different task and substantial extra compute.,attention;imbalance;augmentation_preprocessing;xai;transformer,-,"The methodology involves the development of STViTDA-Net, a hybrid transformer-based deep learning framework for skin cancer classification. STGAN is utilized for class-balanced image augmentation, addressing class imbalance in the ISIC2019 dataset through realistic minority-class lesion synthesis. ViT-MAE is employed for self-supervised hierarchical feature encoding by reconstructing masked image patches, capturing both local and global lesion characteristics. A Deformable Attention Transformer Encoder is integrated to dynamically adapt to irregular lesion geometries, enhancing spatial modeling and improving classification accuracy. Preprocessing with Error Level Analysis (ELA) and post-hoc explanations using Grad-CAM are implemented to improve interpretability by highlighting diagnostically significant regions.","STViTDA-Net achieved 99.35% accuracy on the ISIC2019 dataset. The model demonstrated 99.0% precision in its predictions. It recorded a recall rate of 99.5%. The F1-score reached 99.2%. STViTDA-Net also achieved an AUC-ROC of 99.2%, surpassing existing CNN and transformer baselines.",not established for our locked lesion-disjoint cohort,,Spreadsheet extraction only; primary protocol not verified,2026-10-03
1cf7ed7cad73ff48c235d4364509f95c52a86c3a9a23512c571fa2c31278c8db,table1,A23:H23,Fine-tuned CNN ensemble,10.3390/s22114147,task_context,ISIC2016 official binary cohort900/379; ensemble technique context only.,ensemble_fusion;transfer_learning;imbalance;augmentation_preprocessing,ISIC 2016 Challenge official skin dataset used. Contains 900 training images and 379 test images.,"Ensemble of fine-tuned CNNs (Xception, ResNet50, Vgg-16) Weighted fusion integration strategy for final prediction result","Accuracy: 86.91%, Precision: 85.67%, Recall: 84.03%, F1-score: 84.84% Ensemble model outperforms basic models and classical methods.",not established for our locked lesion-disjoint cohort,,Spreadsheet extraction only; primary protocol not verified,2026-10-03
1cf7ed7cad73ff48c235d4364509f95c52a86c3a9a23512c571fa2c31278c8db,table1,A24:H24,EDA-ResNet50,10.1109/access.2025.3616022,task_context,"Extracted benign/malignant task; dual attention/XAI idea, not seven-class score.",attention,The provided context does not mention any specific datasets used in the study.,"The paper proposes an efficient dual attention-based ResNet50 model (EDA-ResNet50) for skin cancer classification. EDA-ResNet50 integrates a multi-scale feature representation block to capture features across various spatial scales. A unique efficient dual attention module is introduced, combining a lightweight convolution-based recalibration unit with channel and spatial attention blocks to enhance information flow. Gradient-weighted class activation mapping is utilized to interpret the model's decisions and improve understanding of predictions. The model classifies dermoscopic images into benign and malignant categories, achieving an accuracy of 93.18%.","The EDA-ResNet50 model achieved an accuracy of 93.18% in classifying dermoscopic images into benign and malignant categories. The model effectively captures vital details in lesion areas through a unique efficient dual attention module. EDA-ResNet50 integrates a multi-scale feature representation block to capture features across various spatial scales. The architecture of EDA-ResNet50 is streamlined, presenting a solution for automated skin cancer classification with low computational overhead. The model outperformed several existing CNN techniques in terms of classification performance.",not established for our locked lesion-disjoint cohort,,Spreadsheet extraction only; primary protocol not verified,2026-10-03
1cf7ed7cad73ff48c235d4364509f95c52a86c3a9a23512c571fa2c31278c8db,table1,A25:H25,PMJAF-Net,10.1016/j.compbiomed.2023.107454,task_context,Segmentation only; Dice/Jaccard/pixel ACC excluded from classification comparison.,attention;ensemble_fusion;augmentation_preprocessing,Public skin lesion dataset 1 Public skin lesion dataset 2 Public skin lesion dataset 3 Public skin lesion dataset 4,Adaptive spatial attention module for pixel correlation and feature refinement. Pyramidal multi-scale channel attention for capturing edge features.,"PMJAF-Net outperforms state-of-the-art methods in segmentation. Dice, JI, and ACC improved to 92.65%, 87.86%, and 96.26%.",not established for our locked lesion-disjoint cohort,,Spreadsheet extraction only; primary protocol not verified,2026-10-03
1cf7ed7cad73ff48c235d4364509f95c52a86c3a9a23512c571fa2c31278c8db,table1,A26:H26,AWB loss,10.1109/tmi.2022.3204646,candidate,"Multicenter imbalance strategy; duplicate DOI with row27, count once.",attention;imbalance,Benchmark datasets for skin lesion classification Datasets for imbalanced gastrointestinal disease classification Datasets for imbalanced DR grading task,The paper proposes a novel adaptively weighted balance (AWB) loss to address the data imbalance issue in multi-center skin lesion classification. The methodology focuses on adapting the classification network to different data distributions across clinical centers without requiring hyperparameter tuning. Extensive experiments are conducted to evaluate the performance of the proposed solution against state-of-the-art loss functions on benchmark datasets. The approach is designed to enhance flexibility and accuracy in recognizing skin lesions from dermoscopic images. The effectiveness of the proposed solution is also tested on imbalanced gastrointestinal disease classification and imbalanced diabetic retinopathy grading tasks.,More flexible and competent for multi-center skin lesion classification. Effective in handling imbalanced disease classification tasks.,not established for our locked lesion-disjoint cohort,,Spreadsheet extraction only; primary protocol not verified,2026-10-03
1cf7ed7cad73ff48c235d4364509f95c52a86c3a9a23512c571fa2c31278c8db,table1,A27:H27,AWB loss,10.1109/tmi.2022.3204646,duplicate,Same DOI as row26 (case insensitive); publication year variation not independent evidence.,imbalance,Benchmark datasets for skin lesion classification Datasets for imbalanced gastrointestinal disease classification Datasets for imbalanced DR grading task,The paper proposes a new solution for multi-center skin lesion classification. The solution introduces a novel adaptively weighted balance (AWB) loss to the conventional classification network.,The proposed solution is more flexible and competent for multi-center imbalanced skin lesion classification. The solution shows considerable performance on two benchmark datasets.,not established for our locked lesion-disjoint cohort,,Spreadsheet extraction only; primary protocol not verified,2026-10-03
1cf7ed7cad73ff48c235d4364509f95c52a86c3a9a23512c571fa2c31278c8db,table1,A28:H28,Explainable stacked ensemble,10.1007/s00530-021-00787-5,task_context,Binary melanoma; stacking must use out-of-fold development predictions.,ensemble_fusion;transfer_learning;xai,Open-access dataset with benign and malignant melanoma images. Evaluated for melanoma skin cancer detection accuracy.,Stacked ensemble framework with transfer learning concept Shapely adaptive explanations for interpretability with heatmaps,Accuracy: 95.76% Sensitivity: 96.67%,not established for our locked lesion-disjoint cohort,,Spreadsheet extraction only; primary protocol not verified,2026-10-03
1cf7ed7cad73ff48c235d4364509f95c52a86c3a9a23512c571fa2c31278c8db,table1,A29:H29,GP-CNN-DTEL,10.1109/jbhi.2020.2977013,task_context,ISIC2016 AP/ISIC2017 AUC; different metric/tasks; local/global context idea.,ensemble_fusion;imbalance;augmentation_preprocessing,ISIC 2016 Skin Lesion Challenge (SLC) dataset ISIC 2017 Skin Lesion Challenge (SLC) dataset,Global-Part CNN model (GP-CNN) with Global and Part CNNs Data-transformed ensemble learning integrating discriminant information from GP-CNNs,AP value of 0.718 on ISIC 2016 SLC dataset Average Auc value of 0.926 on ISIC 2017 SLC dataset,not established for our locked lesion-disjoint cohort,,Spreadsheet extraction only; primary protocol not verified,2026-10-03
1cf7ed7cad73ff48c235d4364509f95c52a86c3a9a23512c571fa2c31278c8db,table1,A30:H30,DermaKNet,10.1109/jbhi.2018.2806962,task_context,ISBI2017/EDRA dermatological attribute supervision unavailable in our initial inputs.,imbalance,Official dataset of the 2017 ISBI Challenge on Skin Lesion Analysis Towards Melanoma Detection Dataset obtained from the EDRA Interactive Atlas of Dermoscopy,CAD system based on convolutional neural networks (CNNs). Incorporates subsystems modeling dermatological properties for interpretability.,"The incorporation of specific subsystems modeling properties of skin lesions improved the performance of the CAD system. The results demonstrated that the DermaKNet system provided more interpretable outputs in its diagnosis. The study showed that the enhanced interpretability of the diagnosis allowed insights into which dermoscopic features influenced the diagnosis. The system's design aimed to bridge the gap between CNN performance and the interpretability valued by dermatologists. The paper indicated that despite advancements, CAD systems have not yet become part of everyday clinical practice.",not established for our locked lesion-disjoint cohort,,Spreadsheet extraction only; primary protocol not verified,2026-10-03
1cf7ed7cad73ff48c235d4364509f95c52a86c3a9a23512c571fa2c31278c8db,table1,A31:H31,MSMA,10.1016/j.bspc.2024.106180,deferred,Multimodal image/text inputs; not our image-only question.,attention;ensemble_fusion,-,The methodology involves a ConvNext-based multi-modal attention mechanism fusion framework for skin lesion classification. A multi-stage modal fusion framework with a dual-stream architecture is constructed to enhance the interaction and fusion of different modalities. The cross-modal feature interaction module is utilized to interact with features in spatial and channel dimensions while minimizing noisy information. A multi-scale cross-attention fusion module is employed to provide long-range dependencies and semantic information at various scales. An image text feature fusion module aggregates features from both image and text modalities to improve classification accuracy.,Achieved 77.6% average accuracy in classification. Outperformed state-of-the-art methods by 1.3%.,not established for our locked lesion-disjoint cohort,,Spreadsheet extraction only; primary protocol not verified,2026-10-03
1cf7ed7cad73ff48c235d4364509f95c52a86c3a9a23512c571fa2c31278c8db,table1,A32:H32,ConvNeXt-ST-AFF,10.1109/access.2023.3324042,candidate,ECA/fusion and artifact preprocessing; dataset missing; first establish CNN baseline.,attention;ensemble_fusion;augmentation_preprocessing;transformer,The provided context does not specify the datasets used in the study.,"The paper proposes a novel fusion model named ConvNeXt-ST-AFF, which combines ConvNeXt and Swin Transformer networks. Pretrained ConvNeXt and Swin Transformer networks are utilized to extract local and global features from dermatological images. Attentional Feature Fusion (AFF) modules are employed to fuse the extracted features from both networks. An Efficient Channel Attention (ECA) module is incorporated into the ConvNeXt network to enhance attention on skin lesion regions during training. A denoising module is included to reduce the influence of artifacts and improve image contrast.",ConvNeXt-ST-AFF outperforms original models in classification ability. Higher performance on multiple evaluation metrics demonstrated.,not established for our locked lesion-disjoint cohort,,Spreadsheet extraction only; primary protocol not verified,2026-10-03
1cf7ed7cad73ff48c235d4364509f95c52a86c3a9a23512c571fa2c31278c8db,table1,A33:H33,Federated CNNs,10.1016/j.array.2025.100667,deferred,Privacy/client simulation is separate contribution; SMOTEENN order/cohort unknown.,imbalance,-,"The research employs a decentralized machine learning approach known as Federated learning to preserve patient data privacy. The Synthetic Minority Over-sampling technique with Edited Nearest Neighbours (SMOTEENN) is utilized to balance and enrich the dataset. A Convolutional Neural Network (CNN) is benchmarked using the HAM10000 dataset, which includes seven classes of skin lesions. The study compares a centralized method yielding high accuracy and performance metrics with a simulated Federated learning approach involving multiple clients and training rounds. The methodology includes varying the number of clients and training epochs to assess the impact on accuracy, precision, recall, and f1-score.","A centralized method achieved an accuracy of 99.39%, with an f1-score, precision, and recall of 99.00%. Simulated Federated learning with three clients, ten rounds, and thirty training epochs resulted in 91.80% accuracy, 92.00% recall, 92.00% f1-score, and 93.00% precision. Increasing to four clients and thirty training epochs produced an accuracy, recall, precision, and f1-score of 97.00% with ten rounds. The study utilized the Synthetic Minority Over-sampling technique with Edited Nearest Neighbours (SMOTEENN) to balance and enrich the dataset. The research focused on privacy-preserving multi-class skin lesion classification using Federated learning.",not established for our locked lesion-disjoint cohort,,Spreadsheet extraction only; primary protocol not verified,2026-10-03
1cf7ed7cad73ff48c235d4364509f95c52a86c3a9a23512c571fa2c31278c8db,table1,A34:H34,DeepSkin,10.1109/access.2023.3274848,candidate,Undersampling vs oversampling trade-off; reducing dataset changes effective budget/cohort.,transfer_learning;imbalance,HAM10000 dataset from NIST with 10015 dermatoscopic images. ISIC dataset from NIST for skin cancer classification.,Deep learning methods like Convolutional Neural Networks (CNN) Transfer learning techniques like DenseNet169 and Resnet 50,Accuracy obtained by using undersampling technique is 91.2 and f1 measure of 91.7. Accuracy obtained by using oversampling technique is 83 and f1 measure of 84.,not established for our locked lesion-disjoint cohort,,Spreadsheet extraction only; primary protocol not verified,2026-10-03
1cf7ed7cad73ff48c235d4364509f95c52a86c3a9a23512c571fa2c31278c8db,table1,A35:H35,Skin classification survey,10.1038/s41598-024-81961-3,review_context,Secondary survey for taxonomy; not an independent experimental result.,transfer_learning;synthetic_data,HAM10000 dataset ISIC archive,Machine learning with handcrafted features Deep learning approaches including CNNs and transfer learning,"The survey analyzes 107 research papers published over the last 18 years, highlighting advancements in skin cancer classification techniques. It emphasizes the integration of computer vision and artificial intelligence (AI) in enhancing diagnostic accuracy and reliability. The paper provides a comprehensive investigation into various deep learning-based approaches, including convolutional neural networks and generative adversarial networks, tailored for skin lesion analysis. Limitations of traditional diagnostic methods and machine learning techniques coupled with handcrafted features are critically examined. The survey aims to bridge the gap between research and clinical practice, offering insights for researchers and practical knowledge for clinicians on AI tool integration.",not established for our locked lesion-disjoint cohort,,Spreadsheet extraction only; primary protocol not verified,2026-10-03
1cf7ed7cad73ff48c235d4364509f95c52a86c3a9a23512c571fa2c31278c8db,table1,A36:H36,Optimized CNN activation,10.1371/journal.pone.0317181,candidate,Validation score not final test; holdout called cross-validation; protocol requires checking.,imbalance;xai,-,"The research employed optimized convolutional neural networks (CNN) for skin cancer classification, focusing on enhancing speed and accuracy in disease identification. It addressed the severe class imbalance problem by utilizing extensive training on imbalanced datasets. The study introduced a new activation function, NGNDG-AF, to improve network fitting, generalization ability, and convergence rate while reducing computational costs. Two optimization functions, RMSprop and Adam, were used during model training to enhance performance. The methodology included cross-validation techniques, specifically holdout validation, to estimate the model's generalization performance on unseen data.","The optimized CNN model achieved a validation accuracy of 98.57, outperforming ResNet152V2, which had a validation accuracy of 97.7. The optimized CNN demonstrated high performance metrics with precision at 98.59, recall at 98.56, and AUC at 99.79. The integration of the NGNDG-AF activation function resulted in improved accuracy, F1 score, AUC, precision, true positive, and true negative rates, along with reduced computational costs and accelerated training times. Both the optimized CNN and ResNet152V2 models exhibited high numbers of true positives and true negatives, indicating effective classification with low false positives and false negatives. The study highlighted that the optimized CNN model outperformed ResNet152V2 in terms of accuracy and precision when using skin lesion data from the HAM10000 dataset.",not established for our locked lesion-disjoint cohort,,Spreadsheet extraction only; primary protocol not verified,2026-10-03
1cf7ed7cad73ff48c235d4364509f95c52a86c3a9a23512c571fa2c31278c8db,table1,A37:H37,Dual-task B0 segmentation,10.3389/fmed.2025.1681542,deferred,Approx85% classification versus93.38% segmentation accuracy; masks/dual-task separate question.,imbalance;augmentation_preprocessing;xai,-,"The paper introduces a hybrid deep learning framework that integrates a dual-task architecture for skin lesion segmentation and multi-class classification using dermoscopic images. It employs a U-Net-based segmentation network combined with a classification module based on the EfficientNet-B0 backbone. The methodology includes a well-defined preprocessing pipeline, stratified data division, and strict training and validation processes to address class imbalance in the HAM10000 dataset. Curriculum learning is utilized to improve stability and generalization, while stochastic hard-example replay encourages the model to focus on more difficult samples. Grad-CAM is incorporated for post-hoc interpretability, allowing visualization of heatmaps that highlight regions influencing the model's decisions, enhancing transparency and trust in clinical settings.","The proposed dual-task deep learning framework achieved a Dice coefficient exceeding 0.85 for segmentation performance. The model demonstrated a classification accuracy nearing 85% on the HAM10000 dataset. The average Dice coefficient recorded was 0.8622, with an IoU of 0.7736 and accuracy of 0.9338. The model faced challenges such as class imbalance, particularly with lower recall for melanoma compared to benign classes. The segmentation branch exhibited stability during joint training, as indicated by low Dice loss values throughout the training process.",not established for our locked lesion-disjoint cohort,,Spreadsheet extraction only; primary protocol not verified,2026-10-03
1cf7ed7cad73ff48c235d4364509f95c52a86c3a9a23512c571fa2c31278c8db,table1,A38:H38,IncepX-Ensemble,10.1109/access.2024.3432904,priority,86% original versus98% balanced extracted scores; audit balancing before interpreting increase.,ensemble_fusion;transfer_learning;imbalance;augmentation_preprocessing,HAM10000 dataset used for skin lesion classification. Original imbalanced and balanced data augmentation datasets employed.,Transfer learning-based ensemble model: IncepX-Ensemble. Traditional data augmentation for HAM10000 dataset.,Achieved 86% accuracy on imbalanced dataset. 98% accuracy on balanced data augmentation dataset.,not established for our locked lesion-disjoint cohort,,Spreadsheet extraction only; primary protocol not verified,2026-10-03
1cf7ed7cad73ff48c235d4364509f95c52a86c3a9a23512c571fa2c31278c8db,table1,A39:H39,Wavelet/residual/ELM,10.1016/j.eswa.2022.119064,candidate,Preprocessing/feature classifier candidate; extra factors and split unknown.,transfer_learning;augmentation_preprocessing,ISIC2017 dataset HAM10000 dataset,Wavelet transform for image detail refinement. Deep residual neural network for feature extraction. Extreme Learning Machine with ReLU activation for training.,"The proposed model achieved an accuracy of 96.91% on the ISIC2017 dataset. The specificity for the ISIC2017 dataset was reported at 97.68%. The precision for the ISIC2017 dataset was found to be 96.43%. The F1-Score for the ISIC2017 dataset was 95.79%. For the HAM10000 dataset, the accuracy was 95.73%, specificity was 98.8%, precision was 95.84%, and F1-Score was 93.44%.",not established for our locked lesion-disjoint cohort,,Spreadsheet extraction only; primary protocol not verified,2026-10-03
1cf7ed7cad73ff48c235d4364509f95c52a86c3a9a23512c571fa2c31278c8db,table1,A40:H40,S-MobileNet,10.1016/j.eswa.2023.123056,candidate,Segmentation/Mish/compression; task and cohort require verification.,augmentation_preprocessing;xai,HAM10000 dataset Consists of 10000 dermatoscopic images from different populations,Image segmentation with Gaussian filtering and SFTA Classification using S-MobileNet with Mish activation function and compression,Mish activation function outperformed Relu in model performance. Compressed S-MobileNet showed higher classification accuracy than S-MobileNet.,not established for our locked lesion-disjoint cohort,,Spreadsheet extraction only; primary protocol not verified,2026-10-03
1cf7ed7cad73ff48c235d4364509f95c52a86c3a9a23512c571fa2c31278c8db,table1,A41:H41,Soft attention and balancing,10.1016/j.chaos.2023.113409,priority,Extracted69.75% original versus95.94% SMOTE test; balancing sequence/support unresolved.,attention;imbalance;augmentation_preprocessing,"HAM10000 dataset 10,015 labeled images of 7 skin lesion types","Soft attention module as an attention mechanism Data balancing methods (SMOTE, ADASYN, RandomOverSampler, Data Augmentation)","The proposed model achieved 85.73% training, 70.90% validation, and 69.75% test accuracy rates on the unbalanced dataset. The balanced dataset with SMOTE method obtained 99.86% train, 96.41% validation, and 95.94% test accuracy rates.",not established for our locked lesion-disjoint cohort,,Spreadsheet extraction only; primary protocol not verified,2026-10-03
1cf7ed7cad73ff48c235d4364509f95c52a86c3a9a23512c571fa2c31278c8db,table1,A42:H42,Multi-scale fusion and loss,10.1016/j.compbiomed.2024.108594,priority,Class weighting/smoothing/resampling; hair-removal and segmented datasets separate ablations.,ensemble_fusion;imbalance;augmentation_preprocessing,HAM10000_RE dataset HAM10000 dataset ISIC2019 dataset,"Multi-scale feature fusion for classification accuracy. Class weighting, label smoothing, and resampling for imbalance.",ACC and AUC of 94.0% and 99.3% on HAM10000 dataset. ACC of 89.8% for ISIC2019 dataset.,not established for our locked lesion-disjoint cohort,https://www.sciencedirect.com/science/article/pii/S0010482524006796,"Publisher abstract/highlights: methods, ACC/AUC and hair-removal distinction only",2026-10-03
1cf7ed7cad73ff48c235d4364509f95c52a86c3a9a23512c571fa2c31278c8db,table1,A43:H43,CNN features with RF/LR,10.3389/fmed.2024.1495576,candidate,Cheap feature-classifier idea; split/balancing and leakage unverified.,,-,"Four variants of Convolutional Neural Network (CNN) models. Hybrid models: CNN-SVM, CNN-Random Forest, CNN-Logistic Regression.",CNN models achieved 98% accuracy in skin cancer prediction. CNNRF and CNNLR reached 99% accuracy on HAM10000 dataset.,not established for our locked lesion-disjoint cohort,,Spreadsheet extraction only; primary protocol not verified,2026-10-03
1cf7ed7cad73ff48c235d4364509f95c52a86c3a9a23512c571fa2c31278c8db,table1,A44:H44,Five CNN comparison,10.1007/s11042-020-09388-2,priority,Extracted single93.20% versusensemble92.83%; retain negative ensemble outcomes.,ensemble_fusion;transfer_learning,HAM10000 dataset used for multi-class skin cancer classification. Seven classes fine-tuned from the HAM10000 dataset.,Fine-tuning over seven classes of HAM10000 dataset Comparative study of five pre-trained CNNs and four ensemble models,Maximum accuracy of 93.20% for individual model Maximum accuracy of 92.83% for ensemble model,not established for our locked lesion-disjoint cohort,,Spreadsheet extraction only; primary protocol not verified,2026-10-03
1cf7ed7cad73ff48c235d4364509f95c52a86c3a9a23512c571fa2c31278c8db,table1,A45:H45,Optimized CNN XAI,10.1109/access.2023.3269694,candidate,82% extracted; loss accuracy0.47% is ambiguous and not adopted as a metric.,imbalance,HAM10000 dataset used for skin cancer classification. Seven forms of skin cancer identified in the study.,"Developed deep learning prediction models for skin cancer classification. Used optimization functions (Adam and RMSprop) and activation functions (Relu, Swish, and Tanh).",The proposed DL technique achieved an 82% classification accuracy. The XAI-based skin lesion classification system had a 0.47% loss accuracy.,not established for our locked lesion-disjoint cohort,,Spreadsheet extraction only; primary protocol not verified,2026-10-03
1cf7ed7cad73ff48c235d4364509f95c52a86c3a9a23512c571fa2c31278c8db,table1,A46:H46,Regularly spaced shifting,10.1109/access.2021.3103410,candidate,TTA/ensemble candidate; extracted10050 image count conflicts with foundational10015.,ensemble_fusion;transfer_learning;imbalance,"HAM10000 dataset with 10,050 labeled dermoscopic images. Seven classes of skin lesions included.",Ensemble of improved convolutional neural networks Test-time regularly spaced shifting technique,The proposed ensemble method with test-time regularly spaced shifting improves accuracy and F-score on the HAM10000 dataset. The combination of ensembles with shifting yields better performance than either method alone.,not established for our locked lesion-disjoint cohort,,Spreadsheet extraction only; primary protocol not verified,2026-10-03
1cf7ed7cad73ff48c235d4364509f95c52a86c3a9a23512c571fa2c31278c8db,table1,A47:H47,13 transfer CNN comparison,10.3390/s22134963,priority,"Verified abstract82.9%; dataset spelling corrected only in notes, not source.",transfer_learning;imbalance,HAM1000 dataset of dermoscopy images used. Images classified into seven possible categories.,Deep transfer learning models Image-based diagnosis using dermoscopy images,The best overall accuracy achieved in classifying skin lesions was 82.9%. Some cancer types were correctly classified with high accuracy.,not established for our locked lesion-disjoint cohort,https://pubmed.ncbi.nlm.nih.gov/35808463/,Primary author abstract: thirteen models and82.9%; full split unverified,2026-10-03
1cf7ed7cad73ff48c235d4364509f95c52a86c3a9a23512c571fa2c31278c8db,table1,A48:H48,GAN fuzzy ensemble,10.1088/1361-6560/ac8b60,deferred,Synthesis requires extra training and artifact control; initial losses simpler.,ensemble_fusion;imbalance;augmentation_preprocessing;synthetic_data,-,Dermoscopy dataset augmentation using generative adversarial networks Fuzzy rank-based ensemble of multilayer feature fusion CNN models,"The proposed method outperforms state-of-the-art methods for skin lesion classification. The proposed method improves accuracy, specificity, and robustness in skin lesion classification.",not established for our locked lesion-disjoint cohort,,Spreadsheet extraction only; primary protocol not verified,2026-10-03
1cf7ed7cad73ff48c235d4364509f95c52a86c3a9a23512c571fa2c31278c8db,table1,A49:H49,DenseNet/Inception ensemble,10.1007/978-981-16-1086-8_15,candidate,Transfer learning context; dataset/task not established by extracted field.,ensemble_fusion;transfer_learning,-,Pre-trained DenseNet and InceptionV3 algorithms Fully layered fine-tuned technique,Classification accuracy of 91% Proposed approach is promising compared to previous approaches.,not established for our locked lesion-disjoint cohort,,Spreadsheet extraction only; primary protocol not verified,2026-10-03
1cf7ed7cad73ff48c235d4364509f95c52a86c3a9a23512c571fa2c31278c8db,table1,A50:H50,Progressive class-wise attention,10.1016/j.engappai.2023.107417,priority,Class/multiscale attention candidate; verify complete protocol before comparison.,attention;ensemble_fusion;xai,HAM10000 ISIC 2019,"The paper proposes a unique class-wise attention method for skin lesion classification. The attention mechanism is employed in a progressive manner to enhance the extraction of discriminative feature information from multiple scales. The methodology focuses on treating each class equally to improve the classification performance of skin lesions. The proposed approach is evaluated against more than 15 state-of-the-art methods, including those from the HAM1000 and ISIC 2019 leaderboards. The method achieved notable accuracy rates of 97.40% on the HAM10000 dataset and 94.9% on the ISIC 2019 dataset.",The proposed class-wise attention method achieved 97.40% accuracy on the HAM10000 dataset. The method also attained 94.9% accuracy on the ISIC 2019 dataset. The approach demonstrated competitive performance against more than 15 state-of-the-art methods. The method effectively addressed challenges such as high intra-class variation and high inter-class similarity in skin lesion classification. No null or negative results were reported in the context provided.,not established for our locked lesion-disjoint cohort,https://arxiv.org/abs/2306.07300,Author abstract: progressive class attention and reported scores only,2026-10-03
1cf7ed7cad73ff48c235d4364509f95c52a86c3a9a23512c571fa2c31278c8db,table1,A51:H51,AlexNet transfer learning,10.1007/s10278-020-00371-9,candidate,ISIC2018 seven-class claimed in contribution; split/balancing not established.,transfer_learning,-,Transfer learning with pre-trained AlexNet. Randomly initialized weights for last three layers.,Accuracy: 98.70% Sensitivity: 95.60%,not established for our locked lesion-disjoint cohort,,Spreadsheet extraction only; primary protocol not verified,2026-10-03
