epoch,train_loss,train_accuracy,train_images_used,val_loss,val_accuracy,val_macro_precision,val_macro_recall,val_macro_f1,epoch_seed,backbone_lr,head_lr,backbone_lr_after,head_lr_after,scheduler_lr_reduced,optimizer_updates,amp_skipped_optimizer_updates,validation_ms_per_image,peak_allocated_vram_mb,epoch_seconds,validation_precision
1,1.174496422206305,0.7150399543378996,7008,0.75685404151271,0.8303393213572854,0.7362712657244168,0.6717555362798534,0.6890745650005694,43,3e-05,0.0001,3e-05,0.0001,False,216,3,10.746513972055862,1503.3388671875,70.91715330000034,fp32
2,0.7063316986368302,0.8073630136986302,7008,0.6017688289976789,0.7850964737192282,0.6774236987274358,0.7489301524602968,0.7042147375091912,44,3e-05,0.0001,3e-05,0.0001,False,434,1,8.671638589487861,1503.3388671875,58.016122200000154,fp32
3,0.5081701710998193,0.8574486301369864,7008,0.533309598211753,0.8642714570858283,0.7946830297879374,0.7611078564415342,0.7716688665196294,45,3e-05,0.0001,3e-05,0.0001,False,653,0,8.723971989354709,1503.3388671875,57.7700791000002,fp32
4,0.35496051587048233,0.8961187214611872,7008,0.5022061016419748,0.8489687292082502,0.7669031746563392,0.79358330321474,0.7748207678374791,46,3e-05,0.0001,3e-05,0.0001,False,872,0,8.66701576846291,1503.3388671875,58.787617599999976,fp32
5,0.2727723705316972,0.9216609589041096,7008,0.536693507785701,0.8489687292082502,0.7486673609563682,0.7929058718500382,0.7683117267209136,47,3e-05,0.0001,3e-05,0.0001,False,1091,0,6.948682501663577,1503.3388671875,46.2789358,fp32
6,0.16719762947830383,0.9513413242009132,7008,0.5471059576822215,0.8775781769793746,0.786254922738736,0.803760206788714,0.7930519151958009,48,3e-05,0.0001,3e-05,0.0001,False,1310,0,8.74822887558218,1503.3388671875,52.898493600000165,fp32
7,0.1268437455111212,0.9643264840182648,7008,0.5884604776394836,0.8662674650698603,0.7795541010684437,0.7647786743956712,0.77004932491805,49,3e-05,0.0001,3e-05,0.0001,False,1529,0,8.759064271457516,1503.3388671875,58.6638853000004,fp32
8,0.0966647256291854,0.9716038812785388,7008,0.6434536511054585,0.8715901530272788,0.7943019919838387,0.7716880622368862,0.7766581957570675,50,3e-05,0.0001,3e-05,0.0001,False,1748,0,8.840633333333418,1503.3388671875,58.73536630000035,fp32
9,0.06991809460175619,0.9800228310502284,7008,0.8748845111020743,0.8735861610113107,0.8047563082676467,0.7543059058281665,0.7698558493003368,51,3e-05,0.0001,1.5e-05,5e-05,True,1967,0,8.641531669993215,1503.3388671875,58.409984600000826,fp32
10,0.038103025101408824,0.9890125570776256,7008,1.0686193329072526,0.8649367930805056,0.8221195123632887,0.7178395557169386,0.7613244468877467,52,1.5e-05,5e-05,1.5e-05,5e-05,False,2186,0,8.856819627411605,1503.3388671875,58.640445799999725,fp32
11,0.02382810130158762,0.9942922374429224,7008,0.9881805197342538,0.8769128409846972,0.8216595490795456,0.7707709362959275,0.7923164617201354,53,1.5e-05,5e-05,1.5e-05,5e-05,False,2404,1,8.378199800399605,1503.3388671875,57.91145659999984,fp32
12,0.025095934364640474,0.9931506849315068,7008,1.1015443304639554,0.8662674650698603,0.7807955269328474,0.7529225536919134,0.7595261849646873,54,1.5e-05,5e-05,7.5e-06,2.5e-05,True,2623,0,8.609149367930574,1503.3388671875,57.59095819999948,fp32
13,0.019120954922541913,0.9958618721461188,7008,0.9240305307552413,0.8749168330006654,0.8156597608792868,0.796584295011289,0.801035434912588,55,7.5e-06,2.5e-05,7.5e-06,2.5e-05,False,2842,0,8.57610479041961,1503.3388671875,58.03156299999955,fp32
14,0.012219748327648744,0.9971461187214612,7008,1.101631056951684,0.8735861610113107,0.8277815592987048,0.7822641437884233,0.8021594481865593,56,7.5e-06,2.5e-05,7.5e-06,2.5e-05,False,3061,0,8.36570365934801,1503.3388671875,56.8440799,fp32
15,0.01071475843758434,0.9972888127853882,7008,1.0739229972392692,0.8809048569527611,0.8059174256470494,0.7785651907551149,0.7884924898201937,57,7.5e-06,2.5e-05,7.5e-06,2.5e-05,False,3280,0,8.51540073186965,1503.3388671875,57.65920249999999,fp32
16,0.011251027858311958,0.9972888127853882,7008,1.2269716312969028,0.8815701929474384,0.8238396629113485,0.768155889009699,0.7901588991214942,58,7.5e-06,2.5e-05,7.5e-06,2.5e-05,False,3499,0,8.496236660013853,1503.3388671875,57.37740480000048,fp32
17,0.00855247854303597,0.9982876712328768,7008,1.1878735050550933,0.8802395209580839,0.8160355345943179,0.7751648740357452,0.7929405816347004,59,7.5e-06,2.5e-05,7.5e-06,2.5e-05,False,3718,0,8.56519906852967,1503.3388671875,57.973404800000026,fp32
18,0.011013442090014031,0.997716894977169,7008,1.2277373478406945,0.8729208250166334,0.8100240499604263,0.8020660081553926,0.8019689060574622,60,7.5e-06,2.5e-05,7.5e-06,2.5e-05,False,3937,0,8.661796939454328,1503.3388671875,58.00601209999968,fp32
19,0.011701402870147669,0.9970034246575342,7008,1.1794195642010525,0.8862275449101796,0.8243784915950986,0.7972660826906095,0.8089122797459961,61,7.5e-06,2.5e-05,7.5e-06,2.5e-05,False,4156,0,8.3727769793751,1503.3388671875,56.80859999999939,fp32
20,0.00863252308580903,0.997716894977169,7008,1.2484253718706098,0.8829008649367931,0.8141404120021641,0.7700864023795967,0.7890629661242005,62,7.5e-06,2.5e-05,7.5e-06,2.5e-05,False,4375,0,8.522907185628862,1503.3388671875,57.28985290000037,fp32
21,0.012329663643329996,0.997716894977169,7008,1.2395749211066183,0.8782435129740519,0.8109892039881705,0.7834682367332935,0.7933887101126802,63,7.5e-06,2.5e-05,7.5e-06,2.5e-05,False,4593,1,8.570002727878016,1503.3388671875,57.485754699999234,fp32
22,0.012156291133610914,0.9982876712328768,7008,1.2015566536577307,0.874251497005988,0.8036897897322974,0.7914783843896261,0.7952617423779557,64,7.5e-06,2.5e-05,3.75e-06,1.25e-05,True,4812,0,8.713605322688066,1503.3388671875,58.028518400000394,fp32
23,0.011103832427541734,0.9970034246575342,7008,1.2930218778827895,0.8855622089155023,0.8053925733371881,0.8105701377738689,0.8055177930549405,65,3.75e-06,1.25e-05,3.75e-06,1.25e-05,False,5030,1,8.635223752494648,1503.3388671875,57.565883700000086,fp32
24,0.019005888622914604,0.997574200913242,7008,1.250599230212451,0.886892880904857,0.8112745161247628,0.799766334919478,0.8051450371702736,66,3.75e-06,1.25e-05,3.75e-06,1.25e-05,False,5249,0,8.518501530272692,1503.3388671875,57.871485000000575,fp32
25,0.0054292982618660965,0.9984303652968036,7008,1.3166554546884774,0.8829008649367931,0.8131810800155231,0.7796732570479076,0.7944216307653444,67,3.75e-06,1.25e-05,3.75e-06,1.25e-05,False,5468,0,8.622518695941404,1503.3388671875,57.4718198999999,fp32
26,0.006907430308966574,0.997574200913242,7008,1.3279099386443614,0.8855622089155023,0.8260048939561219,0.7999156009839584,0.8103174613895116,68,3.75e-06,1.25e-05,3.75e-06,1.25e-05,False,5687,0,8.863214371257826,1503.3388671875,58.69206899999972,fp32
27,0.014312480586260341,0.9987157534246576,7008,1.2773638028274847,0.8802395209580839,0.8034686087815647,0.8082950943604577,0.8044950138484627,69,3.75e-06,1.25e-05,1.875e-06,6.25e-06,True,5906,0,8.689725083167191,1503.3388671875,58.844394299999294,fp32
28,0.009159973857343833,0.9988584474885844,7008,1.2430528061271398,0.884896872920825,0.8135874463564493,0.8241051859632972,0.8183308911984498,70,1.875e-06,6.25e-06,1.875e-06,6.25e-06,False,6125,0,8.956880904856925,1503.3388671875,59.24468119999983,fp32
29,0.004639099884004793,0.9987157534246576,7008,1.2893896552833088,0.886892880904857,0.8232096248124082,0.8108334357284033,0.8164732109563938,71,1.875e-06,6.25e-06,1.875e-06,6.25e-06,False,6344,0,8.775663406520378,1503.3388671875,58.401963199999955,fp32
30,0.006069874646098706,0.9988584474885844,7008,1.2786429900233847,0.8855622089155023,0.8100008506801427,0.797479974746154,0.8032507814881701,72,1.875e-06,6.25e-06,9.375e-07,3.125e-06,True,6563,0,8.888711443778968,1503.3388671875,59.97139599999991,fp32
31,0.00264639172504814,0.9995719178082192,7008,1.2643305645868328,0.886892880904857,0.8076496818274418,0.8103039910761567,0.8084405694358224,73,9.375e-07,3.125e-06,9.375e-07,3.125e-06,False,6782,0,8.85633852295388,1503.3388671875,59.5553689999997,fp32
32,0.0019522426860645755,0.9994292237442922,7008,1.288502254634097,0.8882235528942116,0.8166172406462584,0.8098570526309771,0.8129030125394346,74,9.375e-07,3.125e-06,9.375e-07,3.125e-06,False,7001,0,8.772486626746678,1503.3388671875,58.26761890000034,fp32
33,0.005434299963292261,0.9988584474885844,7008,1.2746050573319352,0.8902195608782435,0.8158444134844489,0.8144405815518555,0.8146779326573336,75,9.375e-07,3.125e-06,9.375e-07,3.125e-06,False,7219,1,8.793487824351212,1503.3388671875,58.543438499999866,fp32
34,0.0035683828397904166,0.9990011415525114,7008,1.251394980145341,0.8862275449101796,0.8106719976090203,0.8178832116914466,0.8137284647568496,76,9.375e-07,3.125e-06,9.375e-07,3.125e-06,False,7438,0,8.973140452428598,1503.3388671875,58.818668300000354,fp32
35,0.0032210261448541466,0.9994292237442922,7008,1.2950981845838188,0.886892880904857,0.8181126847107391,0.8031780173805132,0.8100799292338628,77,9.375e-07,3.125e-06,9.375e-07,3.125e-06,False,7657,0,8.793952428475887,1503.3388671875,58.794896999999764,fp32
36,0.00241581873444016,0.9995719178082192,7008,1.2936519396196882,0.8875582168995343,0.8130655684901544,0.8124354009316181,0.8123307274864923,78,9.375e-07,3.125e-06,4.6875e-07,1.5625e-06,True,7876,0,8.756694743845564,1503.3388671875,58.546407400000135,fp32
37,0.0025168713810720385,0.9991438356164384,7008,1.3183998341504268,0.886892880904857,0.8228097943337724,0.812111413301861,0.8167394780984478,79,4.6875e-07,1.5625e-06,4.6875e-07,1.5625e-06,False,8095,0,8.698744178309848,1503.3388671875,58.47840919999999,fp32
38,0.0019644052151881024,0.9992865296803652,7008,1.3126247624062193,0.8855622089155023,0.8183090974286792,0.7991770141236166,0.8079483706540068,80,4.6875e-07,1.5625e-06,4.6875e-07,1.5625e-06,False,8314,0,8.626314105123255,1503.3388671875,58.14981269999953,fp32
39,0.005481971472223232,0.9988584474885844,7008,1.3090688898570755,0.886892880904857,0.8184649893365322,0.8038965974662637,0.8106484518570394,81,4.6875e-07,1.5625e-06,2.34375e-07,7.8125e-07,True,8533,0,8.768121224217897,1503.3388671875,58.13165089999984,fp32
40,0.0045005401591962785,0.9990011415525114,7008,1.2990679510766208,0.8862275449101796,0.8106040499029339,0.8027651056503073,0.806332617103583,82,2.34375e-07,7.8125e-07,2.34375e-07,7.8125e-07,False,8752,0,8.746057751164203,1503.3388671875,58.14266419999967,fp32
41,0.004855402659168527,0.9992865296803652,7008,1.286282231637574,0.8855622089155023,0.8095744919869247,0.803341680623874,0.8061669291216919,83,2.34375e-07,7.8125e-07,2.34375e-07,7.8125e-07,False,8971,0,8.712393945442372,1503.3388671875,58.288044900000386,fp32
42,0.00459876765597366,0.9990011415525114,7008,1.3052336278398278,0.8862275449101796,0.817212950527657,0.8044783881076967,0.8103681558917565,84,2.34375e-07,7.8125e-07,1.171875e-07,3.90625e-07,True,9189,1,8.670727278775384,1503.3388671875,58.16286839999975,fp32
43,0.004817833696886022,0.9988584474885844,7008,1.317125044869819,0.8875582168995343,0.8191409233526119,0.8040386025784478,0.8110306952185161,85,1.171875e-07,3.90625e-07,1.171875e-07,3.90625e-07,False,9408,0,8.783328409847183,1503.3388671875,58.55797100000018,fp32
44,0.0033519715171043004,0.9995719178082192,7008,1.3135298197357403,0.8882235528942116,0.819417388287025,0.8049044034442489,0.8116223488726418,86,1.171875e-07,3.90625e-07,1.171875e-07,3.90625e-07,False,9627,0,8.668242914171936,1503.3388671875,58.33711560000029,fp32
45,0.004606196789353895,0.9991438356164384,7008,1.311313237118697,0.8882235528942116,0.819417388287025,0.8049044034442489,0.8116223488726418,87,1.171875e-07,3.90625e-07,1e-07,1.953125e-07,True,9846,0,8.934122954092034,1503.3388671875,59.16781069999979,fp32
