image_id,true_class,control_class,candidate_class,change
ISIC_0027850,bkl,bkl,bcc,lost
ISIC_0025915,bkl,bkl,bcc,lost
ISIC_0029836,bkl,bkl,mel,lost
ISIC_0032128,bkl,bcc,bkl,gained
ISIC_0029291,bkl,nv,bkl,gained
ISIC_0031017,bkl,bkl,mel,lost
ISIC_0029687,bkl,bkl,bcc,lost
ISIC_0030105,bkl,mel,bkl,gained
ISIC_0030926,bkl,bkl,nv,lost
ISIC_0029288,bkl,bkl,mel,lost
ISIC_0031967,bkl,mel,bkl,gained
ISIC_0032283,bkl,bkl,bcc,lost
ISIC_0029308,bkl,bkl,mel,lost
ISIC_0029425,bkl,mel,bkl,gained
ISIC_0029022,bkl,bkl,nv,lost
ISIC_0027957,bkl,bkl,nv,lost
ISIC_0033583,bkl,mel,bkl,gained
ISIC_0029683,bkl,bkl,mel,lost
ISIC_0033899,bkl,nv,bkl,gained
ISIC_0034175,bkl,bcc,bkl,gained
ISIC_0032688,bkl,bcc,bkl,gained
ISIC_0033378,bkl,bkl,mel,lost
ISIC_0033952,bkl,mel,bkl,gained
ISIC_0032665,bkl,nv,bkl,gained
ISIC_0033321,bkl,mel,bkl,gained
ISIC_0033709,bkl,bkl,nv,lost
ISIC_0032997,bkl,nv,bkl,gained
ISIC_0033397,bkl,bkl,nv,lost
ISIC_0033642,bkl,bkl,nv,lost
ISIC_0033486,bkl,nv,bkl,gained
ISIC_0032099,bkl,bkl,bcc,lost
ISIC_0032325,bkl,bkl,nv,lost
ISIC_0028701,bkl,bkl,nv,lost
ISIC_0024672,bkl,bkl,akiec,lost
ISIC_0026827,bkl,bkl,mel,lost
ISIC_0027680,bkl,bkl,akiec,lost
ISIC_0025656,bkl,bcc,bkl,gained
ISIC_0025838,bkl,bkl,mel,lost
ISIC_0027780,bkl,bkl,mel,lost
ISIC_0024592,bkl,nv,bkl,gained
ISIC_0027068,bkl,nv,bkl,gained
ISIC_0024505,bkl,bkl,akiec,lost
ISIC_0025337,bkl,df,bkl,gained
ISIC_0030465,bkl,mel,bkl,gained
ISIC_0024412,bkl,bkl,bcc,lost
ISIC_0027394,bkl,nv,bkl,gained
ISIC_0032200,bkl,nv,bkl,gained
ISIC_0027367,bkl,bkl,mel,lost
ISIC_0028952,bkl,bcc,bkl,gained
ISIC_0030783,bkl,mel,bkl,gained
ISIC_0028200,bkl,bkl,akiec,lost
ISIC_0027287,bkl,bkl,mel,lost
ISIC_0032481,bkl,bkl,bcc,lost
ISIC_0030459,bkl,bkl,mel,lost
ISIC_0025830,bkl,akiec,bkl,gained
ISIC_0028254,bkl,nv,bkl,gained
ISIC_0031591,bkl,mel,bkl,gained
ISIC_0026714,bkl,nv,bkl,gained
ISIC_0025529,bkl,nv,bkl,gained
ISIC_0025075,bkl,bkl,nv,lost
ISIC_0030007,bkl,mel,bkl,gained
ISIC_0026661,bkl,mel,bkl,gained
ISIC_0029166,bkl,bkl,nv,lost
ISIC_0024741,bkl,bkl,akiec,lost
ISIC_0026679,bkl,bkl,akiec,lost
ISIC_0032045,bkl,bkl,mel,lost
ISIC_0024426,bkl,bcc,bkl,gained
ISIC_0027706,bkl,bkl,akiec,lost
ISIC_0024740,bkl,bkl,mel,lost
ISIC_0025746,bkl,bcc,bkl,gained
ISIC_0032043,bkl,bkl,mel,lost
ISIC_0029791,bkl,bkl,akiec,lost
ISIC_0025575,bkl,bkl,akiec,lost
ISIC_0029249,bkl,bkl,akiec,lost
ISIC_0030822,bkl,bkl,akiec,lost
ISIC_0024970,bkl,bkl,akiec,lost
ISIC_0025351,bkl,bkl,nv,lost
ISIC_0028972,bkl,bkl,mel,lost
ISIC_0031464,bkl,bkl,bcc,lost
ISIC_0026849,bkl,bkl,akiec,lost
ISIC_0024893,bkl,bkl,mel,lost
ISIC_0029031,bkl,bcc,bkl,gained
ISIC_0026895,bkl,bkl,mel,lost
ISIC_0025716,bkl,mel,bkl,gained
ISIC_0029878,bkl,bkl,nv,lost
ISIC_0028389,bkl,bkl,mel,lost
ISIC_0028223,bkl,bkl,bcc,lost
ISIC_0026614,bkl,bkl,akiec,lost
ISIC_0026493,bkl,bkl,mel,lost
ISIC_0028840,bkl,bkl,nv,lost
ISIC_0031783,bkl,mel,bkl,gained
ISIC_0024371,bkl,nv,bkl,gained
ISIC_0024839,bkl,mel,bkl,gained
ISIC_0026675,bkl,bkl,nv,lost
ISIC_0032456,bkl,mel,bkl,gained
ISIC_0028656,bkl,bkl,nv,lost
ISIC_0028650,bkl,nv,bkl,gained
ISIC_0031459,bkl,bkl,akiec,lost
ISIC_0026961,bkl,bkl,nv,lost
ISIC_0030849,bkl,bkl,bcc,lost
ISIC_0029101,bkl,bkl,akiec,lost
ISIC_0030081,bkl,bkl,nv,lost
ISIC_0027681,bkl,mel,bkl,gained
ISIC_0024336,bkl,bcc,bkl,gained
ISIC_0030310,bkl,bkl,df,lost
ISIC_0024446,bkl,bkl,nv,lost
ISIC_0024338,bkl,mel,bkl,gained
ISIC_0032040,bkl,mel,bkl,gained
ISIC_0028229,bkl,bkl,akiec,lost
ISIC_0030372,bkl,nv,bkl,gained
ISIC_0028404,bkl,bcc,bkl,gained
ISIC_0028943,bkl,bkl,akiec,lost
ISIC_0026409,bkl,akiec,bkl,gained
ISIC_0025345,bkl,bcc,bkl,gained
ISIC_0026871,bkl,bkl,akiec,lost
ISIC_0031261,bkl,bkl,df,lost
ISIC_0028121,bkl,mel,bkl,gained
ISIC_0026015,bkl,bkl,df,lost
ISIC_0028124,bkl,akiec,bkl,gained
ISIC_0031496,bkl,bkl,nv,lost
ISIC_0028931,bkl,bkl,mel,lost
ISIC_0030605,bkl,bkl,mel,lost
ISIC_0030677,bkl,bkl,mel,lost
ISIC_0032395,bkl,bkl,bcc,lost
ISIC_0031218,bkl,nv,bkl,gained
ISIC_0027737,bkl,bkl,mel,lost
ISIC_0026248,bkl,bkl,mel,lost
ISIC_0027735,bkl,mel,bkl,gained
ISIC_0028615,bkl,nv,bkl,gained
ISIC_0029455,bkl,bkl,mel,lost
ISIC_0029931,bkl,mel,bkl,gained
ISIC_0025526,bkl,nv,bkl,gained
ISIC_0029427,bkl,bkl,nv,lost
ISIC_0027905,bkl,bkl,nv,lost
ISIC_0024770,bkl,bkl,mel,lost
ISIC_0028209,bkl,nv,bkl,gained
ISIC_0024498,bkl,mel,bkl,gained
ISIC_0033460,bkl,mel,bkl,gained
ISIC_0034315,bkl,mel,bkl,gained
ISIC_0032835,bkl,bkl,akiec,lost
ISIC_0033480,bkl,bkl,mel,lost
ISIC_0033949,bkl,bkl,nv,lost
ISIC_0033156,bkl,mel,bkl,gained
ISIC_0034142,bkl,bkl,akiec,lost
ISIC_0033784,bkl,bkl,mel,lost
ISIC_0033307,bkl,bkl,mel,lost
ISIC_0034221,bkl,bkl,akiec,lost
ISIC_0033491,bkl,bkl,nv,lost
ISIC_0034280,bkl,bkl,nv,lost
ISIC_0033685,bkl,nv,bkl,gained
ISIC_0029113,bkl,bkl,nv,lost
ISIC_0032113,bkl,bkl,nv,lost
ISIC_0031897,bkl,bkl,nv,lost
ISIC_0027875,bkl,bkl,nv,lost
ISIC_0029107,bkl,mel,bkl,gained
ISIC_0026422,bkl,bkl,nv,lost
ISIC_0026441,bkl,bkl,nv,lost
ISIC_0031226,bkl,bkl,nv,lost
ISIC_0027025,bkl,bkl,mel,lost
ISIC_0031088,bkl,nv,bkl,gained
ISIC_0027275,bkl,bkl,nv,lost
ISIC_0029676,bkl,nv,bkl,gained
ISIC_0026262,bkl,nv,bkl,gained
ISIC_0026941,bkl,bkl,nv,lost
ISIC_0029036,bkl,bkl,akiec,lost
ISIC_0033790,df,mel,df,gained
ISIC_0031429,df,bcc,df,gained
ISIC_0026417,df,df,mel,lost
ISIC_0028735,df,df,nv,lost
ISIC_0024845,df,nv,df,gained
ISIC_0033810,df,nv,df,gained
ISIC_0027488,df,bcc,df,gained
ISIC_0027745,df,df,nv,lost
ISIC_0029130,df,df,bkl,lost
ISIC_0031177,mel,mel,nv,lost
ISIC_0030417,mel,akiec,mel,gained
ISIC_0024586,mel,df,mel,gained
ISIC_0029575,mel,akiec,mel,gained
ISIC_0029081,mel,nv,mel,gained
ISIC_0028069,mel,nv,mel,gained
ISIC_0027043,mel,mel,nv,lost
ISIC_0032331,mel,nv,mel,gained
ISIC_0024545,mel,mel,bkl,lost
ISIC_0033186,mel,mel,nv,lost
ISIC_0030060,mel,bcc,mel,gained
ISIC_0028291,mel,mel,bkl,lost
ISIC_0032313,mel,bkl,mel,gained
ISIC_0032265,mel,mel,nv,lost
ISIC_0030445,mel,mel,bcc,lost
ISIC_0028056,mel,nv,mel,gained
ISIC_0030759,mel,bkl,mel,gained
ISIC_0029630,mel,akiec,mel,gained
ISIC_0028326,mel,mel,bkl,lost
ISIC_0024972,mel,nv,mel,gained
ISIC_0031972,mel,mel,bkl,lost
ISIC_0026296,mel,mel,nv,lost
ISIC_0024767,mel,mel,bcc,lost
ISIC_0028022,mel,bkl,mel,gained
ISIC_0029370,mel,bkl,mel,gained
ISIC_0031958,mel,mel,bkl,lost
ISIC_0026369,mel,mel,nv,lost
ISIC_0030521,mel,nv,mel,gained
ISIC_0027616,mel,mel,nv,lost
ISIC_0025153,mel,mel,nv,lost
ISIC_0027651,mel,mel,bkl,lost
ISIC_0030014,mel,mel,nv,lost
ISIC_0029017,mel,nv,mel,gained
ISIC_0031189,mel,mel,nv,lost
ISIC_0027352,mel,bcc,mel,gained
ISIC_0029558,mel,nv,mel,gained
ISIC_0031890,mel,mel,bkl,lost
ISIC_0031545,mel,nv,mel,gained
ISIC_0026950,mel,mel,bcc,lost
ISIC_0029242,mel,mel,bkl,lost
ISIC_0027263,mel,mel,bkl,lost
ISIC_0028878,mel,mel,bkl,lost
ISIC_0029884,mel,bcc,mel,gained
ISIC_0024911,mel,mel,bkl,lost
ISIC_0027721,mel,bkl,mel,gained
ISIC_0026697,mel,mel,akiec,lost
ISIC_0028087,mel,mel,nv,lost
ISIC_0029726,mel,bkl,mel,gained
ISIC_0024853,mel,bkl,mel,gained
ISIC_0031310,mel,bkl,mel,gained
ISIC_0030440,mel,nv,mel,gained
ISIC_0030324,mel,mel,nv,lost
ISIC_0029434,mel,mel,nv,lost
ISIC_0026963,mel,bkl,mel,gained
ISIC_0024865,mel,df,mel,gained
ISIC_0032750,mel,nv,mel,gained
ISIC_0026188,mel,mel,akiec,lost
ISIC_0028746,mel,mel,bkl,lost
ISIC_0034141,mel,nv,mel,gained
ISIC_0033636,mel,bkl,mel,gained
ISIC_0029909,mel,mel,bkl,lost
ISIC_0033432,mel,nv,mel,gained
ISIC_0034236,mel,mel,nv,lost
ISIC_0025987,mel,nv,mel,gained
ISIC_0032017,mel,nv,mel,gained
ISIC_0033369,mel,mel,nv,lost
ISIC_0033655,mel,mel,nv,lost
ISIC_0032187,mel,mel,df,lost
ISIC_0032733,mel,bkl,mel,gained
ISIC_0034140,mel,nv,mel,gained
ISIC_0032685,mel,mel,nv,lost
ISIC_0033725,mel,nv,mel,gained
ISIC_0032537,mel,nv,mel,gained
ISIC_0032921,mel,mel,nv,lost
ISIC_0034117,mel,mel,akiec,lost
ISIC_0033063,mel,akiec,mel,gained
ISIC_0033241,mel,mel,nv,lost
ISIC_0034289,mel,mel,nv,lost
ISIC_0033578,mel,bkl,mel,gained
ISIC_0034100,mel,bkl,mel,gained
ISIC_0034132,mel,mel,bkl,lost
ISIC_0028082,mel,mel,bkl,lost
ISIC_0034180,mel,mel,bkl,lost
ISIC_0033267,mel,mel,bkl,lost
ISIC_0033644,mel,nv,mel,gained
ISIC_0033238,mel,mel,nv,lost
ISIC_0033336,mel,mel,nv,lost
ISIC_0032535,mel,mel,bkl,lost
ISIC_0032081,mel,mel,akiec,lost
ISIC_0034034,mel,mel,nv,lost
ISIC_0033469,mel,bkl,mel,gained
ISIC_0033171,mel,mel,nv,lost
ISIC_0033017,mel,bkl,mel,gained
ISIC_0034183,mel,nv,mel,gained
ISIC_0033120,mel,mel,nv,lost
ISIC_0032970,mel,bkl,mel,gained
ISIC_0027402,mel,mel,nv,lost
ISIC_0032968,mel,mel,bcc,lost
ISIC_0033320,mel,mel,nv,lost
ISIC_0033813,mel,mel,nv,lost
ISIC_0032624,mel,mel,nv,lost
ISIC_0033977,mel,nv,mel,gained
ISIC_0034002,mel,nv,mel,gained
ISIC_0033387,mel,nv,mel,gained
ISIC_0033279,mel,nv,mel,gained
ISIC_0033616,mel,nv,mel,gained
ISIC_0033653,mel,mel,nv,lost
ISIC_0033198,mel,bkl,mel,gained
ISIC_0030883,mel,mel,bkl,lost
ISIC_0034134,mel,nv,mel,gained
ISIC_0033607,mel,nv,mel,gained
ISIC_0034051,mel,nv,mel,gained
ISIC_0033534,mel,mel,bcc,lost
ISIC_0033073,mel,mel,bcc,lost
ISIC_0033995,mel,nv,mel,gained
ISIC_0027234,mel,bkl,mel,gained
ISIC_0032690,mel,bkl,mel,gained
ISIC_0033440,mel,mel,bcc,lost
ISIC_0033807,mel,mel,df,lost
ISIC_0033533,mel,bkl,mel,gained
ISIC_0034317,mel,nv,mel,gained
ISIC_0031741,mel,nv,mel,gained
ISIC_0032152,mel,mel,bcc,lost
ISIC_0033713,mel,bkl,mel,gained
ISIC_0033302,mel,mel,nv,lost
ISIC_0033023,mel,bkl,mel,gained
ISIC_0033258,mel,bkl,mel,gained
ISIC_0024929,mel,mel,nv,lost
ISIC_0029933,mel,mel,nv,lost
ISIC_0031208,mel,mel,bkl,lost
ISIC_0029092,mel,nv,mel,gained
ISIC_0028584,mel,mel,nv,lost
ISIC_0031554,mel,mel,nv,lost
ISIC_0025472,mel,nv,mel,gained
ISIC_0028465,mel,mel,nv,lost
ISIC_0028463,mel,nv,mel,gained
ISIC_0024930,mel,nv,mel,gained
ISIC_0032110,mel,nv,mel,gained
ISIC_0027622,mel,mel,nv,lost
ISIC_0031795,mel,bkl,mel,gained
ISIC_0030756,mel,mel,akiec,lost
ISIC_0025439,mel,nv,mel,gained
ISIC_0030187,mel,mel,nv,lost
ISIC_0030970,mel,bkl,mel,gained
ISIC_0030754,mel,mel,nv,lost
ISIC_0027620,mel,mel,nv,lost
ISIC_0031565,mel,bkl,mel,gained
ISIC_0029056,mel,mel,nv,lost
ISIC_0031718,mel,bkl,mel,gained
ISIC_0029591,mel,mel,akiec,lost
ISIC_0025238,mel,mel,nv,lost
ISIC_0025651,mel,mel,akiec,lost
ISIC_0029033,mel,mel,nv,lost
ISIC_0029089,mel,mel,akiec,lost
ISIC_0032420,mel,mel,bkl,lost
ISIC_0028847,mel,mel,akiec,lost
ISIC_0032219,mel,nv,mel,gained
ISIC_0026604,mel,mel,akiec,lost
ISIC_0027964,mel,bkl,mel,gained
ISIC_0032192,mel,mel,akiec,lost
ISIC_0024323,mel,nv,mel,gained
ISIC_0027436,mel,mel,bcc,lost
ISIC_0024313,mel,nv,mel,gained
ISIC_0030047,mel,bkl,mel,gained
ISIC_0031670,mel,nv,mel,gained
ISIC_0024652,mel,mel,nv,lost
ISIC_0031908,mel,mel,nv,lost
ISIC_0030653,mel,mel,bcc,lost
ISIC_0025195,mel,mel,bkl,lost
ISIC_0025814,mel,mel,bcc,lost
ISIC_0029893,mel,mel,bkl,lost
ISIC_0024647,mel,mel,bkl,lost
ISIC_0031203,mel,df,mel,gained
ISIC_0031401,mel,mel,akiec,lost
ISIC_0026239,mel,mel,nv,lost
ISIC_0032269,mel,mel,nv,lost
ISIC_0030032,mel,mel,bkl,lost
ISIC_0026131,mel,mel,nv,lost
ISIC_0031561,mel,mel,bkl,lost
ISIC_0025766,mel,mel,nv,lost
ISIC_0027480,mel,nv,mel,gained
ISIC_0027590,mel,bkl,mel,gained
ISIC_0030083,mel,nv,mel,gained
ISIC_0028033,mel,nv,mel,gained
ISIC_0032204,mel,mel,bcc,lost
ISIC_0026802,mel,mel,nv,lost
ISIC_0024932,mel,bkl,mel,gained
ISIC_0024410,mel,mel,df,lost
ISIC_0031377,mel,nv,mel,gained
ISIC_0031087,mel,mel,bcc,lost
ISIC_0028915,mel,mel,bcc,lost
ISIC_0026420,mel,akiec,mel,gained
ISIC_0028075,mel,mel,bkl,lost
ISIC_0030929,mel,mel,bkl,lost
ISIC_0031746,mel,bkl,mel,gained
ISIC_0034196,vasc,vasc,mel,lost
ISIC_0028146,vasc,nv,vasc,gained
ISIC_0030070,vasc,vasc,nv,lost
ISIC_0031996,vasc,nv,vasc,gained
ISIC_0024475,vasc,nv,vasc,gained
ISIC_0025197,vasc,vasc,nv,lost
ISIC_0028431,vasc,nv,vasc,gained
ISIC_0027790,vasc,vasc,bcc,lost
ISIC_0031065,vasc,nv,vasc,gained
ISIC_0025250,vasc,bcc,vasc,gained
ISIC_0031276,vasc,nv,vasc,gained
ISIC_0027269,vasc,nv,vasc,gained
ISIC_0029230,bcc,nv,bcc,gained
ISIC_0026656,bcc,akiec,bcc,gained
ISIC_0026760,bcc,bcc,bkl,lost
ISIC_0025718,bcc,bcc,mel,lost
ISIC_0029755,bcc,bcc,akiec,lost
ISIC_0030574,bcc,bcc,nv,lost
ISIC_0031166,bcc,bcc,vasc,lost
ISIC_0030893,bcc,bcc,df,lost
ISIC_0028994,bcc,bcc,akiec,lost
ISIC_0025824,bcc,df,bcc,gained
ISIC_0030335,bcc,nv,bcc,gained
ISIC_0025793,bcc,bcc,nv,lost
ISIC_0028670,bcc,nv,bcc,gained
ISIC_0027858,bcc,bcc,bkl,lost
ISIC_0030271,bcc,mel,bcc,gained
ISIC_0031140,bcc,bcc,akiec,lost
ISIC_0026282,bcc,mel,bcc,gained
ISIC_0029341,bcc,bkl,bcc,gained
ISIC_0024360,bcc,bcc,bkl,lost
ISIC_0025557,bcc,bcc,mel,lost
ISIC_0030659,bcc,bcc,akiec,lost
ISIC_0025383,bcc,bcc,mel,lost
ISIC_0027478,bcc,bcc,bkl,lost
ISIC_0026275,bcc,bkl,bcc,gained
ISIC_0031272,bcc,mel,bcc,gained
ISIC_0027851,bcc,bcc,bkl,lost
ISIC_0029669,bcc,bcc,bkl,lost
ISIC_0032660,bcc,bcc,bkl,lost
ISIC_0033001,bcc,akiec,bcc,gained
ISIC_0027786,bcc,akiec,bcc,gained
ISIC_0033571,bcc,bkl,bcc,gained
ISIC_0033666,bcc,mel,bcc,gained
ISIC_0033218,bcc,mel,bcc,gained
ISIC_0034119,bcc,akiec,bcc,gained
ISIC_0034299,bcc,bcc,bkl,lost
ISIC_0032777,bcc,bcc,vasc,lost
ISIC_0033019,bcc,bcc,bkl,lost
ISIC_0034015,bcc,bcc,nv,lost
ISIC_0032741,bcc,bkl,bcc,gained
ISIC_0034155,bcc,bcc,akiec,lost
ISIC_0033979,bcc,bcc,akiec,lost
ISIC_0026528,bcc,bcc,df,lost
ISIC_0031450,bcc,bkl,bcc,gained
ISIC_0031351,bcc,bcc,akiec,lost
ISIC_0026988,bcc,bcc,akiec,lost
ISIC_0031413,bcc,bcc,akiec,lost
ISIC_0025144,bcc,akiec,bcc,gained
ISIC_0029278,bcc,bcc,nv,lost
ISIC_0026192,bcc,bcc,bkl,lost
ISIC_0025417,bcc,bcc,akiec,lost
ISIC_0028486,bcc,bcc,nv,lost
ISIC_0029083,bcc,bkl,bcc,gained
ISIC_0026952,bcc,bcc,akiec,lost
ISIC_0029412,bcc,akiec,bcc,gained
ISIC_0025975,bcc,nv,bcc,gained
ISIC_0031266,bcc,bkl,bcc,gained
ISIC_0026056,bcc,bcc,mel,lost
ISIC_0028937,bcc,bcc,akiec,lost
ISIC_0029974,bcc,mel,bcc,gained
ISIC_0031597,bcc,nv,bcc,gained
ISIC_0026845,bcc,bcc,bkl,lost
ISIC_0031258,bcc,bcc,bkl,lost
ISIC_0028989,bcc,bcc,nv,lost
ISIC_0024472,bcc,bcc,bkl,lost
ISIC_0030755,bcc,bcc,akiec,lost
ISIC_0029035,bcc,bcc,akiec,lost
ISIC_0027473,bcc,bcc,bkl,lost
ISIC_0027093,bcc,bcc,bkl,lost
ISIC_0026865,bcc,bkl,bcc,gained
ISIC_0027337,bcc,nv,bcc,gained
ISIC_0029524,bcc,bcc,bkl,lost
ISIC_0028050,bcc,bcc,akiec,lost
ISIC_0027046,bcc,bcc,bkl,lost
ISIC_0027722,bcc,bcc,akiec,lost
ISIC_0029323,bcc,nv,bcc,gained
ISIC_0031520,bcc,bkl,bcc,gained
ISIC_0031171,bcc,nv,bcc,gained
ISIC_0028084,bcc,bcc,nv,lost
ISIC_0024461,bcc,akiec,bcc,gained
ISIC_0025630,bcc,bcc,vasc,lost
ISIC_0028197,bcc,akiec,bcc,gained
ISIC_0029831,bcc,akiec,bcc,gained
ISIC_0030514,bcc,bcc,bkl,lost
ISIC_0028283,bcc,akiec,bcc,gained
ISIC_0027525,bcc,bcc,nv,lost
ISIC_0024550,bcc,bcc,akiec,lost
ISIC_0024833,bcc,bkl,bcc,gained
ISIC_0030868,bcc,akiec,bcc,gained
ISIC_0026995,bcc,bcc,nv,lost
ISIC_0029123,bcc,bcc,nv,lost
ISIC_0030746,bcc,bcc,bkl,lost
ISIC_0030339,bcc,akiec,bcc,gained
ISIC_0028964,bcc,bcc,nv,lost
ISIC_0032429,bcc,bcc,akiec,lost
ISIC_0029951,bcc,bcc,akiec,lost
ISIC_0027675,bcc,vasc,bcc,gained
ISIC_0031614,bcc,bcc,bkl,lost
ISIC_0028653,bcc,bkl,bcc,gained
ISIC_0031041,bcc,bcc,akiec,lost
ISIC_0024411,bcc,bcc,bkl,lost
ISIC_0028542,bcc,nv,bcc,gained
ISIC_0031531,bcc,bcc,bkl,lost
ISIC_0025843,nv,bkl,nv,gained
ISIC_0029303,nv,bkl,nv,gained
ISIC_0027479,nv,mel,nv,gained
ISIC_0029569,nv,nv,df,lost
ISIC_0027324,nv,nv,vasc,lost
ISIC_0031234,nv,mel,nv,gained
ISIC_0031730,nv,akiec,nv,gained
ISIC_0024473,nv,nv,bcc,lost
ISIC_0031422,nv,bkl,nv,gained
ISIC_0031776,nv,nv,bkl,lost
ISIC_0025120,nv,mel,nv,gained
ISIC_0026057,nv,nv,akiec,lost
ISIC_0030957,nv,nv,mel,lost
ISIC_0025116,nv,nv,bcc,lost
ISIC_0030569,nv,bkl,nv,gained
ISIC_0028048,nv,nv,bkl,lost
ISIC_0028721,nv,bcc,nv,gained
ISIC_0025461,nv,mel,nv,gained
ISIC_0028160,nv,bkl,nv,gained
ISIC_0027621,nv,nv,bkl,lost
ISIC_0030814,nv,bkl,nv,gained
ISIC_0029346,nv,nv,bkl,lost
ISIC_0025093,nv,nv,df,lost
ISIC_0025109,nv,nv,bcc,lost
ISIC_0024807,nv,nv,bcc,lost
ISIC_0029688,nv,nv,bkl,lost
ISIC_0030692,nv,mel,nv,gained
ISIC_0025119,nv,bkl,nv,gained
ISIC_0031724,nv,df,nv,gained
ISIC_0028934,nv,nv,bkl,lost
ISIC_0032198,nv,nv,bkl,lost
ISIC_0024456,nv,bkl,nv,gained
ISIC_0025125,nv,nv,df,lost
ISIC_0032094,nv,bkl,nv,gained
ISIC_0029071,nv,nv,mel,lost
ISIC_0026638,nv,nv,bkl,lost
ISIC_0025998,nv,nv,mel,lost
ISIC_0027686,nv,bcc,nv,gained
ISIC_0030286,nv,nv,bcc,lost
ISIC_0029782,nv,mel,nv,gained
ISIC_0026162,nv,nv,akiec,lost
ISIC_0026750,nv,akiec,nv,gained
ISIC_0031862,nv,nv,bcc,lost
ISIC_0028256,nv,nv,df,lost
ISIC_0029321,nv,bkl,nv,gained
ISIC_0029444,nv,nv,df,lost
ISIC_0025342,nv,nv,bcc,lost
ISIC_0025401,nv,mel,nv,gained
ISIC_0029282,nv,nv,bcc,lost
ISIC_0031530,nv,nv,bkl,lost
ISIC_0026073,nv,mel,nv,gained
ISIC_0030343,nv,nv,df,lost
ISIC_0026801,nv,mel,nv,gained
ISIC_0026375,nv,nv,bkl,lost
ISIC_0030850,nv,nv,akiec,lost
ISIC_0031333,nv,vasc,nv,gained
ISIC_0027975,nv,nv,akiec,lost
ISIC_0024888,nv,nv,vasc,lost
ISIC_0031006,nv,mel,nv,gained
ISIC_0026605,nv,df,nv,gained
ISIC_0030996,nv,bkl,nv,gained
ISIC_0031327,nv,df,nv,gained
ISIC_0025134,nv,nv,bkl,lost
ISIC_0031409,nv,nv,mel,lost
ISIC_0028724,nv,mel,nv,gained
ISIC_0029190,nv,bcc,nv,gained
ISIC_0030980,nv,akiec,nv,gained
ISIC_0031617,nv,nv,mel,lost
ISIC_0028576,nv,mel,nv,gained
ISIC_0026726,nv,nv,mel,lost
ISIC_0032342,nv,nv,mel,lost
ISIC_0026140,nv,nv,bcc,lost
ISIC_0032086,nv,nv,bcc,lost
ISIC_0027406,nv,nv,bkl,lost
ISIC_0028633,nv,nv,mel,lost
ISIC_0027152,nv,mel,nv,gained
ISIC_0031474,nv,df,nv,gained
ISIC_0032158,nv,nv,bkl,lost
ISIC_0028154,nv,mel,nv,gained
ISIC_0030858,nv,bkl,nv,gained
ISIC_0031883,nv,nv,df,lost
ISIC_0024604,nv,nv,bcc,lost
ISIC_0030426,nv,nv,vasc,lost
ISIC_0031629,nv,mel,nv,gained
ISIC_0031418,nv,mel,nv,gained
ISIC_0031618,nv,mel,nv,gained
ISIC_0025254,nv,nv,mel,lost
ISIC_0025108,nv,nv,mel,lost
ISIC_0029296,nv,nv,mel,lost
ISIC_0031646,nv,nv,mel,lost
ISIC_0032055,nv,nv,mel,lost
ISIC_0030063,nv,nv,bcc,lost
ISIC_0029894,nv,nv,mel,lost
ISIC_0029986,nv,nv,bcc,lost
ISIC_0030064,nv,nv,bkl,lost
ISIC_0030688,nv,nv,bkl,lost
ISIC_0030460,nv,nv,bkl,lost
ISIC_0030793,nv,nv,mel,lost
ISIC_0027768,nv,nv,bkl,lost
ISIC_0024924,nv,mel,nv,gained
ISIC_0031676,nv,nv,mel,lost
ISIC_0025458,nv,bkl,nv,gained
ISIC_0024664,nv,mel,nv,gained
ISIC_0025008,nv,nv,bkl,lost
ISIC_0032191,nv,nv,bcc,lost
ISIC_0026911,nv,mel,nv,gained
ISIC_0025327,nv,mel,nv,gained
ISIC_0026839,nv,mel,nv,gained
ISIC_0028759,nv,mel,nv,gained
ISIC_0024340,nv,mel,nv,gained
ISIC_0025094,nv,nv,mel,lost
ISIC_0031713,nv,nv,mel,lost
ISIC_0029976,nv,nv,mel,lost
ISIC_0027421,nv,vasc,nv,gained
ISIC_0027086,nv,mel,nv,gained
ISIC_0027709,nv,nv,mel,lost
ISIC_0031622,nv,bcc,nv,gained
ISIC_0028843,nv,nv,mel,lost
ISIC_0025909,nv,mel,nv,gained
ISIC_0028831,nv,nv,mel,lost
ISIC_0026743,nv,nv,mel,lost
ISIC_0025671,nv,nv,bkl,lost
ISIC_0029187,nv,mel,nv,gained
ISIC_0028098,nv,bcc,nv,gained
ISIC_0025907,nv,mel,nv,gained
ISIC_0027113,nv,mel,nv,gained
ISIC_0030859,nv,nv,mel,lost
ISIC_0026869,nv,vasc,nv,gained
ISIC_0028823,nv,bcc,nv,gained
ISIC_0025402,nv,bkl,nv,gained
ISIC_0026544,nv,nv,bcc,lost
ISIC_0029422,nv,nv,mel,lost
ISIC_0029728,nv,nv,bcc,lost
ISIC_0032181,nv,mel,nv,gained
ISIC_0026423,nv,nv,mel,lost
ISIC_0033251,nv,nv,mel,lost
ISIC_0033402,nv,nv,mel,lost
ISIC_0030462,nv,mel,nv,gained
ISIC_0033555,nv,nv,mel,lost
ISIC_0030845,nv,mel,nv,gained
ISIC_0034254,nv,nv,mel,lost
ISIC_0031613,nv,mel,nv,gained
ISIC_0034083,nv,mel,nv,gained
ISIC_0026670,nv,nv,bcc,lost
ISIC_0034079,nv,nv,mel,lost
ISIC_0033767,nv,mel,nv,gained
ISIC_0033755,nv,mel,nv,gained
ISIC_0032739,nv,nv,mel,lost
ISIC_0034136,nv,mel,nv,gained
ISIC_0031048,nv,mel,nv,gained
ISIC_0025453,nv,nv,mel,lost
ISIC_0029656,nv,akiec,nv,gained
ISIC_0025421,nv,bkl,nv,gained
ISIC_0024730,nv,nv,mel,lost
ISIC_0030378,nv,nv,df,lost
ISIC_0034146,nv,nv,df,lost
ISIC_0033699,nv,nv,mel,lost
ISIC_0032671,nv,nv,mel,lost
ISIC_0033292,nv,nv,bcc,lost
ISIC_0033610,nv,nv,bcc,lost
ISIC_0032928,nv,mel,nv,gained
ISIC_0032666,nv,bkl,nv,gained
ISIC_0034131,nv,mel,nv,gained
ISIC_0032901,nv,mel,nv,gained
ISIC_0033497,nv,df,nv,gained
ISIC_0033097,nv,bkl,nv,gained
ISIC_0032998,nv,bkl,nv,gained
ISIC_0033753,nv,mel,nv,gained
ISIC_0032619,nv,mel,nv,gained
ISIC_0033233,nv,bkl,nv,gained
ISIC_0032780,nv,nv,bkl,lost
ISIC_0032568,nv,mel,nv,gained
ISIC_0033126,nv,mel,nv,gained
ISIC_0032825,nv,mel,nv,gained
ISIC_0032520,nv,mel,nv,gained
ISIC_0033162,nv,bkl,nv,gained
ISIC_0034025,nv,nv,df,lost
ISIC_0032674,nv,mel,nv,gained
ISIC_0033618,nv,nv,bkl,lost
ISIC_0033090,nv,nv,mel,lost
ISIC_0033373,nv,nv,bcc,lost
ISIC_0032661,nv,mel,nv,gained
ISIC_0033972,nv,bkl,nv,gained
ISIC_0033904,nv,bkl,nv,gained
ISIC_0033265,nv,nv,vasc,lost
ISIC_0033948,nv,mel,nv,gained
ISIC_0033680,nv,mel,nv,gained
ISIC_0033085,nv,mel,nv,gained
ISIC_0032701,nv,mel,nv,gained
ISIC_0033799,nv,nv,mel,lost
ISIC_0032818,nv,mel,nv,gained
ISIC_0034158,nv,nv,mel,lost
ISIC_0033213,nv,mel,nv,gained
ISIC_0033694,nv,nv,mel,lost
ISIC_0034013,nv,nv,mel,lost
ISIC_0034198,nv,nv,bkl,lost
ISIC_0032689,nv,mel,nv,gained
ISIC_0033263,nv,mel,nv,gained
ISIC_0033282,nv,mel,nv,gained
ISIC_0033384,nv,mel,nv,gained
ISIC_0032830,nv,nv,mel,lost
ISIC_0030126,nv,nv,mel,lost
ISIC_0031814,nv,mel,nv,gained
ISIC_0032878,nv,mel,nv,gained
ISIC_0033255,nv,nv,mel,lost
ISIC_0032909,nv,bkl,nv,gained
ISIC_0033978,nv,bkl,nv,gained
ISIC_0034010,nv,nv,mel,lost
ISIC_0032995,nv,df,nv,gained
ISIC_0033181,nv,nv,df,lost
ISIC_0032994,nv,mel,nv,gained
ISIC_0033604,nv,mel,nv,gained
ISIC_0033634,nv,nv,mel,lost
ISIC_0034226,nv,bcc,nv,gained
ISIC_0033516,nv,bkl,nv,gained
ISIC_0033688,nv,mel,nv,gained
ISIC_0032934,nv,nv,mel,lost
ISIC_0033149,nv,nv,mel,lost
ISIC_0034285,nv,mel,nv,gained
ISIC_0033966,nv,mel,nv,gained
ISIC_0033934,nv,nv,bkl,lost
ISIC_0034220,nv,mel,nv,gained
ISIC_0032973,nv,mel,nv,gained
ISIC_0034245,nv,nv,bcc,lost
ISIC_0034278,nv,nv,mel,lost
ISIC_0032884,nv,mel,nv,gained
ISIC_0024524,nv,mel,nv,gained
ISIC_0030492,nv,mel,nv,gained
ISIC_0033781,nv,nv,mel,lost
ISIC_0033455,nv,bkl,nv,gained
ISIC_0033955,nv,mel,nv,gained
ISIC_0025970,nv,nv,mel,lost
ISIC_0033250,nv,nv,bkl,lost
ISIC_0032926,nv,mel,nv,gained
ISIC_0033049,nv,mel,nv,gained
ISIC_0034063,nv,nv,bkl,lost
ISIC_0033045,nv,mel,nv,gained
ISIC_0033873,nv,mel,nv,gained
ISIC_0033585,nv,nv,mel,lost
ISIC_0029393,nv,mel,nv,gained
ISIC_0028280,nv,nv,bkl,lost
ISIC_0030023,nv,nv,mel,lost
ISIC_0025210,nv,nv,mel,lost
ISIC_0026372,nv,nv,mel,lost
ISIC_0031053,nv,nv,bkl,lost
ISIC_0024695,nv,nv,mel,lost
ISIC_0025795,nv,nv,akiec,lost
ISIC_0026498,nv,nv,akiec,lost
ISIC_0031970,nv,mel,nv,gained
ISIC_0030362,nv,nv,bcc,lost
ISIC_0029904,nv,mel,nv,gained
ISIC_0028487,nv,mel,nv,gained
ISIC_0027909,nv,nv,mel,lost
ISIC_0030504,nv,bkl,nv,gained
ISIC_0026705,nv,nv,mel,lost
ISIC_0030116,nv,nv,mel,lost
ISIC_0026270,nv,nv,mel,lost
ISIC_0025096,nv,nv,mel,lost
ISIC_0025227,nv,nv,akiec,lost
ISIC_0030268,nv,nv,akiec,lost
ISIC_0025381,nv,bkl,nv,gained
ISIC_0031308,nv,bcc,nv,gained
ISIC_0030225,nv,nv,mel,lost
ISIC_0030597,nv,nv,mel,lost
ISIC_0026692,nv,nv,mel,lost
ISIC_0029746,nv,nv,mel,lost
ISIC_0027338,nv,nv,bkl,lost
ISIC_0025534,nv,nv,bkl,lost
ISIC_0028737,nv,nv,mel,lost
ISIC_0025240,nv,nv,bkl,lost
ISIC_0024349,nv,mel,nv,gained
ISIC_0026126,nv,mel,nv,gained
ISIC_0030065,nv,nv,bkl,lost
ISIC_0030093,nv,mel,nv,gained
ISIC_0028645,nv,akiec,nv,gained
ISIC_0024721,nv,df,nv,gained
ISIC_0026611,nv,nv,bcc,lost
ISIC_0024518,nv,nv,mel,lost
ISIC_0031623,nv,mel,nv,gained
ISIC_0028999,nv,mel,nv,gained
ISIC_0031725,nv,mel,nv,gained
ISIC_0026888,nv,nv,bkl,lost
ISIC_0032355,nv,nv,vasc,lost
ISIC_0027978,nv,bcc,nv,gained
ISIC_0027224,nv,mel,nv,gained
ISIC_0026784,nv,akiec,nv,gained
ISIC_0025633,nv,nv,mel,lost
ISIC_0031564,nv,bkl,nv,gained
ISIC_0026454,nv,nv,mel,lost
ISIC_0030675,nv,bkl,nv,gained
ISIC_0032015,nv,nv,mel,lost
ISIC_0031285,nv,bkl,nv,gained
ISIC_0030532,nv,nv,mel,lost
ISIC_0028304,nv,nv,bkl,lost
ISIC_0030581,nv,nv,mel,lost
ISIC_0029994,nv,mel,nv,gained
ISIC_0027495,nv,nv,bkl,lost
ISIC_0025960,nv,mel,nv,gained
ISIC_0027486,nv,nv,mel,lost
ISIC_0026599,nv,bcc,nv,gained
ISIC_0029001,nv,nv,bkl,lost
ISIC_0030121,nv,nv,mel,lost
ISIC_0029736,nv,nv,mel,lost
ISIC_0032126,nv,nv,akiec,lost
ISIC_0026340,nv,bkl,nv,gained
ISIC_0029978,nv,bkl,nv,gained
ISIC_0029577,nv,nv,mel,lost
ISIC_0027963,nv,mel,nv,gained
ISIC_0024425,nv,nv,akiec,lost
ISIC_0028675,nv,bkl,nv,gained
ISIC_0031220,nv,df,nv,gained
ISIC_0026654,nv,mel,nv,gained
ISIC_0029369,nv,bkl,nv,gained
ISIC_0029645,nv,mel,nv,gained
ISIC_0028186,nv,mel,nv,gained
ISIC_0028983,nv,nv,bkl,lost
ISIC_0028859,nv,mel,nv,gained
ISIC_0031612,nv,mel,nv,gained
ISIC_0032112,nv,nv,bkl,lost
ISIC_0027568,nv,nv,bcc,lost
ISIC_0029679,nv,nv,akiec,lost
ISIC_0025443,nv,bkl,nv,gained
ISIC_0030006,nv,nv,mel,lost
ISIC_0027917,nv,nv,mel,lost
ISIC_0028378,nv,nv,bkl,lost
ISIC_0025846,nv,mel,nv,gained
ISIC_0030079,nv,nv,mel,lost
ISIC_0024908,nv,nv,mel,lost
ISIC_0026513,nv,bkl,nv,gained
ISIC_0027540,nv,mel,nv,gained
ISIC_0030209,nv,mel,nv,gained
ISIC_0025289,nv,df,nv,gained
ISIC_0031042,nv,nv,mel,lost
ISIC_0030219,nv,bkl,nv,gained
ISIC_0029127,nv,nv,mel,lost
ISIC_0027181,nv,nv,mel,lost
ISIC_0032253,nv,bcc,nv,gained
ISIC_0026610,nv,nv,bkl,lost
ISIC_0028032,nv,nv,mel,lost
ISIC_0032218,nv,nv,bcc,lost
ISIC_0028476,nv,bkl,nv,gained
ISIC_0028150,nv,nv,mel,lost
ISIC_0031014,nv,nv,bcc,lost
ISIC_0032936,mel,nv,mel,gained
ISIC_0031374,nv,mel,nv,gained
ISIC_0025463,nv,mel,nv,gained
ISIC_0026108,nv,mel,nv,gained
ISIC_0029803,nv,nv,mel,lost
ISIC_0025106,nv,mel,nv,gained
ISIC_0026825,nv,nv,mel,lost
ISIC_0024684,nv,nv,bkl,lost
ISIC_0030772,nv,nv,bkl,lost
ISIC_0029095,nv,bcc,nv,gained
ISIC_0031871,nv,mel,nv,gained
ISIC_0028887,nv,nv,mel,lost
ISIC_0027639,nv,nv,mel,lost
ISIC_0031249,nv,bkl,nv,gained
ISIC_0028602,nv,nv,bcc,lost
ISIC_0031806,nv,bcc,nv,gained
ISIC_0029470,nv,mel,nv,gained
ISIC_0028472,nv,nv,mel,lost
ISIC_0030674,nv,mel,nv,gained
ISIC_0029749,nv,bcc,nv,gained
ISIC_0026554,nv,nv,bkl,lost
ISIC_0027688,nv,nv,bkl,lost
ISIC_0025184,nv,bkl,nv,gained
ISIC_0027535,nv,mel,nv,gained
ISIC_0030923,nv,nv,bkl,lost
ISIC_0024620,nv,mel,nv,gained
ISIC_0025571,nv,nv,mel,lost
ISIC_0026008,nv,bkl,nv,gained
ISIC_0025892,nv,mel,nv,gained
ISIC_0027351,nv,nv,bcc,lost
ISIC_0030311,nv,mel,nv,gained
ISIC_0027346,nv,nv,mel,lost
ISIC_0029119,nv,akiec,nv,gained
ISIC_0032471,nv,bkl,nv,gained
ISIC_0032148,nv,mel,nv,gained
ISIC_0025123,nv,bkl,nv,gained
ISIC_0028276,nv,mel,nv,gained
ISIC_0030694,nv,nv,bcc,lost
ISIC_0028865,nv,bkl,nv,gained
ISIC_0027798,nv,nv,mel,lost
ISIC_0030033,nv,nv,mel,lost
ISIC_0031039,nv,bkl,nv,gained
ISIC_0028608,nv,nv,bkl,lost
ISIC_0024416,nv,nv,mel,lost
ISIC_0028131,nv,nv,mel,lost
ISIC_0024876,nv,mel,nv,gained
ISIC_0030593,nv,mel,nv,gained
ISIC_0031379,nv,mel,nv,gained
ISIC_0031965,nv,bkl,nv,gained
ISIC_0025243,nv,mel,nv,gained
ISIC_0027945,nv,nv,bkl,lost
ISIC_0030919,nv,nv,mel,lost
ISIC_0028498,nv,nv,mel,lost
ISIC_0027849,nv,nv,bkl,lost
ISIC_0029792,nv,nv,bcc,lost
ISIC_0028938,nv,nv,mel,lost
ISIC_0032385,nv,mel,nv,gained
ISIC_0027523,nv,bkl,nv,gained
ISIC_0025065,nv,nv,mel,lost
ISIC_0024712,nv,mel,nv,gained
ISIC_0028586,nv,nv,bkl,lost
ISIC_0026182,nv,mel,nv,gained
ISIC_0028272,nv,nv,mel,lost
ISIC_0031071,nv,bkl,nv,gained
ISIC_0031127,nv,nv,mel,lost
ISIC_0031602,nv,nv,bkl,lost
ISIC_0024683,nv,nv,mel,lost
ISIC_0030144,nv,nv,vasc,lost
ISIC_0028909,nv,bkl,nv,gained
ISIC_0030091,nv,nv,bcc,lost
ISIC_0030710,nv,mel,nv,gained
ISIC_0030336,nv,nv,mel,lost
ISIC_0027948,nv,mel,nv,gained
ISIC_0025062,nv,nv,mel,lost
ISIC_0029895,nv,mel,nv,gained
ISIC_0030059,nv,nv,mel,lost
ISIC_0025881,nv,nv,bkl,lost
ISIC_0027143,nv,nv,bkl,lost
ISIC_0032706,nv,mel,nv,gained
ISIC_0032697,nv,mel,nv,gained
ISIC_0033313,nv,nv,bkl,lost
ISIC_0033890,nv,mel,nv,gained
ISIC_0028252,nv,nv,mel,lost
ISIC_0028170,nv,df,nv,gained
ISIC_0029401,nv,nv,bkl,lost
ISIC_0033540,nv,bkl,nv,gained
ISIC_0032600,nv,mel,nv,gained
ISIC_0032930,nv,bcc,nv,gained
ISIC_0033139,nv,nv,mel,lost
ISIC_0033615,nv,mel,nv,gained
ISIC_0033821,nv,bkl,nv,gained
ISIC_0033457,nv,nv,mel,lost
ISIC_0033395,nv,mel,nv,gained
ISIC_0032868,nv,nv,bkl,lost
ISIC_0033889,nv,bkl,nv,gained
ISIC_0034260,nv,mel,nv,gained
ISIC_0033008,nv,mel,nv,gained
ISIC_0034229,nv,bkl,nv,gained
ISIC_0033690,nv,mel,nv,gained
ISIC_0034177,nv,nv,mel,lost
ISIC_0033681,nv,bkl,nv,gained
ISIC_0033772,nv,nv,mel,lost
ISIC_0033556,nv,mel,nv,gained
ISIC_0033567,nv,df,nv,gained
ISIC_0032738,nv,nv,bkl,lost
ISIC_0033735,nv,mel,nv,gained
ISIC_0034040,bkl,nv,bkl,gained
ISIC_0024757,nv,mel,nv,gained
ISIC_0032379,nv,mel,nv,gained
ISIC_0031323,nv,nv,mel,lost
ISIC_0028438,nv,nv,mel,lost
ISIC_0032221,nv,nv,mel,lost
ISIC_0031649,nv,bkl,nv,gained
ISIC_0029417,akiec,akiec,bkl,lost
ISIC_0029915,akiec,akiec,df,lost
ISIC_0026152,akiec,akiec,df,lost
ISIC_0029041,akiec,bkl,akiec,gained
ISIC_0032173,akiec,akiec,bcc,lost
ISIC_0030408,akiec,akiec,mel,lost
ISIC_0030242,akiec,akiec,bcc,lost
ISIC_0027084,akiec,akiec,bkl,lost
ISIC_0030714,akiec,nv,akiec,gained
ISIC_0031918,akiec,mel,akiec,gained
ISIC_0030803,akiec,bcc,akiec,gained
ISIC_0025831,akiec,bkl,akiec,gained
ISIC_0027231,akiec,akiec,mel,lost
ISIC_0031874,akiec,akiec,bkl,lost
ISIC_0025069,akiec,akiec,mel,lost
ISIC_0030076,akiec,akiec,df,lost
ISIC_0028232,akiec,akiec,mel,lost
ISIC_0030191,akiec,akiec,mel,lost
ISIC_0031043,akiec,akiec,bcc,lost
ISIC_0031738,akiec,akiec,mel,lost
ISIC_0029930,akiec,akiec,bkl,lost
ISIC_0032349,akiec,akiec,bkl,lost
ISIC_0027708,akiec,akiec,bcc,lost
ISIC_0026625,akiec,akiec,mel,lost
ISIC_0028854,akiec,akiec,mel,lost
ISIC_0032422,akiec,akiec,mel,lost
ISIC_0024372,akiec,mel,akiec,gained
ISIC_0026992,akiec,akiec,mel,lost
ISIC_0029811,akiec,akiec,bkl,lost
ISIC_0026522,akiec,akiec,mel,lost
ISIC_0026492,akiec,mel,akiec,gained
ISIC_0029932,akiec,akiec,bcc,lost
ISIC_0024575,akiec,bkl,akiec,gained
ISIC_0031692,akiec,akiec,bcc,lost
ISIC_0025089,akiec,akiec,bkl,lost
ISIC_0029371,akiec,akiec,bcc,lost
ISIC_0030821,akiec,akiec,bkl,lost
ISIC_0031292,akiec,akiec,mel,lost
ISIC_0026083,akiec,bcc,akiec,gained
ISIC_0027343,akiec,nv,akiec,gained
ISIC_0030143,akiec,akiec,bkl,lost
ISIC_0032356,akiec,akiec,bcc,lost
ISIC_0026100,akiec,akiec,bcc,lost
ISIC_0029851,akiec,mel,akiec,gained
ISIC_0032397,akiec,akiec,nv,lost
ISIC_0031672,akiec,nv,akiec,gained
ISIC_0029268,akiec,akiec,bkl,lost
ISIC_0026178,akiec,akiec,bcc,lost
ISIC_0028499,akiec,akiec,bkl,lost
ISIC_0025577,akiec,bkl,akiec,gained
ISIC_0024579,akiec,akiec,bcc,lost
ISIC_0025803,akiec,bcc,akiec,gained
ISIC_0029549,akiec,akiec,bcc,lost
ISIC_0031228,akiec,nv,akiec,gained
ISIC_0024763,akiec,nv,akiec,gained
ISIC_0024468,akiec,akiec,bcc,lost
ISIC_0025957,akiec,akiec,bkl,lost
ISIC_0031927,akiec,df,akiec,gained
ISIC_0027550,akiec,akiec,mel,lost
ISIC_0027562,akiec,bkl,akiec,gained
ISIC_0025427,akiec,bcc,akiec,gained
ISIC_0032135,akiec,bkl,akiec,gained
ISIC_0026857,akiec,mel,akiec,gained
ISIC_0024654,akiec,akiec,bkl,lost
ISIC_0028820,akiec,akiec,mel,lost
ISIC_0029830,akiec,akiec,bkl,lost
ISIC_0027588,akiec,akiec,vasc,lost
ISIC_0029025,akiec,bcc,akiec,gained
ISIC_0026650,akiec,bcc,akiec,gained
ISIC_0033151,akiec,mel,akiec,gained
ISIC_0032947,akiec,bkl,akiec,gained
ISIC_0024948,akiec,akiec,bcc,lost
