field,category,class_name,fit_count,observed_class_lesions,likelihood
age_bin,0,akiec,0,145,0.006666666666666667
age_bin,1,akiec,1,145,0.013333333333333334
age_bin,2,akiec,24,145,0.16666666666666666
age_bin,3,akiec,92,145,0.62
age_bin,4,akiec,28,145,0.19333333333333333
age_bin,0,bcc,0,203,0.004807692307692308
age_bin,1,bcc,6,203,0.03365384615384615
age_bin,2,bcc,45,203,0.22115384615384615
age_bin,3,bcc,105,203,0.5096153846153846
age_bin,4,bcc,47,203,0.23076923076923078
age_bin,0,bkl,2,459,0.00646551724137931
age_bin,1,bkl,15,459,0.034482758620689655
age_bin,2,bkl,122,459,0.2650862068965517
age_bin,3,bkl,233,459,0.5043103448275862
age_bin,4,bkl,87,459,0.1896551724137931
age_bin,0,df,0,47,0.019230769230769232
age_bin,1,df,8,47,0.17307692307692307
age_bin,2,df,22,47,0.4423076923076923
age_bin,3,df,16,47,0.3269230769230769
age_bin,4,df,1,47,0.038461538461538464
age_bin,0,mel,1,369,0.0053475935828877
age_bin,1,mel,22,369,0.06149732620320856
age_bin,2,mel,116,369,0.31283422459893045
age_bin,3,mel,174,369,0.4679144385026738
age_bin,4,mel,56,369,0.15240641711229946
age_bin,0,nv,75,3607,0.021040974529346623
age_bin,1,nv,689,3607,0.19102990033222592
age_bin,2,nv,2119,3607,0.5869324473975637
age_bin,3,nv,657,3607,0.1821705426356589
age_bin,4,nv,67,3607,0.018826135105204873
age_bin,0,vasc,2,62,0.04477611940298507
age_bin,1,vasc,12,62,0.19402985074626866
age_bin,2,vasc,25,62,0.3880597014925373
age_bin,3,vasc,13,62,0.208955223880597
age_bin,4,vasc,10,62,0.16417910447761194
sex,female,akiec,58,145,0.4013605442176871
sex,male,akiec,87,145,0.5986394557823129
sex,female,bcc,70,203,0.3463414634146341
sex,male,bcc,133,203,0.6536585365853659
sex,female,bkl,192,459,0.41865509761388287
sex,male,bkl,267,459,0.5813449023861171
sex,female,df,27,47,0.5714285714285714
sex,male,df,20,47,0.42857142857142855
sex,female,mel,134,370,0.3629032258064516
sex,male,mel,236,370,0.6370967741935484
sex,female,nv,1722,3608,0.4772853185595568
sex,male,nv,1886,3608,0.5227146814404432
sex,female,vasc,28,62,0.453125
sex,male,vasc,34,62,0.546875
localization,abdomen,akiec,1,145,0.012578616352201259
localization,acral,akiec,0,145,0.006289308176100629
localization,back,akiec,12,145,0.08176100628930817
localization,chest,akiec,4,145,0.031446540880503145
localization,ear,akiec,1,145,0.012578616352201259
localization,face,akiec,45,145,0.2893081761006289
localization,foot,akiec,0,145,0.006289308176100629
localization,genital,akiec,0,145,0.006289308176100629
localization,hand,akiec,6,145,0.0440251572327044
localization,lower extremity,akiec,29,145,0.18867924528301888
localization,neck,akiec,7,145,0.050314465408805034
localization,scalp,akiec,3,145,0.025157232704402517
localization,trunk,akiec,0,145,0.006289308176100629
localization,upper extremity,akiec,37,145,0.2389937106918239
localization,abdomen,bcc,3,201,0.018604651162790697
localization,acral,bcc,0,201,0.004651162790697674
localization,back,bcc,80,201,0.3767441860465116
localization,chest,bcc,20,201,0.09767441860465116
localization,ear,bcc,0,201,0.004651162790697674
localization,face,bcc,37,201,0.17674418604651163
localization,foot,bcc,1,201,0.009302325581395349
localization,genital,bcc,0,201,0.004651162790697674
localization,hand,bcc,1,201,0.009302325581395349
localization,lower extremity,bcc,25,201,0.12093023255813953
localization,neck,bcc,7,201,0.037209302325581395
localization,scalp,bcc,4,201,0.023255813953488372
localization,trunk,bcc,4,201,0.023255813953488372
localization,upper extremity,bcc,19,201,0.09302325581395349
localization,abdomen,bkl,27,453,0.059957173447537475
localization,acral,bkl,0,453,0.0021413276231263384
localization,back,bkl,77,453,0.1670235546038544
localization,chest,bkl,30,453,0.06638115631691649
localization,ear,bkl,1,453,0.004282655246252677
localization,face,bkl,129,453,0.278372591006424
localization,foot,bkl,1,453,0.004282655246252677
localization,genital,bkl,0,453,0.0021413276231263384
localization,hand,bkl,9,453,0.021413276231263382
localization,lower extremity,bkl,70,453,0.15203426124197003
localization,neck,bkl,14,453,0.032119914346895075
localization,scalp,bkl,14,453,0.032119914346895075
localization,trunk,bkl,39,453,0.08565310492505353
localization,upper extremity,bkl,42,453,0.09207708779443255
localization,abdomen,df,1,47,0.03278688524590164
localization,acral,df,0,47,0.01639344262295082
localization,back,df,0,47,0.01639344262295082
localization,chest,df,0,47,0.01639344262295082
localization,ear,df,0,47,0.01639344262295082
localization,face,df,0,47,0.01639344262295082
localization,foot,df,1,47,0.03278688524590164
localization,genital,df,0,47,0.01639344262295082
localization,hand,df,0,47,0.01639344262295082
localization,lower extremity,df,35,47,0.5901639344262295
localization,neck,df,0,47,0.01639344262295082
localization,scalp,df,0,47,0.01639344262295082
localization,trunk,df,0,47,0.01639344262295082
localization,upper extremity,df,10,47,0.18032786885245902
localization,abdomen,mel,15,367,0.04199475065616798
localization,acral,mel,0,367,0.0026246719160104987
localization,back,mel,108,367,0.28608923884514437
localization,chest,mel,24,367,0.06561679790026247
localization,ear,mel,6,367,0.01837270341207349
localization,face,mel,43,367,0.11548556430446194
localization,foot,mel,11,367,0.031496062992125984
localization,genital,mel,0,367,0.0026246719160104987
localization,hand,mel,1,367,0.005249343832020997
localization,lower extremity,mel,54,367,0.14435695538057744
localization,neck,mel,7,367,0.02099737532808399
localization,scalp,mel,7,367,0.02099737532808399
localization,trunk,mel,18,367,0.049868766404199474
localization,upper extremity,mel,73,367,0.1942257217847769
localization,abdomen,nv,509,3526,0.1440677966101695
localization,acral,nv,2,3526,0.000847457627118644
localization,back,nv,691,3526,0.19548022598870057
localization,chest,nv,69,3526,0.01977401129943503
localization,ear,nv,10,3526,0.0031073446327683617
localization,face,nv,40,3526,0.011581920903954802
localization,foot,nv,155,3526,0.04406779661016949
localization,genital,nv,33,3526,0.0096045197740113
localization,hand,nv,20,3526,0.005932203389830509
localization,lower extremity,nv,840,3526,0.23757062146892655
localization,neck,nv,33,3526,0.0096045197740113
localization,scalp,nv,10,3526,0.0031073446327683617
localization,trunk,nv,790,3526,0.22344632768361583
localization,upper extremity,nv,324,3526,0.09180790960451977
localization,abdomen,vasc,14,62,0.19736842105263158
localization,acral,vasc,0,62,0.013157894736842105
localization,back,vasc,7,62,0.10526315789473684
localization,chest,vasc,2,62,0.039473684210526314
localization,ear,vasc,0,62,0.013157894736842105
localization,face,vasc,3,62,0.05263157894736842
localization,foot,vasc,0,62,0.013157894736842105
localization,genital,vasc,0,62,0.013157894736842105
localization,hand,vasc,2,62,0.039473684210526314
localization,lower extremity,vasc,11,62,0.15789473684210525
localization,neck,vasc,0,62,0.013157894736842105
localization,scalp,vasc,2,62,0.039473684210526314
localization,trunk,vasc,17,62,0.23684210526315788
localization,upper extremity,vasc,4,62,0.06578947368421052
