epoch,backbone_lr,lr_after,stage
1,0.0001,0.0001,head
2,0.0001,0.0001,head
3,0.0001,0.0001,last_stage
4,0.0001,0.0001,last_stage
5,0.0001,0.0001,last_stage
6,0.0001,0.0001,full
7,0.0001,0.0001,full
8,0.0001,0.0001,full
9,0.0001,0.0001,full
10,0.0001,7e-05,full
11,7e-05,7e-05,full
12,7e-05,7e-05,full
13,7e-05,7e-05,full
14,7e-05,7e-05,full
15,7e-05,7e-05,full
16,7e-05,7e-05,full
17,7e-05,7e-05,full
18,7e-05,7e-05,full
19,7e-05,7e-05,full
20,7e-05,4.899999999999999e-05,full
21,4.899999999999999e-05,4.899999999999999e-05,full
22,4.899999999999999e-05,4.899999999999999e-05,full
23,4.899999999999999e-05,4.899999999999999e-05,full
24,4.899999999999999e-05,4.899999999999999e-05,full
25,4.899999999999999e-05,4.899999999999999e-05,full
26,4.899999999999999e-05,4.899999999999999e-05,full
27,4.899999999999999e-05,4.899999999999999e-05,full
28,4.899999999999999e-05,4.899999999999999e-05,full
29,4.899999999999999e-05,4.899999999999999e-05,full
30,4.899999999999999e-05,3.4299999999999993e-05,full
31,3.4299999999999993e-05,3.4299999999999993e-05,full
32,3.4299999999999993e-05,3.4299999999999993e-05,full
33,3.4299999999999993e-05,3.4299999999999993e-05,full
34,3.4299999999999993e-05,3.4299999999999993e-05,full
35,3.4299999999999993e-05,3.4299999999999993e-05,full
36,3.4299999999999993e-05,3.4299999999999993e-05,full
37,3.4299999999999993e-05,3.4299999999999993e-05,full
38,3.4299999999999993e-05,3.4299999999999993e-05,full
39,3.4299999999999993e-05,3.4299999999999993e-05,full
40,3.4299999999999993e-05,2.4009999999999995e-05,full
41,2.4009999999999995e-05,2.4009999999999995e-05,full
42,2.4009999999999995e-05,2.4009999999999995e-05,full
43,2.4009999999999995e-05,2.4009999999999995e-05,full
