epoch,train_loss,train_accuracy,lr
1,1.2111841105434993,0.6643835616438356,0.001
2,0.7505076960341571,0.7696917808219178,0.0009939057285945933
3,0.5775804560478419,0.8101455479452054,0.0009757729755661012
4,0.44661970130384787,0.8476027397260274,0.0009460482294732422
5,0.35670060327608294,0.8722174657534246,0.0009054634122155991
6,0.28717951415336296,0.9030393835616438,0.0008550178566873411
7,0.2341746791993102,0.9154537671232876,0.0007959536998847743
8,0.18961716228968475,0.9306506849315068,0.0007297252973710758
9,0.15857509248060722,0.9368578767123288,0.0006579634122155991
10,0.13052067058543637,0.9539811643835616,0.0005824350601949144
11,0.10533244622080293,0.9670376712328768,0.0005050000000000001
12,0.09052756367480919,0.9719606164383562,0.000427564939805086
13,0.08031056760108635,0.9762414383561644,0.0003520365877844012
14,0.06968777892115997,0.9794520547945206,0.00028027470262892445
15,0.05994588994000056,0.9800941780821918,0.0002140463001152259
16,0.05299494879907125,0.9867294520547946,0.00015498214331265904
17,0.04996584156808788,0.9858732876712328,0.00010453658778440108
18,0.05046760581739961,0.988013698630137,6.395177052675796e-05
19,0.04813374017607676,0.986943493150685,3.422702443389901e-05
20,0.04705841306035649,0.9899400684931506,1.6094271405406862e-05
