image_id,lesion_id,true_class,predicted_class,correct,confidence,margin,true_probability,entropy,max_vote_agreement,members_correct,all_members_wrong,unanimous,train_lesion_shared,width,height,aspect_ratio,brightness,contrast,laplacian_variance,dark_border_fraction,dx_type,localization,age,sex,image_path,ConvNeXt-Tiny_prediction,ConvNeXt-Tiny_confidence,ConvNeXt-Small_prediction,ConvNeXt-Small_confidence,DenseNet201_prediction,DenseNet201_confidence,EfficientNetV2-S_prediction,EfficientNetV2-S_confidence,EfficientNet-B0_prediction,EfficientNet-B0_confidence
ISIC_0029059,HAM_0002771,akiec,bcc,False,0.9994510531425476,0.9992340413392867,0.00010413840946056167,0.0055265086437319075,5,0,True,True,False,600,450,1.3333333333333333,174.92538452148438,24.893306732177734,23.413043975830078,0.0,histo,lower extremity,80.0,female,data/raw/HAM10000/HAM10000_images_part_1/ISIC_0029059.jpg,bcc,0.999871015548706,bcc,0.999991774559021,bcc,0.9999216794967652,bcc,0.9975231289863586,bcc,0.9999476671218872
ISIC_0027302,HAM_0006497,mel,nv,False,0.9945601224899292,0.9893481626519134,0.005211959838015842,0.034946228524191825,5,0,True,True,False,600,450,1.3333333333333333,148.45506286621094,46.68008804321289,158.98306274414062,0.0,histo,lower extremity,35.0,female,data/raw/HAM10000/HAM10000_images_part_1/ISIC_0027302.jpg,nv,0.9988648891448976,nv,0.9997766613960266,nv,0.992515742778778,nv,0.9999829530715942,nv,0.9816603660583496
ISIC_0030365,HAM_0004801,bkl,mel,False,0.9738017439842224,0.9523162054189015,0.0018323260308534023,0.13780455798899127,5,0,True,True,False,600,450,1.3333333333333333,159.8997802734375,25.78936004638672,105.34893798828125,0.0,histo,back,50.0,male,data/raw/HAM10000/HAM10000_images_part_2/ISIC_0030365.jpg,mel,0.998629093170166,mel,0.9999282360076904,mel,0.9947392344474792,mel,0.9097012281417848,mel,0.9660109281539916
ISIC_0027663,HAM_0006355,mel,nv,False,0.9569515466690064,0.9185292693437078,0.00237338297592938,0.19729348443788722,5,0,True,True,False,600,450,1.3333333333333333,149.65235900878906,26.285358428955078,153.88877868652344,0.0,histo,back,40.0,male,data/raw/HAM10000/HAM10000_images_part_1/ISIC_0027663.jpg,nv,0.9923633337020874,nv,0.9961947202682496,nv,0.992605686187744,nv,0.995680570602417,nv,0.8079134225845337
ISIC_0031989,HAM_0007100,bkl,akiec,False,0.9552788853645324,0.925900411845214,0.01195061712860477,0.2216977302188205,5,0,True,True,False,600,450,1.3333333333333333,154.322998046875,22.668121337890625,57.356388092041016,0.0,histo,face,50.0,male,data/raw/HAM10000/HAM10000_images_part_2/ISIC_0031989.jpg,akiec,0.9105634689331056,akiec,0.9992473125457764,akiec,0.916702389717102,akiec,0.9998236298561096,akiec,0.9500576257705688
ISIC_0032207,HAM_0000513,mel,nv,False,0.9380432724952698,0.8896868507075851,0.01283984114415938,0.2684669377841739,5,0,True,True,False,600,450,1.3333333333333333,147.82687377929688,19.22080421447754,85.61186218261719,0.0,histo,upper extremity,35.0,female,data/raw/HAM10000/HAM10000_images_part_2/ISIC_0032207.jpg,nv,0.9979903697967528,nv,0.956748068332672,nv,0.9057785272598268,nv,0.9962064027786256,nv,0.8334929943084717
ISIC_0028173,HAM_0005927,mel,nv,False,0.9364963293075561,0.905550710539137,0.029934536090877335,0.2923707277911323,5,0,True,True,False,600,450,1.3333333333333333,158.03175354003906,23.33401107788086,76.9754867553711,0.0,histo,back,45.0,male,data/raw/HAM10000/HAM10000_images_part_1/ISIC_0028173.jpg,nv,0.6999786496162415,nv,0.9994394183158876,nv,0.987768828868866,nv,0.9998972415924072,nv,0.9953975081443788
ISIC_0028901,HAM_0006739,mel,nv,False,0.9359447836875916,0.8764187660533936,0.05952601763419799,0.25789718531684175,5,0,True,True,False,600,450,1.3333333333333333,127.00187683105469,24.743106842041016,38.14707946777344,0.0,histo,ear,35.0,female,data/raw/HAM10000/HAM10000_images_part_1/ISIC_0028901.jpg,nv,0.9751347899436952,nv,0.9971047043800354,nv,0.7190338373184204,nv,0.9915109276771544,nv,0.9969396591186525
ISIC_0030693,HAM_0005314,nv,bkl,False,0.9355995893478394,0.8826567659270951,0.05294282342074434,0.28456545686119467,5,0,True,True,False,600,450,1.3333333333333333,182.0009002685547,45.75910186767578,402.7409362792969,0.0,consensus,neck,40.0,male,data/raw/HAM10000/HAM10000_images_part_2/ISIC_0030693.jpg,bkl,0.987549602985382,bkl,0.7910862565040588,bkl,0.9798122644424438,bkl,0.9203281402587892,bkl,0.999221682548523
ISIC_0030273,HAM_0004524,nv,mel,False,0.9322896122932434,0.8681116168852896,0.0641779954079538,0.2627317851798169,5,0,True,True,True,600,450,1.3333333333333333,152.2310333251953,31.342571258544922,78.31396484375,0.0,histo,upper extremity,75.0,female,data/raw/HAM10000/HAM10000_images_part_2/ISIC_0030273.jpg,mel,0.995088517665863,mel,0.9946237802505492,mel,0.9942253232002258,mel,0.9881656169891356,mel,0.6893448233604431
ISIC_0033611,HAM_0000799,mel,nv,False,0.8942294716835022,0.7937400371301919,0.10048943455331023,0.3600861166672542,5,0,True,True,True,600,450,1.3333333333333333,112.67167663574219,48.95109558105469,65.26744842529297,0.29854910714285715,histo,upper extremity,65.0,male,data/raw/HAM10000/HAM10000_images_part_2/ISIC_0033611.jpg,nv,0.9764240980148317,nv,0.961666703224182,nv,0.9059946537017822,nv,0.6294611692428589,nv,0.9976007342338562
ISIC_0028611,HAM_0004695,bkl,akiec,False,0.8895042061805725,0.8470096727134659,0.00025667771105870104,0.48133244651620677,5,0,True,True,False,600,450,1.3333333333333333,146.8978729248047,22.119592666625977,35.00133514404297,0.0,histo,lower extremity,80.0,female,data/raw/HAM10000/HAM10000_images_part_1/ISIC_0028611.jpg,akiec,0.99942809343338,akiec,0.9318931698799132,akiec,0.9975221753120422,akiec,0.754104495048523,akiec,0.7645730972290039
ISIC_0026996,HAM_0004121,mel,nv,False,0.8872851610183716,0.7757147693715525,0.11157039164681917,0.3598302709494816,5,0,True,True,True,600,450,1.3333333333333333,140.49105834960938,16.398405075073242,33.00324630737305,0.0,histo,lower extremity,45.0,female,data/raw/HAM10000/HAM10000_images_part_1/ISIC_0026996.jpg,nv,0.9939786195755004,nv,0.9995651841163636,nv,0.7189583778381348,nv,0.7327045202255249,nv,0.9912191033363342
ISIC_0029891,HAM_0007227,df,bcc,False,0.872443163394928,0.8191792468278437,0.023057203614735018,0.5542014051552242,5,0,True,True,True,600,450,1.3333333333333333,152.08978271484375,30.504257202148438,146.7343292236328,0.0,histo,lower extremity,75.0,male,data/raw/HAM10000/HAM10000_images_part_2/ISIC_0029891.jpg,bcc,0.9985572695732116,bcc,0.9217032194137572,bcc,0.8526695370674133,bcc,0.9975147247314452,bcc,0.5917710661888123
ISIC_0027561,HAM_0004565,mel,bkl,False,0.8408073484897614,0.7265701486670878,0.11423719982267352,0.5367209872257457,4,1,False,False,False,600,450,1.3333333333333333,128.4720001220703,15.918533325195312,55.30545425415039,0.0,histo,upper extremity,70.0,female,data/raw/HAM10000/HAM10000_images_part_1/ISIC_0027561.jpg,bkl,0.981538951396942,bkl,0.9211812615394592,bkl,0.999117076396942,mel,0.4950697720050812,bkl,0.9421147108078004
ISIC_0028017,HAM_0000910,mel,nv,False,0.840038126707077,0.6892112715468102,0.15082685516026684,0.4770563501805654,4,1,False,False,True,600,450,1.3333333333333333,169.932373046875,26.324533462524414,28.408681869506836,0.0,histo,back,50.0,female,data/raw/HAM10000/HAM10000_images_part_1/ISIC_0028017.jpg,nv,0.9926807284355164,mel,0.6845802664756775,nv,0.9428584575653076,nv,0.999893069267273,nv,0.950107991695404
ISIC_0026959,HAM_0003426,bkl,nv,False,0.8292725026607514,0.6681194353848696,0.16115306727588172,0.4950372317176831,4,1,False,False,False,600,450,1.3333333333333333,141.10780334472656,17.5134220123291,93.14694213867188,0.0,consensus,lower extremity,75.0,male,data/raw/HAM10000/HAM10000_images_part_1/ISIC_0026959.jpg,nv,0.859377384185791,nv,0.954441249370575,nv,0.9976748824119568,nv,0.9968969821929932,bkl,0.6617170572280884
ISIC_0030552,HAM_0002897,mel,nv,False,0.8285390675067902,0.658518600356183,0.17002046715060712,0.46870428988593904,4,1,False,False,False,600,450,1.3333333333333333,154.61444091796875,17.29439353942871,30.905189514160156,0.0,histo,back,75.0,male,data/raw/HAM10000/HAM10000_images_part_2/ISIC_0030552.jpg,mel,0.7127689123153687,nv,0.9880119562149048,nv,0.948913276195526,nv,0.9989427924156188,nv,0.919965386390686
ISIC_0031510,HAM_0000525,nv,mel,False,0.8242857068777084,0.6548574887157883,0.16942821816192005,0.49846218184844343,4,1,False,False,False,600,450,1.3333333333333333,168.16015625,28.991836547851562,97.50833129882812,0.0,histo,neck,60.0,male,data/raw/HAM10000/HAM10000_images_part_2/ISIC_0031510.jpg,mel,0.991727352142334,mel,0.9996771812438964,mel,0.9142305850982666,mel,0.9788967967033386,nv,0.7543277144432068
ISIC_0028619,HAM_0001565,akiec,bkl,False,0.8174177825450897,0.6689604085346219,0.14845737401046782,0.5977692882976097,4,1,False,False,True,600,450,1.3333333333333333,141.11366271972656,48.115928649902344,46.69408416748047,0.011300223214285714,histo,face,60.0,female,data/raw/HAM10000/HAM10000_images_part_1/ISIC_0028619.jpg,akiec,0.5680198669433594,bkl,0.9416301250457764,bkl,0.999344289302826,bkl,0.7315983176231384,bkl,0.985752284526825
ISIC_0028335,HAM_0001219,akiec,bkl,False,0.8163572430610657,0.684588678367436,0.1317685646936297,0.6405189788944348,5,0,True,True,False,600,450,1.3333333333333333,173.4475860595703,16.04783821105957,39.658870697021484,0.0,histo,lower extremity,60.0,female,data/raw/HAM10000/HAM10000_images_part_1/ISIC_0028335.jpg,bkl,0.9753563404083252,bkl,0.7664743661880493,bkl,0.8441262245178223,bkl,0.7851882576942444,bkl,0.7106410264968872
ISIC_0034190,HAM_0003325,nv,vasc,False,0.8134247779846191,0.6289663082920015,0.18445846969261762,0.4946365089723287,4,1,False,False,False,600,450,1.3333333333333333,149.04197692871094,43.147926330566406,25.362964630126953,0.14034598214285715,histo,neck,20.0,female,data/raw/HAM10000/HAM10000_images_part_2/ISIC_0034190.jpg,nv,0.8842511773109436,vasc,0.9635875821113586,vasc,0.9972429275512696,vasc,0.996712327003479,vasc,0.9962794184684752
ISIC_0029141,HAM_0004592,akiec,bkl,False,0.8016761004924774,0.6114166181534528,0.1902594823390245,0.5416829767211181,4,1,False,False,True,600,450,1.3333333333333333,140.5625762939453,17.933677673339844,51.919776916503906,0.0,histo,face,60.0,female,data/raw/HAM10000/HAM10000_images_part_1/ISIC_0029141.jpg,bkl,0.9941813349723816,bkl,0.9400582313537598,bkl,0.9867587685585022,bkl,0.6902761459350586,akiec,0.5914876461029053
ISIC_0029945,HAM_0000324,nv,mel,False,0.7963581040501595,0.5942116200632882,0.20214648398687132,0.5148537520787234,4,1,False,False,False,600,450,1.3333333333333333,141.32200622558594,30.530393600463867,35.834110260009766,0.042271205357142856,histo,back,80.0,male,data/raw/HAM10000/HAM10000_images_part_2/ISIC_0029945.jpg,mel,0.9999381303787231,mel,0.9998379945755004,mel,0.9709601402282716,nv,0.9817341566085817,mel,0.9928612112998962
ISIC_0032509,HAM_0003335,mel,nv,False,0.7953951314091683,0.5993257281724028,0.1960694032367655,0.543508062632026,4,1,False,False,True,600,450,1.3333333333333333,148.16842651367188,25.314592361450195,14.764649391174316,0.014369419642857142,histo,foot,70.0,female,data/raw/HAM10000/HAM10000_images_part_2/ISIC_0032509.jpg,mel,0.9413769245147704,nv,0.9984315037727356,nv,0.9999902248382568,nv,0.9749870300292968,nv,0.945917785167694
ISIC_0026930,HAM_0002970,mel,nv,False,0.7948887154459954,0.6053288905037335,0.18955982494226187,0.5777349392420611,4,1,False,False,True,600,450,1.3333333333333333,156.7684783935547,28.064233779907227,44.263492584228516,0.0,histo,chest,60.0,male,data/raw/HAM10000/HAM10000_images_part_1/ISIC_0026930.jpg,nv,0.9998341798782348,nv,0.9987922310829164,nv,0.9219508767127992,nv,0.9854249358177184,mel,0.9157351851463318
ISIC_0024913,HAM_0001495,akiec,bcc,False,0.7880928039550781,0.5989148648455739,0.1891779391095042,0.6105162984706849,4,1,False,False,False,600,450,1.3333333333333333,158.5305938720703,14.040164947509766,97.32251739501953,0.0,histo,back,85.0,male,data/raw/HAM10000/HAM10000_images_part_1/ISIC_0024913.jpg,bcc,0.9843674302101136,bcc,0.9415366649627686,bcc,0.9636678099632264,akiec,0.6169840693473816,bcc,0.7548599243164062
ISIC_0029843,HAM_0006257,mel,nv,False,0.7813528656959534,0.5628623135387898,0.21849055215716362,0.5266615614814115,4,1,False,False,False,600,450,1.3333333333333333,153.27569580078125,28.489797592163086,102.33853149414062,0.0,histo,neck,70.0,male,data/raw/HAM10000/HAM10000_images_part_2/ISIC_0029843.jpg,mel,0.7112941741943359,nv,0.8332709670066833,nv,0.7974533438682556,nv,0.9949157238006592,nv,0.9926106333732604
ISIC_0029837,HAM_0002127,bkl,nv,False,0.7753224313259125,0.5515823667170481,0.22374006460886445,0.5400768482998352,4,1,False,False,True,600,450,1.3333333333333333,137.17918395996094,28.05860137939453,269.5014953613281,0.0,histo,face,40.0,male,data/raw/HAM10000/HAM10000_images_part_2/ISIC_0029837.jpg,bkl,0.6931226253509521,nv,0.9350698590278624,nv,0.9949423670768738,nv,0.9991878867149352,nv,0.6410398483276367
ISIC_0033795,HAM_0006520,nv,mel,False,0.7624835848808289,0.5498329311609269,0.21265065371990205,0.6416404677422717,3,2,False,False,True,600,450,1.3333333333333333,143.65956115722656,47.010040283203125,34.188499450683594,0.0,histo,back,65.0,male,data/raw/HAM10000/HAM10000_images_part_2/ISIC_0033795.jpg,mel,0.9761924147605896,mel,0.9583696722984314,nv,0.4624989628791809,mel,0.9958851933479308,nv,0.5581237077713013
ISIC_0031301,HAM_0000922,nv,mel,False,0.7557552393525839,0.5985943057661645,0.07212460797745728,0.7715499015578902,4,0,True,False,True,600,450,1.3333333333333333,157.38917541503906,41.3514518737793,55.52358627319336,0.0,histo,upper extremity,55.0,male,data/raw/HAM10000/HAM10000_images_part_2/ISIC_0031301.jpg,bkl,0.7155436873435974,mel,0.995638072490692,mel,0.9339919686317444,mel,0.9656429886817932,mel,0.8610568046569824
ISIC_0031789,HAM_0002717,bcc,nv,False,0.7498171524610371,0.5497545856866055,0.02355322977527968,0.7476646494248046,4,0,True,False,True,600,450,1.3333333333333333,154.03318786621094,38.15667724609375,49.69951248168945,0.0,histo,face,75.0,male,data/raw/HAM10000/HAM10000_images_part_2/ISIC_0031789.jpg,mel,0.9021185040473938,nv,0.8671912550926208,nv,0.9656358361244202,nv,0.9469048380851746,nv,0.9664202332496644
ISIC_0029394,HAM_0004566,bkl,nv,False,0.7454161405563354,0.5765016037330497,0.05231464736134511,0.8168458628016039,5,0,True,True,False,600,450,1.3333333333333333,160.42337036132812,30.684064865112305,61.06435012817383,0.0,histo,lower extremity,55.0,female,data/raw/HAM10000/HAM10000_images_part_2/ISIC_0029394.jpg,nv,0.9994089603424072,nv,0.9995834231376648,nv,0.6896769404411316,nv,0.5287959575653076,nv,0.509615421295166
ISIC_0030608,HAM_0007029,bkl,nv,False,0.7294018168991897,0.4690652251301799,0.2603365917690098,0.6299884356521819,4,1,False,False,False,600,450,1.3333333333333333,151.40162658691406,30.612289428710938,356.8984680175781,0.0,histo,back,45.0,male,data/raw/HAM10000/HAM10000_images_part_2/ISIC_0030608.jpg,nv,0.9013670086860656,bkl,0.9996317625045776,nv,0.9902793765068054,nv,0.8701738119125366,nv,0.8849108815193176
ISIC_0032270,HAM_0005270,vasc,nv,False,0.7064625084400177,0.4227944578044116,0.2836680506356061,0.654380635092619,3,2,False,False,False,600,450,1.3333333333333333,143.92205810546875,45.10209274291992,99.68206787109375,0.0,histo,lower extremity,70.0,female,data/raw/HAM10000/HAM10000_images_part_2/ISIC_0032270.jpg,nv,0.9985085129737854,nv,0.9996681213378906,vasc,0.7070481777191162,vasc,0.6104053258895874,nv,0.8920701146125793
ISIC_0028489,HAM_0005785,mel,nv,False,0.7058367740362883,0.5553808360127733,0.15045593802351495,0.8160716234908878,4,0,True,False,True,600,450,1.3333333333333333,167.07313537597656,27.42919158935547,25.524160385131836,0.0,histo,upper extremity,70.0,male,data/raw/HAM10000/HAM10000_images_part_1/ISIC_0028489.jpg,nv,0.9306865334510804,bkl,0.5110585689544678,nv,0.8999497294425964,nv,0.97199684381485,nv,0.7072505354881287
ISIC_0033586,HAM_0000799,mel,nv,False,0.7039373174309731,0.43979356624186045,0.26414375118911265,0.7101160196230275,4,1,False,False,True,600,450,1.3333333333333333,168.85574340820312,40.129119873046875,97.69310760498047,0.0,histo,upper extremity,65.0,male,data/raw/HAM10000/HAM10000_images_part_2/ISIC_0033586.jpg,nv,0.625410258769989,nv,0.9602692723274232,mel,0.8983027338981628,nv,0.9896997809410096,nv,0.8437171578407288
ISIC_0031999,HAM_0003531,mel,nv,False,0.7034900486469269,0.4323792301118374,0.2711108185350895,0.7072753745348794,4,1,False,False,False,600,450,1.3333333333333333,159.29165649414062,27.99221420288086,35.07622528076172,0.0,histo,face,40.0,male,data/raw/HAM10000/HAM10000_images_part_2/ISIC_0031999.jpg,nv,0.9968997240066528,mel,0.6187233328819275,nv,0.4650825262069702,nv,0.9951336979866028,nv,0.6791499257087708
ISIC_0026404,HAM_0003727,nv,bkl,False,0.695340833812952,0.49240491786040363,0.00988961892144285,0.8510257492807866,4,0,True,False,False,600,450,1.3333333333333333,169.61172485351562,9.817436218261719,22.32332992553711,0.0,histo,back,60.0,male,data/raw/HAM10000/HAM10000_images_part_1/ISIC_0026404.jpg,bkl,0.978872776031494,bkl,0.9986405968666076,bkl,0.9947991371154784,bkl,0.4702263176441192,akiec,0.9573984146118164
ISIC_0027334,HAM_0004462,akiec,bcc,False,0.6886224666261114,0.40703909214353184,0.0131314922124147,0.746646941744181,4,0,True,False,False,600,450,1.3333333333333333,192.87188720703125,25.61549186706543,33.52145767211914,0.0,histo,trunk,45.0,male,data/raw/HAM10000/HAM10000_images_part_1/ISIC_0027334.jpg,bcc,0.8161047101020813,bcc,0.6451003551483154,bcc,0.9906803965568542,df,0.9983108043670654,bcc,0.9906103014945984
ISIC_0026414,HAM_0001022,nv,mel,False,0.687349334359169,0.5461488695462322,0.10347501875367011,0.9606218207921573,4,0,True,False,False,600,450,1.3333333333333333,166.04090881347656,25.579092025756836,120.24240112304688,0.0,histo,lower extremity,80.0,male,data/raw/HAM10000/HAM10000_images_part_1/ISIC_0026414.jpg,mel,0.8265495300292969,mel,0.9996490478515624,mel,0.6921529173851013,akiec,0.5656993985176086,mel,0.7032601237297058
ISIC_0028528,HAM_0000324,nv,mel,False,0.6858728043735027,0.43461047573946415,0.2512623286340386,0.7851387096354414,4,1,False,False,False,600,450,1.3333333333333333,146.91677856445312,47.13651657104492,47.4567756652832,0.0,histo,back,80.0,male,data/raw/HAM10000/HAM10000_images_part_1/ISIC_0028528.jpg,mel,0.9975613355636596,mel,0.8654851913452148,mel,0.9132644534111024,nv,0.9442721605300904,mel,0.5985175371170044
ISIC_0025724,HAM_0003520,mel,nv,False,0.6803684562444687,0.4484721158398316,0.23189634040463716,0.9043564326725542,4,1,False,False,True,600,450,1.3333333333333333,170.55691528320312,18.386066436767578,14.746123313903809,0.0,histo,abdomen,45.0,female,data/raw/HAM10000/HAM10000_images_part_1/ISIC_0025724.jpg,mel,0.7760598659515381,nv,0.6949512362480164,nv,0.9949232935905457,nv,0.5860766768455505,nv,0.9570700526237488
ISIC_0031506,HAM_0006902,akiec,bkl,False,0.6763405919075012,0.39121688902378077,0.015201481740223177,0.7851454356454257,4,0,True,False,False,600,450,1.3333333333333333,120.30321502685547,22.06549835205078,302.7349548339844,0.0,histo,hand,70.0,male,data/raw/HAM10000/HAM10000_images_part_2/ISIC_0031506.jpg,bkl,0.8525820970535278,bkl,0.6599155068397522,bkl,0.8000479340553284,bkl,0.6489622592926025,bcc,0.5621309280395508
ISIC_0034086,HAM_0003460,nv,mel,False,0.6681223544757813,0.33810250675305725,0.330019847722724,0.6479929490175151,4,1,False,False,True,600,450,1.3333333333333333,137.5342254638672,40.1328010559082,81.51793670654297,0.0,histo,back,50.0,male,data/raw/HAM10000/HAM10000_images_part_2/ISIC_0034086.jpg,mel,0.999386429786682,mel,0.9976735711097716,mel,0.5374496579170227,nv,0.9975417852401732,mel,0.8036914467811584
ISIC_0026765,HAM_0001474,akiec,bcc,False,0.6635948300361634,0.3298632832244039,0.3337315468117595,0.6576719883922817,4,1,False,False,False,600,450,1.3333333333333333,195.87208557128906,26.989185333251953,57.14371871948242,0.0,histo,chest,55.0,female,data/raw/HAM10000/HAM10000_images_part_1/ISIC_0026765.jpg,bcc,0.9181637763977052,bcc,0.990706741809845,akiec,0.8658789992332458,bcc,0.5473400354385376,bcc,0.7287171483039856
ISIC_0029912,HAM_0001469,bkl,nv,False,0.6568291708827019,0.48768771325703714,0.16914145762566474,0.9853102451030287,3,1,False,False,True,600,450,1.3333333333333333,165.43150329589844,35.60690689086914,18.17366600036621,0.0,histo,trunk,60.0,female,data/raw/HAM10000/HAM10000_images_part_2/ISIC_0029912.jpg,nv,0.9543067216873168,bkl,0.628912091255188,nv,0.9974067807197572,nv,0.8698291778564453,vasc,0.615084171295166
ISIC_0033794,HAM_0007052,nv,bkl,False,0.652010643016547,0.3060315380804241,0.3459791049361229,0.6596798322701389,4,1,False,False,False,600,450,1.3333333333333333,151.4418487548828,27.141855239868164,62.61650848388672,0.0,histo,abdomen,50.0,male,data/raw/HAM10000/HAM10000_images_part_2/ISIC_0033794.jpg,bkl,0.952365517616272,bkl,0.6884294152259827,nv,0.992556929588318,bkl,0.8090656399726868,bkl,0.8033194541931152
ISIC_0025642,HAM_0007409,bkl,nv,False,0.647932356595993,0.39875429049134253,0.1000512813974637,0.8770084594503533,3,1,False,False,True,600,450,1.3333333333333333,153.18582153320312,18.4089298248291,28.576919555664062,0.0,histo,upper extremity,50.0,male,data/raw/HAM10000/HAM10000_images_part_1/ISIC_0025642.jpg,nv,0.7812780141830444,bkl,0.3844419419765472,mel,0.7393084168434143,nv,0.9515493512153624,nv,0.9638054370880128
ISIC_0029562,HAM_0005719,mel,nv,False,0.6444839306175709,0.4371274373203051,0.033526188292307725,1.002350827715107,4,0,True,False,True,600,450,1.3333333333333333,150.9517059326172,31.981048583984375,91.87068176269531,0.026227678571428572,histo,upper extremity,40.0,female,data/raw/HAM10000/HAM10000_images_part_2/ISIC_0029562.jpg,nv,0.7553552389144897,nv,0.9745230674743652,bkl,0.936224102973938,nv,0.9798043966293336,nv,0.4561266601085663
ISIC_0030356,HAM_0005481,mel,nv,False,0.6426503866910934,0.3657834268175066,0.27686695987358684,0.9105094529559321,3,2,False,False,True,600,450,1.3333333333333333,147.18734741210938,57.147911071777344,55.211246490478516,0.0,histo,lower extremity,45.0,male,data/raw/HAM10000/HAM10000_images_part_2/ISIC_0030356.jpg,nv,0.9840427041053772,mel,0.834854006767273,nv,0.99354749917984,nv,0.9565219879150392,mel,0.4884407818317413
ISIC_0027335,HAM_0006670,bkl,mel,False,0.6388909935951232,0.3982696125283837,0.24062138106673953,0.9051406086120174,3,1,False,False,False,600,450,1.3333333333333333,173.2366943359375,25.087278366088867,130.32933044433594,0.0,histo,back,75.0,male,data/raw/HAM10000/HAM10000_images_part_1/ISIC_0027335.jpg,bkl,0.5093271732330322,nv,0.4078592658042907,mel,0.9827623963356018,mel,0.993309736251831,mel,0.504740834236145
ISIC_0034222,HAM_0002235,mel,nv,False,0.6320735175162554,0.27363974084146325,0.35843377667479215,0.7069795127884144,3,2,False,False,True,600,450,1.3333333333333333,148.33566284179688,21.01737403869629,74.85706329345703,0.0,histo,back,30.0,male,data/raw/HAM10000/HAM10000_images_part_2/ISIC_0034222.jpg,mel,0.9704233407974244,nv,0.9990090131759644,nv,0.967886209487915,nv,0.7861997485160828,mel,0.6096981763839722
ISIC_0034188,HAM_0003506,mel,nv,False,0.6309050783514977,0.301308656577021,0.3295964217744767,0.8158139942117414,3,2,False,False,True,600,450,1.3333333333333333,131.69529724121094,47.58378982543945,80.6709213256836,0.2573939732142857,histo,upper extremity,70.0,male,data/raw/HAM10000/HAM10000_images_part_2/ISIC_0034188.jpg,nv,0.9831672310829164,mel,0.6594942212104797,nv,0.936826229095459,nv,0.8368934392929077,mel,0.9193610548973083
ISIC_0025986,HAM_0006123,bkl,nv,False,0.6303764671087265,0.28226764984428887,0.34810881726443765,0.7501762046043308,3,2,False,False,True,600,450,1.3333333333333333,193.03240966796875,60.99554443359375,34.04064178466797,0.0,histo,back,70.0,female,data/raw/HAM10000/HAM10000_images_part_1/ISIC_0025986.jpg,bkl,0.9541513919830322,nv,0.9532431960105896,nv,0.9735165238380432,bkl,0.6517806053161621,nv,0.8468841910362244
ISIC_0028132,HAM_0005413,akiec,bcc,False,0.6144151924178004,0.22959080114960667,0.38482439126819373,0.6733300729498465,3,2,False,False,True,600,450,1.3333333333333333,176.40013122558594,9.452295303344727,28.123905181884766,0.0,histo,face,80.0,female,data/raw/HAM10000/HAM10000_images_part_1/ISIC_0028132.jpg,akiec,0.9926655888557434,akiec,0.8781097531318665,bcc,0.9923473596572876,bcc,0.9546751379966736,bcc,0.996468186378479
ISIC_0025784,HAM_0003652,nv,mel,False,0.610420873388648,0.24885903411195615,0.3615618392766919,0.7874238577026571,3,2,False,False,True,600,450,1.3333333333333333,177.73602294921875,20.06757926940918,22.4649600982666,0.0,histo,chest,30.0,male,data/raw/HAM10000/HAM10000_images_part_1/ISIC_0025784.jpg,mel,0.999502182006836,mel,0.8831873536109924,nv,0.98537677526474,mel,0.8246504068374634,nv,0.5622830986976624
ISIC_0029719,HAM_0003692,nv,mel,False,0.5981531053781509,0.3035367392003536,0.2946163661777973,0.9583333113342234,4,1,False,False,True,600,450,1.3333333333333333,193.70579528808594,41.10298538208008,38.8683967590332,0.0,histo,back,45.0,female,data/raw/HAM10000/HAM10000_images_part_2/ISIC_0029719.jpg,mel,0.8073424696922302,mel,0.6193141341209412,nv,0.7936273217201233,mel,0.9384018778800964,mel,0.5129266977310181
ISIC_0026923,HAM_0000198,bkl,akiec,False,0.5924000343540683,0.19876913039479405,0.39363090395927425,0.7390072625642626,3,2,False,False,False,600,450,1.3333333333333333,165.97727966308594,12.182570457458496,20.47760009765625,0.0,histo,lower extremity,75.0,male,data/raw/HAM10000/HAM10000_images_part_1/ISIC_0026923.jpg,akiec,0.9899556636810304,akiec,0.9794615507125854,bkl,0.9990901947021484,akiec,0.9698379039764404,bkl,0.9101600050926208
ISIC_0026085,HAM_0001858,bkl,mel,False,0.5890394280198962,0.21224600039422514,0.37679342762567103,0.8061611857137765,3,2,False,False,False,600,450,1.3333333333333333,169.4913330078125,42.39348220825195,163.89430236816406,0.0,histo,scalp,85.0,male,data/raw/HAM10000/HAM10000_images_part_1/ISIC_0026085.jpg,mel,0.8975438475608826,mel,0.9853175282478333,bkl,0.9949547648429872,bkl,0.8161267042160034,mel,0.925364911556244
ISIC_0025128,HAM_0006899,mel,nv,False,0.5835504859685898,0.22930969148874286,0.35424079447984697,0.8667539331732889,3,3,False,False,True,600,450,1.3333333333333333,172.06082153320312,18.128904342651367,13.511390686035156,0.0,histo,lower extremity,80.0,female,data/raw/HAM10000/HAM10000_images_part_1/ISIC_0025128.jpg,mel,0.5413444638252258,mel,0.5070182085037231,nv,0.9860040545463562,nv,0.9419034123420716,mel,0.6581834554672241
ISIC_0025489,HAM_0002770,mel,nv,False,0.5772039622068406,0.15779752321541313,0.41940643899142743,0.7030839651966181,3,2,False,False,False,600,450,1.3333333333333333,152.71966552734375,29.441593170166016,18.794801712036133,0.0,histo,back,30.0,male,data/raw/HAM10000/HAM10000_images_part_1/ISIC_0025489.jpg,mel,0.9256259202957152,nv,0.8192869424819946,mel,0.7170076966285706,nv,0.9610230922698976,nv,0.7507055997848511
ISIC_0026984,HAM_0001903,akiec,bkl,False,0.5761905506253242,0.2324138047173619,0.3437767459079623,0.9298509680917363,3,2,False,False,False,600,450,1.3333333333333333,164.15194702148438,23.432470321655273,63.59663391113281,0.0,histo,face,50.0,male,data/raw/HAM10000/HAM10000_images_part_1/ISIC_0026984.jpg,akiec,0.9313939213752748,akiec,0.7658926844596863,bkl,0.9820128083229064,bkl,0.9848871827125548,bkl,0.6472834944725037
ISIC_0032978,HAM_0000779,bkl,mel,False,0.5720761883771047,0.16366391687188298,0.40841227150522175,0.7654502511275725,3,2,False,False,False,600,450,1.3333333333333333,121.88932800292969,50.18757629394531,120.51461029052734,0.27804129464285715,histo,chest,70.0,male,data/raw/HAM10000/HAM10000_images_part_2/ISIC_0032978.jpg,bkl,0.9983030557632446,bkl,0.9969404935836792,mel,0.9623714685440063,mel,0.9987128973007202,mel,0.894813597202301
ISIC_0034064,HAM_0002235,mel,nv,False,0.5624192425049841,0.17309648861410093,0.04713431148702506,0.8437022984311657,3,0,True,False,True,600,450,1.3333333333333333,126.99488067626953,47.45854568481445,72.25444030761719,0.30385044642857145,histo,back,30.0,male,data/raw/HAM10000/HAM10000_images_part_2/ISIC_0034064.jpg,bcc,0.9116089344024658,nv,0.9995775818824768,bcc,0.8368728756904602,nv,0.8468385338783264,nv,0.8040090799331665
ISIC_0032812,HAM_0005748,mel,nv,False,0.5621685564517975,0.12526628552004698,0.43690227093175055,0.6933949954636633,3,3,False,False,True,600,450,1.3333333333333333,169.1988983154297,27.795228958129883,67.07975006103516,0.0,histo,trunk,50.0,male,data/raw/HAM10000/HAM10000_images_part_2/ISIC_0032812.jpg,mel,0.6220388412475586,mel,0.5475788116455078,nv,0.9922541379928588,mel,0.7130239009857178,nv,0.7049382328987122
ISIC_0030830,HAM_0006794,df,nv,False,0.5595448702573776,0.17147067338228233,0.3880741968750953,0.8613143498152307,3,2,False,False,False,600,450,1.3333333333333333,158.44500732421875,34.53365707397461,61.06125259399414,0.0,consensus,genital,50.0,female,data/raw/HAM10000/HAM10000_images_part_2/ISIC_0030830.jpg,df,0.8354195356369019,nv,0.8857049345970154,nv,0.7605084776878357,nv,0.9714359641075134,df,0.7594953775405884
ISIC_0033154,HAM_0005336,mel,nv,False,0.5504838347434997,0.10332193225622172,0.447161902487278,0.7038067212826249,3,2,False,False,True,600,450,1.3333333333333333,140.21926879882812,47.958255767822266,140.95489501953125,0.0,histo,trunk,30.0,male,data/raw/HAM10000/HAM10000_images_part_2/ISIC_0033154.jpg,nv,0.6959000825881958,mel,0.9105316400527954,nv,0.8863115906715393,nv,0.663031816482544,mel,0.5822200179100037
ISIC_0032552,HAM_0001105,mel,nv,False,0.5448215812444687,0.22711966694332664,0.31770191430114203,0.9875836897234586,3,2,False,False,True,600,450,1.3333333333333333,167.4342041015625,34.0674934387207,21.13665199279785,0.0,histo,lower extremity,55.0,female,data/raw/HAM10000/HAM10000_images_part_2/ISIC_0032552.jpg,mel,0.8825657367706299,nv,0.7547630667686462,nv,0.6256662607192993,nv,0.9594326019287108,mel,0.5949320197105408
ISIC_0033414,HAM_0001384,bkl,nv,False,0.5442704886892897,0.08912234663694102,0.4551481420523487,0.6942547272176668,3,2,False,False,True,600,450,1.3333333333333333,153.4556121826172,16.470455169677734,56.78096008300781,0.0,histo,back,70.0,male,data/raw/HAM10000/HAM10000_images_part_2/ISIC_0033414.jpg,bkl,0.9999313354492188,bkl,0.9999637603759766,nv,0.9921299815177916,nv,0.9995375871658324,nv,0.72963947057724
ISIC_0030743,HAM_0003513,nv,bkl,False,0.5419965783134103,0.10124323861673479,0.4407533396966755,0.7699820459018767,3,2,False,False,False,600,450,1.3333333333333333,151.52037048339844,11.674308776855469,107.22792053222656,0.0,follow_up,upper extremity,60.0,male,data/raw/HAM10000/HAM10000_images_part_2/ISIC_0030743.jpg,bkl,0.9997044205665588,nv,0.8942490816116333,bkl,0.5956012606620789,nv,0.988885760307312,bkl,0.9989884495735168
ISIC_0029054,HAM_0005822,nv,mel,False,0.5403286218643188,0.1611755184829236,0.37915310338139524,0.9323382986233237,3,2,False,False,False,600,450,1.3333333333333333,182.27389526367188,34.86771774291992,57.153778076171875,0.0,histo,upper extremity,45.0,male,data/raw/HAM10000/HAM10000_images_part_1/ISIC_0029054.jpg,nv,0.7153125405311584,mel,0.949585497379303,mel,0.537794828414917,mel,0.8693198561668396,nv,0.9382163882255554
ISIC_0024562,HAM_0002745,akiec,mel,False,0.5375190615653992,0.13681374248699285,0.01262367518502282,0.9472618581824426,3,0,True,False,False,600,450,1.3333333333333333,171.822265625,25.712862014770508,469.48284912109375,0.0,histo,chest,75.0,male,data/raw/HAM10000/HAM10000_images_part_1/ISIC_0024562.jpg,mel,0.7110692858695984,mel,0.9985696077346802,nv,0.7284250259399414,nv,0.7872615456581116,mel,0.6881804466247559
ISIC_0027767,HAM_0003934,akiec,bkl,False,0.5362733896821738,0.3254430759698153,0.10822719354182478,1.2811803599940526,3,1,False,False,False,600,450,1.3333333333333333,178.18569946289062,27.780384063720703,69.57191467285156,0.0,histo,back,85.0,male,data/raw/HAM10000/HAM10000_images_part_1/ISIC_0027767.jpg,bkl,0.9098742008209229,bkl,0.9859800934791564,bkl,0.4556288421154022,bcc,0.6147762537002563,akiec,0.4949217438697815
ISIC_0033468,HAM_0000795,bcc,mel,False,0.5339828283293173,0.07515830032061788,0.45882452800869944,0.7376481082034213,3,2,False,False,True,600,450,1.3333333333333333,160.21141052246094,65.30958557128906,72.54571533203125,0.0,histo,back,80.0,female,data/raw/HAM10000/HAM10000_images_part_2/ISIC_0033468.jpg,mel,0.9266191124916076,bcc,0.9666778445243835,mel,0.7610960006713867,bcc,0.9954108595848083,mel,0.9479652643203736
ISIC_0033722,HAM_0006438,bkl,nv,False,0.5137346108444035,0.029177944455295812,0.4845566663891077,0.7053422608567252,3,2,False,False,False,600,450,1.3333333333333333,142.6028594970703,25.485126495361328,116.51676940917969,0.0,consensus,chest,50.0,female,data/raw/HAM10000/HAM10000_images_part_2/ISIC_0033722.jpg,nv,0.626602292060852,nv,0.9805319905281068,nv,0.915109634399414,bkl,0.9931790828704834,bkl,0.9599064588546752
ISIC_0025179,HAM_0005762,nv,bkl,False,0.5133382733911276,0.04436939284205438,0.4689688805490732,0.7862412427134997,3,2,False,False,True,600,450,1.3333333333333333,186.05743408203125,20.935495376586914,20.427457809448242,0.0,histo,lower extremity,65.0,female,data/raw/HAM10000/HAM10000_images_part_1/ISIC_0025179.jpg,bkl,0.8838909864425659,bkl,0.6856002807617188,nv,0.9537333846092224,nv,0.971869945526123,bkl,0.9530423283576964
ISIC_0024886,HAM_0001353,mel,bkl,False,0.5095333276316524,0.23365514865145087,0.2758781789802015,1.0665245708328752,2,2,False,False,True,600,450,1.3333333333333333,136.0541229248047,9.48707389831543,26.282663345336914,0.0,histo,face,55.0,female,data/raw/HAM10000/HAM10000_images_part_1/ISIC_0024886.jpg,nv,0.5065982937812805,mel,0.7816097736358643,bkl,0.816539466381073,bkl,0.9805583357810974,mel,0.378160297870636
ISIC_0027235,HAM_0003091,nv,mel,False,0.5022416308522224,0.005242646276019447,0.49699898457620295,0.6998867104927237,3,2,False,False,True,600,450,1.3333333333333333,149.20571899414062,34.387542724609375,31.028242111206055,0.04282924107142857,histo,unknown,25.0,female,data/raw/HAM10000/HAM10000_images_part_1/ISIC_0027235.jpg,mel,0.9983224272727966,mel,0.870132565498352,nv,0.923397660255432,nv,0.9672700762748718,mel,0.5369099974632263
ISIC_0027991,HAM_0002722,bkl,mel,False,0.4979929082095623,0.17711104741320016,0.32088186079636216,1.060577762901889,3,1,False,False,True,600,450,1.3333333333333333,123.92108154296875,20.69436264038086,39.21629333496094,0.0,histo,back,55.0,male,data/raw/HAM10000/HAM10000_images_part_1/ISIC_0027991.jpg,bkl,0.8304786682128906,mel,0.65855872631073,nv,0.7661831378936768,mel,0.7316985130310059,mel,0.9007875323295592
ISIC_0028453,HAM_0002856,nv,vasc,False,0.49764300882816315,0.15866038873791694,0.3389826200902462,1.1186136864855878,3,1,False,False,True,600,450,1.3333333333333333,179.27919006347656,12.6532564163208,27.870161056518555,0.0,histo,upper extremity,70.0,male,data/raw/HAM10000/HAM10000_images_part_1/ISIC_0028453.jpg,vasc,0.9578661918640136,nv,0.9247980117797852,vasc,0.7585776448249817,vasc,0.5181962251663208,df,0.3643642663955688
ISIC_0031603,HAM_0002128,nv,mel,False,0.49597847322002053,0.028433471266180288,0.46754500195384024,0.8553069326414559,3,2,False,False,False,600,450,1.3333333333333333,168.77560424804688,36.290199279785156,101.28463745117188,0.0,histo,scalp,35.0,female,data/raw/HAM10000/HAM10000_images_part_2/ISIC_0031603.jpg,mel,0.9470126628875732,mel,0.8428676128387451,nv,0.9043166041374208,nv,0.9960559606552124,mel,0.6691404581069946
ISIC_0024782,HAM_0004004,bkl,mel,False,0.48896445278078315,0.19876653989776966,0.2103985641151666,1.0948790351503674,3,1,False,False,True,600,450,1.3333333333333333,162.93450927734375,20.505779266357422,70.23865509033203,0.0,consensus,chest,65.0,female,data/raw/HAM10000/HAM10000_images_part_1/ISIC_0024782.jpg,mel,0.988349676132202,bkl,0.972848415374756,mel,0.8589240908622742,nv,0.957251787185669,mel,0.5595323443412781
ISIC_0032220,HAM_0003521,mel,bcc,False,0.4875043123960495,0.22752262009307744,0.2599816923029721,1.2236902236821003,2,2,False,False,True,600,450,1.3333333333333333,158.93833923339844,22.231061935424805,104.53205871582031,0.0,histo,back,70.0,female,data/raw/HAM10000/HAM10000_images_part_2/ISIC_0032220.jpg,mel,0.773897111415863,bcc,0.943327009677887,bcc,0.9813156723976136,mel,0.5081613063812256,nv,0.7640493512153625
ISIC_0027218,HAM_0001738,bkl,nv,False,0.48464577943086623,0.009016816318035137,0.4756289631128311,0.8417956322292465,3,2,False,False,False,600,450,1.3333333333333333,161.79188537597656,42.758121490478516,47.27524185180664,0.0,histo,lower extremity,50.0,female,data/raw/HAM10000/HAM10000_images_part_1/ISIC_0027218.jpg,nv,0.7855841517448425,bkl,0.9770168662071228,nv,0.7190544605255127,bkl,0.9089447855949402,nv,0.8091526627540588
ISIC_0028926,HAM_0000720,df,bcc,False,0.47152057169005274,0.28559812656603756,0.18592244512401518,1.3829428628253184,2,1,False,False,False,600,450,1.3333333333333333,159.96299743652344,20.857872009277344,63.84986877441406,0.0,histo,upper extremity,65.0,male,data/raw/HAM10000/HAM10000_images_part_1/ISIC_0028926.jpg,akiec,0.7668985724449158,bcc,0.8926222920417786,bcc,0.8599380254745483,nv,0.3642035126686096,df,0.575810968875885
ISIC_0026623,HAM_0003800,bkl,akiec,False,0.4678742691874504,0.26724352538585666,0.09219138645566997,1.353668460576685,3,0,True,False,False,600,450,1.3333333333333333,148.38803100585938,34.42119598388672,151.78250122070312,0.0,histo,upper extremity,70.0,male,data/raw/HAM10000/HAM10000_images_part_1/ISIC_0026623.jpg,bcc,0.4154228866100311,akiec,0.9027571082115172,mel,0.5221400856971741,akiec,0.7637766003608704,akiec,0.4617711305618286
ISIC_0033740,HAM_0005997,nv,mel,False,0.44842168912291525,0.03425052044913168,0.41417116867378356,1.0036876405508837,2,2,False,False,True,600,450,1.3333333333333333,142.73745727539062,32.379173278808594,46.985652923583984,0.0,histo,face,25.0,female,data/raw/HAM10000/HAM10000_images_part_2/ISIC_0033740.jpg,mel,0.9939237236976624,bcc,0.6593477129936218,nv,0.9946645498275756,mel,0.7863706350326538,nv,0.7094235420227051
ISIC_0025389,HAM_0004921,bkl,akiec,False,0.4404728714376688,0.06595567208714781,0.37451719935052097,1.218986506607012,2,2,False,False,False,600,450,1.3333333333333333,134.38026428222656,23.80845069885254,167.7255096435547,0.0,histo,neck,65.0,male,data/raw/HAM10000/HAM10000_images_part_1/ISIC_0025389.jpg,akiec,0.9048295617103576,bkl,0.5995630621910095,bkl,0.9888126850128174,akiec,0.977369487285614,bcc,0.4931381940841675
ISIC_0030991,HAM_0001453,akiec,bkl,False,0.4301045686006546,0.04047655761241914,0.38962801098823546,1.1872801854136945,3,2,False,False,False,600,450,1.3333333333333333,157.22142028808594,24.398712158203125,157.60398864746094,0.0,histo,face,45.0,male,data/raw/HAM10000/HAM10000_images_part_2/ISIC_0030991.jpg,bkl,0.7033459544181824,bkl,0.7520138025283813,akiec,0.4059203267097473,akiec,0.8539011478424072,bkl,0.4145388007164001
ISIC_0025140,HAM_0000907,bkl,nv,False,0.4215425867587328,0.048153771832585346,0.37338881492614745,1.0779300100029576,2,2,False,False,True,600,450,1.3333333333333333,141.56463623046875,25.475780487060547,71.75907135009766,0.0,histo,ear,75.0,male,data/raw/HAM10000/HAM10000_images_part_1/ISIC_0025140.jpg,nv,0.8872320652008057,nv,0.5071519017219543,bkl,0.670070469379425,bkl,0.5166304111480713,mel,0.8663989305496216
ISIC_0032098,HAM_0006739,mel,nv,False,0.4153706103563309,0.09218260534107686,0.323188005015254,1.3998115222137644,2,1,False,False,False,600,450,1.3333333333333333,102.2266616821289,36.56047821044922,27.23170280456543,0.015904017857142856,histo,ear,35.0,female,data/raw/HAM10000/HAM10000_images_part_2/ISIC_0032098.jpg,mel,0.8731631636619568,df,0.3562824428081512,nv,0.7821317911148071,nv,0.7300193309783936,vasc,0.5622245073318481
ISIC_0026254,HAM_0006816,df,bkl,False,0.40443831370212135,0.02520348529797045,0.12361306583043181,1.2987156916708171,2,1,False,False,False,600,450,1.3333333333333333,150.5743408203125,18.249889373779297,98.30787658691406,0.0,consensus,lower extremity,45.0,male,data/raw/HAM10000/HAM10000_images_part_1/ISIC_0026254.jpg,df,0.5691651105880737,bkl,0.98141610622406,nv,0.9920608997344972,nv,0.708590030670166,bkl,0.6045698523521423
ISIC_0031852,HAM_0004441,akiec,nv,False,0.39260466699488455,0.09505058513022951,0.2214495771346264,1.3305830039751152,2,1,False,False,False,600,450,1.3333333333333333,188.538818359375,34.829071044921875,54.04484176635742,0.0,histo,upper extremity,85.0,female,data/raw/HAM10000/HAM10000_images_part_2/ISIC_0031852.jpg,bkl,0.9980396628379822,nv,0.991064429283142,bkl,0.4427459239959717,nv,0.7015900015830994,akiec,0.9275565147399902
ISIC_0031691,HAM_0007010,bkl,nv,False,0.36013261750340464,0.024881479027681064,0.2900971817667596,1.1740014629910709,2,1,False,False,False,600,450,1.3333333333333333,172.38400268554688,40.56543731689453,94.82929229736328,0.0,histo,trunk,40.0,male,data/raw/HAM10000/HAM10000_images_part_2/ISIC_0031691.jpg,bkl,0.6981695294380188,nv,0.5767722725868225,nv,0.7267499566078186,bcc,0.7786466479301453,bcc,0.622505784034729
ISIC_0029522,HAM_0002199,bkl,nv,False,0.31645946577191353,0.0549679766467307,0.26149148912518283,1.5147254904950012,2,1,False,False,False,600,450,1.3333333333333333,173.8990936279297,30.485437393188477,589.432861328125,0.0,histo,lower extremity,75.0,male,data/raw/HAM10000/HAM10000_images_part_2/ISIC_0029522.jpg,nv,0.3971280455589294,bkl,0.7374022603034973,df,0.5579875707626343,nv,0.7897491455078125,mel,0.9800096154212952
