image_id,true_class,reference_class,candidate_class,change
ISIC_0031691,bkl,nv,bkl,gained
ISIC_0029301,bkl,bkl,nv,lost
ISIC_0032978,bkl,mel,bkl,gained
ISIC_0033414,bkl,nv,bkl,gained
ISIC_0029522,bkl,nv,bkl,gained
ISIC_0025389,bkl,akiec,bkl,gained
ISIC_0030830,df,nv,df,gained
ISIC_0032098,mel,nv,mel,gained
ISIC_0025489,mel,nv,mel,gained
ISIC_0025265,mel,mel,nv,lost
ISIC_0032812,mel,nv,mel,gained
ISIC_0033300,mel,mel,nv,lost
ISIC_0025941,mel,mel,nv,lost
ISIC_0026829,bcc,bcc,nv,lost
ISIC_0032318,bcc,bcc,mel,lost
ISIC_0030743,nv,bkl,nv,gained
ISIC_0031603,nv,mel,nv,gained
ISIC_0029054,nv,mel,nv,gained
