channel,weight
0,0.5572741627693176
1,0.32710036635398865
2,0.023035943508148193
3,0.8427449464797974
4,0.29287925362586975
5,0.13290874660015106
6,0.5210683345794678
7,0.0018399081891402602
8,0.2636282742023468
9,0.003434819867834449
10,0.6097898483276367
11,0.053350839763879776
12,0.007814065553247929
13,0.9868339896202087
14,0.0029785465449094772
15,0.0060034217312932014
16,0.017023304477334023
17,0.23451675474643707
18,0.12425901740789413
19,0.5534653663635254
20,0.9901064038276672
21,0.014604357071220875
22,0.022884998470544815
23,0.94575035572052
24,0.004679621197283268
25,0.1642533540725708
26,0.6355413198471069
27,0.009256387129426003
28,0.042771115899086
29,0.5895605087280273
30,0.9757130146026611
31,0.8894252777099609
32,0.5578296780586243
33,0.9909963607788086
34,0.02168148383498192
35,0.016241811215877533
36,0.2463691681623459
37,0.2904808521270752
38,0.5137118101119995
39,0.6154572367668152
40,0.21031413972377777
41,0.0413074716925621
42,0.3753401041030884
43,0.32878851890563965
44,0.20473194122314453
45,0.601897120475769
46,0.4862140417098999
47,0.6684127449989319
48,0.9936477541923523
49,0.01173124648630619
50,0.5553787350654602
51,0.353695809841156
52,0.6830427646636963
53,0.298704594373703
54,0.9810969829559326
55,0.6283351182937622
56,0.047610171139240265
57,0.9728856086730957
58,0.9935488104820251
59,0.9875136017799377
60,0.019653337076306343
61,0.3470034897327423
62,0.007760436274111271
63,0.8784298300743103
64,0.9730501770973206
65,0.06059734523296356
66,0.2839030921459198
67,0.04449213668704033
68,0.02433924190700054
69,0.1468954235315323
70,0.0479634664952755
71,0.8735071420669556
72,0.14835695922374725
73,0.34139490127563477
74,0.6951695084571838
75,0.002480850787833333
76,0.9554975032806396
77,0.598926842212677
78,0.2369561493396759
79,0.2734115719795227
80,0.018566086888313293
81,0.6136939525604248
82,0.04657432809472084
83,0.13045549392700195
84,0.8928582668304443
85,0.0034012284595519304
86,0.19766856729984283
87,0.012435028329491615
88,0.02417445182800293
89,0.3436890244483948
90,0.9767103791236877
91,0.9753268957138062
92,0.19901658594608307
93,0.2786707282066345
94,0.4570770859718323
95,0.7046961188316345
96,0.32907000184059143
97,0.03537849709391594
98,0.93256014585495
99,0.3346898555755615
100,0.07746028155088425
101,0.9944832921028137
102,0.27288609743118286
103,0.8924179077148438
104,0.003730637254193425
105,0.1457933932542801
106,0.42572352290153503
107,0.8161800503730774
108,0.07686319947242737
109,0.06963827461004257
110,0.23492427170276642
111,0.060877613723278046
112,0.010476998053491116
113,0.7832900285720825
114,0.42230966687202454
115,0.048491887748241425
116,0.170542374253273
117,0.0025884618517011404
118,0.40256425738334656
119,0.007781216874718666
120,0.9689403772354126
121,0.012691767886281013
122,0.003799962578341365
123,0.4886343777179718
124,0.7047868967056274
125,0.1294327974319458
126,0.9791297316551208
127,0.5679020881652832
128,0.30391600728034973
129,0.14302754402160645
130,0.049638472497463226
131,0.09085329622030258
132,0.34138983488082886
133,0.46653759479522705
134,0.40707123279571533
135,0.9331501126289368
136,0.8827264904975891
137,0.058008432388305664
138,0.48760905861854553
139,0.026322782039642334
140,0.05102469399571419
141,0.24984750151634216
142,0.18310649693012238
143,0.3681047558784485
144,0.010334656573832035
145,0.9835742712020874
146,0.27601081132888794
147,0.9257067441940308
148,0.23668919503688812
149,0.2583314776420593
150,0.34963005781173706
151,0.06049402803182602
152,0.5649781823158264
153,0.7717729210853577
154,0.5712160468101501
155,0.373036652803421
156,0.2290128469467163
157,0.32410451769828796
158,0.6925066709518433
159,0.3374446928501129
160,0.2547338604927063
161,0.768630862236023
162,0.21640658378601074
163,0.12359671294689178
164,0.08907067775726318
165,0.8479386568069458
166,0.017306525260210037
167,0.9885567426681519
168,0.8140891790390015
169,0.9911503791809082
170,0.002755197463557124
171,0.7169985771179199
172,0.28999754786491394
173,0.40656331181526184
174,0.3697681725025177
175,0.01278203260153532
176,0.033956125378608704
177,0.9668615460395813
178,0.06307279318571091
179,0.593139111995697
180,0.09154132008552551
181,0.007864490151405334
182,0.9888864159584045
183,0.28618764877319336
184,0.8675978183746338
185,0.988990068435669
186,0.011981978081166744
187,0.9741621017456055
188,0.28600430488586426
189,0.6477168202400208
190,0.001798205659724772
191,0.2724899351596832
192,0.9361423850059509
193,0.08250878006219864
194,0.8886837959289551
195,0.2764650881290436
196,0.6585184335708618
197,0.4394301772117615
198,0.9978971481323242
199,0.4628419280052185
200,0.0870959535241127
201,0.09879712760448456
202,0.4297138750553131
203,0.658711314201355
204,0.23559421300888062
205,0.29898354411125183
206,0.7285223603248596
207,0.0018727891147136688
208,0.6369344592094421
209,0.4150713086128235
210,0.001702987472526729
211,0.9033608436584473
212,0.9807315468788147
213,0.0020312604028731585
214,0.010036352090537548
215,0.0635000690817833
216,0.9271063208580017
217,0.028938157483935356
218,0.013294963166117668
219,0.9571778178215027
220,0.9606567025184631
221,0.13421876728534698
222,0.9869657754898071
223,0.7727245688438416
224,0.7415392994880676
225,0.09609730541706085
226,0.11611641943454742
227,0.034868914633989334
228,0.9589316844940186
229,0.1568019688129425
230,0.017193235456943512
231,0.7337400913238525
232,0.8434521555900574
233,0.27595052123069763
234,0.06180594116449356
235,0.015686670318245888
236,0.012738757766783237
237,0.7052788734436035
238,0.0069815716706216335
239,0.9620376825332642
240,0.55763179063797
241,0.9973669648170471
242,0.29485204815864563
243,0.9273988008499146
244,0.3578322231769562
245,0.7313084006309509
246,0.5471730828285217
247,0.25590744614601135
248,0.3799779415130615
249,0.02626567892730236
250,0.3144285976886749
251,0.3950050175189972
252,0.4739551544189453
253,0.04134058952331543
254,0.4560997784137726
255,0.7462773323059082
256,0.44770172238349915
257,0.19958101212978363
258,0.5513896346092224
259,0.27420365810394287
260,0.5754977464675903
261,0.9846667051315308
262,0.018090540543198586
263,0.3139728307723999
264,0.028978031128644943
265,0.9983622431755066
266,0.0008589746430516243
267,0.7863121628761292
268,0.006472903769463301
269,0.9939040541648865
270,0.8312013745307922
271,0.32788702845573425
272,0.122990682721138
273,0.16503196954727173
274,0.06927594542503357
275,0.005358325317502022
276,0.03595282509922981
277,0.1532813310623169
278,0.005019932519644499
279,0.13413380086421967
280,0.5368437767028809
281,0.9893710613250732
282,0.04413946345448494
283,0.006064062938094139
284,0.8277245759963989
285,0.0006397584802471101
286,0.8122086524963379
287,0.992064893245697
288,0.04013970494270325
289,0.9910839796066284
290,0.10627079010009766
291,0.015849309042096138
292,0.25619935989379883
293,0.1885060966014862
294,0.9770018458366394
295,0.05892197787761688
296,0.6413257718086243
297,0.8344042301177979
298,0.0033013015054166317
299,0.12108712643384933
300,0.18495026230812073
301,0.8621200323104858
302,0.1790810078382492
303,0.9781182408332825
304,0.009546319954097271
305,0.030479082837700844
306,0.966981828212738
307,0.10681430995464325
308,0.007765182759612799
309,0.11637502908706665
310,0.35420462489128113
311,0.01835515908896923
312,0.6685528755187988
313,0.6708889603614807
314,0.1978583186864853
315,0.22921568155288696
316,0.9016950726509094
317,0.00456224475055933
318,0.9920898675918579
319,0.5408172607421875
320,0.19214151799678802
321,0.02688547782599926
322,0.7828357219696045
323,0.9653754830360413
324,0.8601973652839661
325,0.03951739892363548
326,0.6806448101997375
327,0.40894562005996704
328,0.1653408408164978
329,0.6334154605865479
330,0.37104377150535583
331,0.02957282029092312
332,0.0024404411669820547
333,0.7122401595115662
334,0.27519673109054565
335,0.21448269486427307
336,0.00722909439355135
337,0.054292842745780945
338,0.1016608476638794
339,0.40593186020851135
340,0.008431574329733849
341,0.08727040141820908
342,0.0717296451330185
343,0.8850895762443542
344,0.9930904507637024
345,0.8677699565887451
346,0.054798997938632965
347,0.25145071744918823
348,0.676004946231842
349,0.3325745761394501
350,0.15279267728328705
351,0.9981898665428162
352,0.8290272951126099
353,0.12853597104549408
354,0.6467964053153992
355,0.4501219689846039
356,0.11796659231185913
357,0.5665181875228882
358,0.8765915632247925
359,0.15838424861431122
360,0.0014406335540115833
361,0.6192808151245117
362,0.9978852868080139
363,0.7107864022254944
364,0.6319270730018616
365,0.880827009677887
366,0.26575952768325806
367,0.4307602643966675
368,0.10277913510799408
369,0.14708031713962555
370,0.017450479790568352
371,0.5659409761428833
372,0.7796205282211304
373,0.8868221640586853
374,0.9910921454429626
375,0.04127509891986847
376,0.8421554565429688
377,0.7976914048194885
378,0.12801653146743774
379,0.10981832444667816
380,0.10814116895198822
381,0.005586957558989525
382,0.006982219405472279
383,0.04125551879405975
384,0.22874987125396729
385,0.27966585755348206
386,0.9487186074256897
387,0.8927959203720093
388,0.05883369594812393
389,0.7509624361991882
390,0.49778488278388977
391,0.3051180839538574
392,0.3348512053489685
393,0.674230694770813
394,0.9635931253433228
395,0.006897458806633949
396,0.019924931228160858
397,0.1482989341020584
398,0.612224817276001
399,0.9824545979499817
400,0.16680128872394562
401,0.9849050641059875
402,0.941188395023346
403,0.9943506121635437
404,0.004622408654540777
405,0.0068509541451931
406,0.5564671754837036
407,0.549191951751709
408,0.43680742383003235
409,0.3306935727596283
410,0.0586581826210022
411,0.04231533780694008
412,0.0007388769299723208
413,0.005383696872740984
414,0.04469888284802437
415,0.17020411789417267
416,0.9513304233551025
417,0.2880339026451111
418,0.9884633421897888
419,0.22699318826198578
420,0.5178653597831726
421,0.916475236415863
422,0.9735466837882996
423,0.8748263716697693
424,0.6659339666366577
425,0.011829089373350143
426,0.9582403898239136
427,0.5846787095069885
428,0.10243664681911469
429,0.0065761227160692215
430,0.1946534961462021
431,0.5938610434532166
432,0.08234639465808868
433,0.004352958407253027
434,0.6397568583488464
435,0.5258323550224304
436,0.010929989628493786
437,0.16410991549491882
438,0.6778967380523682
439,0.22926795482635498
440,0.9888577461242676
441,0.6432531476020813
442,0.09084174036979675
443,0.03153963387012482
444,0.356619268655777
445,0.9800012707710266
446,0.07541196793317795
447,0.023068998008966446
448,0.81032794713974
449,0.027832893654704094
450,0.867568850517273
451,0.025457220152020454
452,0.17821699380874634
453,0.023742951452732086
454,0.980533242225647
455,0.9153614044189453
456,0.01806616596877575
457,0.3350001275539398
458,0.033363472670316696
459,0.16024914383888245
460,0.5083180665969849
461,0.03467500954866409
462,0.009102924726903439
463,0.9310194253921509
464,0.9235458970069885
465,0.2142692357301712
466,0.28241005539894104
467,0.589547872543335
468,0.732766330242157
469,0.008383790962398052
470,0.7574449181556702
471,0.2104237824678421
472,0.4231007993221283
473,0.9948378205299377
474,0.02882121503353119
475,0.18698176741600037
476,0.2921908497810364
477,0.01817471906542778
478,0.0070368628948926926
479,0.05753587558865547
480,0.012537291273474693
481,0.21707135438919067
482,0.7484279274940491
483,0.4734138250350952
484,0.4710018038749695
485,0.9633156061172485
486,0.17900873720645905
487,0.8866146802902222
488,0.014524156227707863
489,0.08361522108316422
490,0.05475696921348572
491,0.9912258982658386
492,0.002763513708487153
493,0.22174856066703796
494,0.23907817900180817
495,0.5340838432312012
496,0.30803996324539185
497,0.0036799998488277197
498,0.03171771764755249
499,0.983616054058075
500,0.013199938461184502
501,0.01647019200026989
502,0.9216315150260925
503,0.7838342189788818
504,0.6654590368270874
505,0.0768299326300621
506,0.15826794505119324
507,0.9870738983154297
508,0.4623637795448303
509,0.19523417949676514
510,0.24879933893680573
511,0.42121589183807373
512,0.010212793946266174
513,0.03011894039809704
514,0.08897858113050461
515,0.7159003615379333
516,0.47523802518844604
517,0.023282906040549278
518,0.010133028030395508
519,0.5213454365730286
520,0.7063577175140381
521,0.9202499985694885
522,0.08968961983919144
523,0.9100514650344849
524,0.018350224941968918
525,0.9488864541053772
526,0.9817482829093933
527,0.6720461249351501
528,0.7155017852783203
529,0.42287006974220276
530,0.9980131387710571
531,0.9693660736083984
532,0.21986961364746094
533,0.008218525908887386
534,0.1336774230003357
535,0.04025674983859062
536,0.2262246161699295
537,0.5917261242866516
538,0.45587021112442017
539,0.11025286465883255
540,0.9682289958000183
541,0.14690260589122772
542,0.0029002977535128593
543,0.9706605672836304
544,0.09033995121717453
545,0.8225556015968323
546,0.9800817370414734
547,0.11898885667324066
548,0.2722785770893097
549,0.9706712365150452
550,0.15360389649868011
551,0.876624584197998
552,0.3021777868270874
553,0.003498632228001952
554,0.2161170244216919
555,0.19822382926940918
556,0.17327632009983063
557,0.391313761472702
558,0.928307294845581
559,0.7353039979934692
560,0.8571102023124695
561,0.9703521728515625
562,0.1695239096879959
563,0.7452823519706726
564,0.017850209027528763
565,0.0521559976041317
566,0.417728990316391
567,0.00836284551769495
568,0.8689945936203003
569,0.006851764861494303
570,0.9433871507644653
571,0.5749601125717163
572,0.39308062195777893
573,0.3749670386314392
574,0.05651376023888588
575,0.9915363788604736
576,0.036192428320646286
577,0.9451680183410645
578,0.4752987325191498
579,0.23780570924282074
580,0.21489578485488892
581,0.9147736430168152
582,0.8091155886650085
583,0.01247129961848259
584,0.0041094026528298855
585,0.5654900074005127
586,0.8850268721580505
587,0.00817284919321537
588,0.04539063572883606
589,0.6267037987709045
590,0.9963898062705994
591,0.849794864654541
592,0.10690981894731522
593,0.020281169563531876
594,0.0031143201049417257
595,0.02670223079621792
596,0.05445994436740875
597,0.986785352230072
598,0.07819468528032303
599,0.08615363389253616
600,0.960981547832489
601,0.012221255339682102
602,0.8433438539505005
603,0.9970245957374573
604,0.9869995713233948
605,0.007777282036840916
606,0.5711885094642639
607,0.008560839109122753
608,0.44156256318092346
609,0.021252434700727463
610,0.2270069569349289
611,0.1718006283044815
612,0.05602996423840523
613,0.5141649842262268
614,0.0008939850958995521
615,0.1244005560874939
616,0.4772220849990845
617,0.18209855258464813
618,0.7289503216743469
619,0.01829245500266552
620,0.018782559782266617
621,0.00826574768871069
622,0.9946569204330444
623,0.7594195604324341
624,0.22371730208396912
625,0.6830822825431824
626,0.0007946384139358997
627,0.7810531854629517
628,0.4811970591545105
629,0.6899555325508118
630,0.031357914209365845
631,0.5567024946212769
632,0.18693971633911133
633,0.16911272704601288
634,0.9913126826286316
635,0.05890107527375221
636,0.7658665180206299
637,0.008780117146670818
638,0.13387177884578705
639,0.2686871588230133
640,0.4269642233848572
641,0.018624698743224144
642,0.100650854408741
643,0.12492436170578003
644,0.6138291954994202
645,0.9948588609695435
646,0.4584219753742218
647,0.6789277195930481
648,0.16210441291332245
649,0.035529132932424545
650,0.023045480251312256
651,0.24892741441726685
652,0.6308850049972534
653,0.9734578132629395
654,0.04479643702507019
655,0.03626808151602745
656,0.030159834772348404
657,0.9952612519264221
658,0.07249803841114044
659,0.0614117830991745
660,0.054486606270074844
661,0.38837581872940063
662,0.011758405715227127
663,0.07194352149963379
664,0.275703489780426
665,0.015938160941004753
666,0.6769368052482605
667,0.29140618443489075
668,0.5482810735702515
669,0.6005508303642273
670,0.1250588595867157
671,0.37059134244918823
672,0.22968517243862152
673,0.6262429356575012
674,0.12370473146438599
675,0.012614183127880096
676,0.4766875207424164
677,0.8303713202476501
678,0.539618194103241
679,0.6642130017280579
680,0.43537935614585876
681,0.70751953125
682,0.2468126118183136
683,0.9971855282783508
684,0.8784788846969604
685,0.005445628892630339
686,0.12770698964595795
687,0.527064323425293
688,0.4954323470592499
689,0.401218444108963
690,0.12812095880508423
691,0.0037511682603508234
692,0.449192076921463
693,0.7720845937728882
694,0.21015779674053192
695,0.39921262860298157
696,0.6025637984275818
697,0.47030287981033325
698,0.12742115557193756
699,0.13958866894245148
700,0.7828806638717651
701,0.5835808515548706
702,0.8352847099304199
703,0.6535955667495728
704,0.8899332880973816
705,0.36290234327316284
706,0.9378352165222168
707,0.000379137258278206
708,0.4083457589149475
709,0.10923363268375397
710,0.987159013748169
711,0.18802179396152496
712,0.5201254487037659
713,0.9264411926269531
714,0.43395254015922546
715,0.07640930265188217
716,0.8222124576568604
717,0.9228383302688599
718,0.044247109442949295
719,0.3524777591228485
720,0.9942808151245117
721,0.626676082611084
722,0.7866107821464539
723,0.33130118250846863
724,0.31328046321868896
725,0.7931843400001526
726,0.8368494510650635
727,0.9903149008750916
728,0.05136626213788986
729,0.007540375925600529
730,0.8088411688804626
731,0.08858231455087662
732,0.1199646145105362
733,0.05503905564546585
734,0.7562148571014404
735,0.6356588006019592
736,0.7420334219932556
737,0.9649785757064819
738,0.19528041779994965
739,0.30408763885498047
740,0.994189977645874
741,0.39294546842575073
742,0.3034418225288391
743,0.06079387292265892
744,0.34534892439842224
745,0.15827809274196625
746,0.9684516191482544
747,0.7740193605422974
748,0.07079822570085526
749,0.0008786278194747865
750,0.24981001019477844
751,0.3790115416049957
752,0.010042963549494743
753,0.0037369108758866787
754,0.8524046540260315
755,0.6939560174942017
756,0.7885707020759583
757,0.9835832715034485
758,0.02750360034406185
759,0.5809615850448608
760,0.2859022915363312
761,0.32405605912208557
762,0.03456832095980644
763,0.3984938859939575
764,0.9883484244346619
765,0.006032693199813366
766,0.48955732583999634
767,0.25262323021888733
