image_id,lesion_id,diagnosis,s53_correct,large_correct
ISIC_0027419,HAM_0000118,bkl,True,True
ISIC_0031633,HAM_0001466,bkl,True,True
ISIC_0027828,HAM_0002521,bkl,True,True
ISIC_0029559,HAM_0000351,bkl,True,False
ISIC_0025642,HAM_0007409,bkl,False,False
ISIC_0031691,HAM_0007010,bkl,False,False
ISIC_0025419,HAM_0007010,bkl,True,False
ISIC_0029301,HAM_0001221,bkl,True,False
ISIC_0030377,HAM_0001983,bkl,True,False
ISIC_0027960,HAM_0003569,bkl,True,True
ISIC_0031495,HAM_0004569,bkl,True,True
ISIC_0025099,HAM_0004641,bkl,True,True
ISIC_0029413,HAM_0005801,bkl,True,True
ISIC_0025140,HAM_0000907,bkl,False,True
ISIC_0029912,HAM_0001469,bkl,False,True
ISIC_0033539,HAM_0001728,bkl,True,True
ISIC_0030005,HAM_0003021,bkl,True,True
ISIC_0024832,HAM_0001773,bkl,True,False
ISIC_0029837,HAM_0002127,bkl,False,False
ISIC_0025510,HAM_0002092,bkl,True,True
ISIC_0029060,HAM_0005075,bkl,True,True
ISIC_0026153,HAM_0002957,bkl,True,False
ISIC_0025063,HAM_0002985,bkl,True,False
ISIC_0032306,HAM_0001853,bkl,True,True
ISIC_0032304,HAM_0006558,bkl,True,True
ISIC_0032382,HAM_0001417,bkl,True,True
ISIC_0029674,HAM_0000114,bkl,True,True
ISIC_0028607,HAM_0000114,bkl,True,True
ISIC_0028646,HAM_0005077,bkl,True,True
ISIC_0033041,HAM_0002040,bkl,True,True
ISIC_0033900,HAM_0002040,bkl,True,True
ISIC_0030276,HAM_0004075,bkl,True,True
ISIC_0033201,HAM_0006663,bkl,True,True
ISIC_0033613,HAM_0006938,bkl,True,False
ISIC_0032978,HAM_0000779,bkl,False,True
ISIC_0032829,HAM_0003845,bkl,True,True
ISIC_0033601,HAM_0003845,bkl,True,True
ISIC_0032570,HAM_0006801,bkl,True,True
ISIC_0033410,HAM_0007384,bkl,True,False
ISIC_0033306,HAM_0000805,bkl,True,True
ISIC_0033235,HAM_0001858,bkl,True,True
ISIC_0026085,HAM_0001858,bkl,False,False
ISIC_0032756,HAM_0003927,bkl,True,True
ISIC_0034031,HAM_0002372,bkl,True,True
ISIC_0033449,HAM_0003659,bkl,True,True
ISIC_0033414,HAM_0001384,bkl,False,True
ISIC_0033791,HAM_0006281,bkl,True,True
ISIC_0033060,HAM_0004406,bkl,True,True
ISIC_0031376,HAM_0005862,bkl,True,True
ISIC_0027989,HAM_0000113,bkl,True,True
ISIC_0027218,HAM_0001738,bkl,False,True
ISIC_0028020,HAM_0003090,bkl,True,True
ISIC_0026623,HAM_0003800,bkl,False,True
ISIC_0031989,HAM_0007100,bkl,False,False
ISIC_0029394,HAM_0004566,bkl,False,True
ISIC_0027374,HAM_0004690,bkl,True,True
ISIC_0032168,HAM_0006143,bkl,True,True
ISIC_0028308,HAM_0003752,bkl,True,False
ISIC_0029522,HAM_0002199,bkl,False,False
ISIC_0031060,HAM_0005674,bkl,True,True
ISIC_0026634,HAM_0003768,bkl,True,True
ISIC_0026923,HAM_0000198,bkl,False,True
ISIC_0030203,HAM_0001896,bkl,True,True
ISIC_0025985,HAM_0004545,bkl,True,True
ISIC_0030208,HAM_0003152,bkl,True,True
ISIC_0025986,HAM_0006123,bkl,False,False
ISIC_0025805,HAM_0004691,bkl,True,True
ISIC_0024880,HAM_0005157,bkl,True,True
ISIC_0029525,HAM_0000744,bkl,True,True
ISIC_0025376,HAM_0006580,bkl,True,False
ISIC_0024726,HAM_0005125,bkl,True,False
ISIC_0028100,HAM_0001510,bkl,True,True
ISIC_0030636,HAM_0001226,bkl,True,True
ISIC_0031078,HAM_0003943,bkl,True,True
ISIC_0025693,HAM_0002879,bkl,True,True
ISIC_0032116,HAM_0003275,bkl,True,True
ISIC_0024772,HAM_0002400,bkl,True,True
ISIC_0026219,HAM_0006399,bkl,True,True
ISIC_0029139,HAM_0007603,bkl,True,True
ISIC_0031061,HAM_0004010,bkl,True,True
ISIC_0027991,HAM_0002722,bkl,False,False
ISIC_0031289,HAM_0002722,bkl,True,True
ISIC_0031580,HAM_0005335,bkl,True,False
ISIC_0030365,HAM_0004801,bkl,False,False
ISIC_0029810,HAM_0001944,bkl,True,True
ISIC_0029678,HAM_0000383,bkl,True,False
ISIC_0027990,HAM_0001073,bkl,True,True
ISIC_0031808,HAM_0005275,bkl,True,True
ISIC_0027470,HAM_0002548,bkl,True,False
ISIC_0024910,HAM_0000238,bkl,True,True
ISIC_0025374,HAM_0006031,bkl,True,True
ISIC_0030533,HAM_0003664,bkl,True,True
ISIC_0027335,HAM_0006670,bkl,False,False
ISIC_0025389,HAM_0004921,bkl,False,False
ISIC_0028593,HAM_0003120,bkl,True,True
ISIC_0030801,HAM_0006201,bkl,True,True
ISIC_0030231,HAM_0003938,bkl,True,True
ISIC_0029206,HAM_0006993,bkl,True,True
ISIC_0030608,HAM_0007029,bkl,False,True
ISIC_0030935,HAM_0000237,bkl,True,True
ISIC_0028611,HAM_0004695,bkl,False,False
ISIC_0028842,HAM_0001515,bkl,True,True
ISIC_0028913,HAM_0004396,bkl,True,True
ISIC_0031831,HAM_0004448,bkl,True,True
ISIC_0030130,HAM_0001743,bkl,True,True
ISIC_0032031,HAM_0005967,bkl,True,True
ISIC_0028294,HAM_0002042,bkl,True,True
ISIC_0030835,HAM_0003574,bkl,True,True
ISIC_0027811,HAM_0006346,bkl,True,True
ISIC_0026249,HAM_0007315,bkl,True,False
ISIC_0024774,HAM_0002903,bkl,True,True
ISIC_0026016,HAM_0003789,bkl,True,True
ISIC_0026069,HAM_0000524,bkl,True,True
ISIC_0031528,HAM_0007590,bkl,True,True
ISIC_0028623,HAM_0001781,bkl,True,True
ISIC_0025103,HAM_0001529,bkl,True,True
ISIC_0030123,HAM_0006652,bkl,True,False
ISIC_0024782,HAM_0004004,bkl,False,False
ISIC_0029320,HAM_0006186,bkl,True,False
ISIC_0029924,HAM_0003010,bkl,True,True
ISIC_0032498,HAM_0001011,bkl,True,True
ISIC_0024943,HAM_0006988,bkl,True,True
ISIC_0028449,HAM_0004556,bkl,True,True
ISIC_0026174,HAM_0006009,bkl,True,True
ISIC_0032170,HAM_0004543,bkl,True,True
ISIC_0025005,HAM_0002462,bkl,True,True
ISIC_0025851,HAM_0005845,bkl,True,True
ISIC_0033722,HAM_0006438,bkl,False,True
ISIC_0032719,HAM_0006673,bkl,True,True
ISIC_0030630,HAM_0003787,bkl,True,True
ISIC_0032179,HAM_0005903,bkl,True,True
ISIC_0034197,HAM_0005442,bkl,True,True
ISIC_0033022,HAM_0006003,bkl,True,True
ISIC_0033693,HAM_0004258,bkl,True,True
ISIC_0033246,HAM_0005749,bkl,True,True
ISIC_0033528,HAM_0000080,bkl,True,True
ISIC_0033865,HAM_0000080,bkl,True,True
ISIC_0034296,HAM_0006528,bkl,True,True
ISIC_0032763,HAM_0006528,bkl,True,True
ISIC_0034291,HAM_0006528,bkl,True,True
ISIC_0033701,HAM_0004245,bkl,True,True
ISIC_0033945,HAM_0007427,bkl,True,True
ISIC_0033750,HAM_0002660,bkl,True,True
ISIC_0033490,HAM_0000983,bkl,True,True
ISIC_0032740,HAM_0001561,bkl,True,True
ISIC_0032271,HAM_0002371,bkl,True,True
ISIC_0029202,HAM_0002355,bkl,True,True
ISIC_0032124,HAM_0002536,bkl,True,True
ISIC_0030959,HAM_0003011,bkl,True,True
ISIC_0029251,HAM_0001997,bkl,True,True
ISIC_0026291,HAM_0000685,bkl,True,True
ISIC_0029345,HAM_0003260,bkl,True,True
ISIC_0028448,HAM_0001167,bkl,True,True
ISIC_0032460,HAM_0006876,bkl,True,True
ISIC_0026959,HAM_0003426,bkl,False,False
ISIC_0027167,HAM_0003859,bkl,True,True
ISIC_0028525,HAM_0005722,bkl,True,True
ISIC_0028331,HAM_0002962,bkl,True,True
ISIC_0025330,HAM_0000453,bkl,True,True
ISIC_0026967,HAM_0007027,bkl,True,True
ISIC_0031223,HAM_0002456,bkl,True,True
ISIC_0025879,HAM_0004289,bkl,True,True
ISIC_0025387,HAM_0000792,bkl,True,True
ISIC_0028797,HAM_0001838,bkl,True,False
ISIC_0025668,HAM_0007051,df,True,False
ISIC_0032642,HAM_0002909,df,True,True
ISIC_0029248,HAM_0004756,df,True,True
ISIC_0032247,HAM_0007225,df,True,True
ISIC_0029967,HAM_0004960,df,True,False
ISIC_0028926,HAM_0000720,df,False,False
ISIC_0029891,HAM_0007227,df,False,False
ISIC_0034135,HAM_0006371,df,True,True
ISIC_0033891,HAM_0007396,df,True,True
ISIC_0033554,HAM_0007396,df,True,True
ISIC_0033422,HAM_0003597,df,True,True
ISIC_0033808,HAM_0003081,df,True,True
ISIC_0033847,HAM_0003081,df,True,True
ISIC_0030830,HAM_0006794,df,False,False
ISIC_0026254,HAM_0006816,df,False,True
ISIC_0031271,HAM_0004090,df,True,True
ISIC_0027141,HAM_0000024,df,True,True
ISIC_0030623,HAM_0000871,mel,True,True
ISIC_0026993,HAM_0005186,mel,True,True
ISIC_0028412,HAM_0007310,mel,True,True
ISIC_0026531,HAM_0000876,mel,True,True
ISIC_0032396,HAM_0000876,mel,True,False
ISIC_0031499,HAM_0006722,mel,True,True
ISIC_0030486,HAM_0001150,mel,True,True
ISIC_0027125,HAM_0003182,mel,True,True
ISIC_0024367,HAM_0001726,mel,True,True
ISIC_0032079,HAM_0005555,mel,True,True
ISIC_0032400,HAM_0006803,mel,True,True
ISIC_0030211,HAM_0004126,mel,True,True
ISIC_0027769,HAM_0000099,mel,True,True
ISIC_0029913,HAM_0007171,mel,True,False
ISIC_0031557,HAM_0006521,mel,True,True
ISIC_0028901,HAM_0006739,mel,False,False
ISIC_0032098,HAM_0006739,mel,False,False
ISIC_0025603,HAM_0004579,mel,True,True
ISIC_0032044,HAM_0004643,mel,True,True
ISIC_0024886,HAM_0001353,mel,False,False
ISIC_0027102,HAM_0003782,mel,True,True
ISIC_0031369,HAM_0000531,mel,True,True
ISIC_0029547,HAM_0007165,mel,True,True
ISIC_0027060,HAM_0002471,mel,True,True
ISIC_0025996,HAM_0003990,mel,True,True
ISIC_0031779,HAM_0001284,mel,True,False
ISIC_0028442,HAM_0001328,mel,True,True
ISIC_0031977,HAM_0006828,mel,True,True
ISIC_0031517,HAM_0001202,mel,True,True
ISIC_0029473,HAM_0001796,mel,True,True
ISIC_0029571,HAM_0006152,mel,True,True
ISIC_0032220,HAM_0003521,mel,False,False
ISIC_0028127,HAM_0005911,mel,True,True
ISIC_0029241,HAM_0006092,mel,True,True
ISIC_0024875,HAM_0007617,mel,True,False
ISIC_0030552,HAM_0002897,mel,False,False
ISIC_0028029,HAM_0007243,mel,True,True
ISIC_0025489,HAM_0002770,mel,False,True
ISIC_0025265,HAM_0002770,mel,True,False
ISIC_0028489,HAM_0005785,mel,False,False
ISIC_0027260,HAM_0002391,mel,True,True
ISIC_0026996,HAM_0004121,mel,False,False
ISIC_0029562,HAM_0005719,mel,False,True
ISIC_0033268,HAM_0007163,mel,True,True
ISIC_0033834,HAM_0001412,mel,True,True
ISIC_0033678,HAM_0001412,mel,True,True
ISIC_0033975,HAM_0003983,mel,True,True
ISIC_0034118,HAM_0002824,mel,True,True
ISIC_0033831,HAM_0007343,mel,True,True
ISIC_0032583,HAM_0000006,mel,True,True
ISIC_0032564,HAM_0000321,mel,True,True
ISIC_0032993,HAM_0002956,mel,True,True
ISIC_0033154,HAM_0005336,mel,False,True
ISIC_0034222,HAM_0002235,mel,False,False
ISIC_0034064,HAM_0002235,mel,False,False
ISIC_0033902,HAM_0000048,mel,True,True
ISIC_0032840,HAM_0003679,mel,True,True
ISIC_0033570,HAM_0003679,mel,True,True
ISIC_0033129,HAM_0004811,mel,True,True
ISIC_0033325,HAM_0005777,mel,True,True
ISIC_0033068,HAM_0002671,mel,True,True
ISIC_0032892,HAM_0003354,mel,True,True
ISIC_0026976,HAM_0000358,mel,True,False
ISIC_0032844,HAM_0000388,mel,True,True
ISIC_0034059,HAM_0005280,mel,True,True
ISIC_0033272,HAM_0007180,mel,True,True
ISIC_0032718,HAM_0003202,mel,True,True
ISIC_0034269,HAM_0000662,mel,True,True
ISIC_0032598,HAM_0006545,mel,True,True
ISIC_0033004,HAM_0003602,mel,True,True
ISIC_0032072,HAM_0004593,mel,True,True
ISIC_0033687,HAM_0007117,mel,True,True
ISIC_0032812,HAM_0005748,mel,False,False
ISIC_0033038,HAM_0003466,mel,True,True
ISIC_0033630,HAM_0004984,mel,True,True
ISIC_0033209,HAM_0001465,mel,True,True
ISIC_0034074,HAM_0001465,mel,True,False
ISIC_0032622,HAM_0000002,mel,True,True
ISIC_0033883,HAM_0004949,mel,True,True
ISIC_0033470,HAM_0003421,mel,True,True
ISIC_0024482,HAM_0007054,mel,True,True
ISIC_0033863,HAM_0007086,mel,True,True
ISIC_0034242,HAM_0005483,mel,True,True
ISIC_0032913,HAM_0004881,mel,True,True
ISIC_0033981,HAM_0000042,mel,True,True
ISIC_0034188,HAM_0003506,mel,False,True
ISIC_0032684,HAM_0003566,mel,True,True
ISIC_0032836,HAM_0003073,mel,True,True
ISIC_0033546,HAM_0000055,mel,True,True
ISIC_0027306,HAM_0006097,mel,True,False
ISIC_0032552,HAM_0001105,mel,False,False
ISIC_0033300,HAM_0003700,mel,True,False
ISIC_0033611,HAM_0000799,mel,False,True
ISIC_0033586,HAM_0000799,mel,False,True
ISIC_0033029,HAM_0004302,mel,True,False
ISIC_0033670,HAM_0003225,mel,True,True
ISIC_0032509,HAM_0003335,mel,False,False
ISIC_0032592,HAM_0006923,mel,True,True
ISIC_0032687,HAM_0001344,mel,True,True
ISIC_0033055,HAM_0001344,mel,True,True
ISIC_0033487,HAM_0005673,mel,True,False
ISIC_0033957,HAM_0002617,mel,True,True
ISIC_0032626,HAM_0005953,mel,True,True
ISIC_0033051,HAM_0001506,mel,True,True
ISIC_0027149,HAM_0007592,mel,True,True
ISIC_0032918,HAM_0000706,mel,True,True
ISIC_0033752,HAM_0000079,mel,True,True
ISIC_0033730,HAM_0001647,mel,True,True
ISIC_0032975,HAM_0001647,mel,True,True
ISIC_0033114,HAM_0000709,mel,True,False
ISIC_0030150,HAM_0005124,mel,True,True
ISIC_0031233,HAM_0000375,mel,True,False
ISIC_0027204,HAM_0001532,mel,True,False
ISIC_0028173,HAM_0005927,mel,False,False
ISIC_0026770,HAM_0002491,mel,True,True
ISIC_0025512,HAM_0001986,mel,True,True
ISIC_0025963,HAM_0004642,mel,True,True
ISIC_0032134,HAM_0002430,mel,True,True
ISIC_0027561,HAM_0004565,mel,False,False
ISIC_0025316,HAM_0003761,mel,True,False
ISIC_0029316,HAM_0006978,mel,True,True
ISIC_0030356,HAM_0005481,mel,False,False
ISIC_0025145,HAM_0002477,mel,True,False
ISIC_0031999,HAM_0003531,mel,False,True
ISIC_0028481,HAM_0000396,mel,True,False
ISIC_0029172,HAM_0000396,mel,True,True
ISIC_0031386,HAM_0000417,mel,True,True
ISIC_0027302,HAM_0006497,mel,False,False
ISIC_0028548,HAM_0000133,mel,True,True
ISIC_0032036,HAM_0004637,mel,True,False
ISIC_0029843,HAM_0006257,mel,False,False
ISIC_0029454,HAM_0007019,mel,True,True
ISIC_0028051,HAM_0006636,mel,True,True
ISIC_0027328,HAM_0004651,mel,True,True
ISIC_0024546,HAM_0000952,mel,True,True
ISIC_0030382,HAM_0005640,mel,True,True
ISIC_0028017,HAM_0000910,mel,False,True
ISIC_0028288,HAM_0004709,mel,True,True
ISIC_0027030,HAM_0004254,mel,True,True
ISIC_0030689,HAM_0000952,mel,True,True
ISIC_0024516,HAM_0002523,mel,True,True
ISIC_0029744,HAM_0003782,mel,True,True
ISIC_0024351,HAM_0001349,mel,True,True
ISIC_0026916,HAM_0000320,mel,True,True
ISIC_0029319,HAM_0005315,mel,True,True
ISIC_0028898,HAM_0001069,mel,True,True
ISIC_0025413,HAM_0007054,mel,True,True
ISIC_0027663,HAM_0006355,mel,False,False
ISIC_0030423,HAM_0005121,mel,True,True
ISIC_0026897,HAM_0002772,mel,True,True
ISIC_0030695,HAM_0004164,mel,True,True
ISIC_0024679,HAM_0000593,mel,True,True
ISIC_0025832,HAM_0003172,mel,True,True
ISIC_0027179,HAM_0006061,mel,True,True
ISIC_0026930,HAM_0002970,mel,False,True
ISIC_0026738,HAM_0006137,mel,True,True
ISIC_0032207,HAM_0000513,mel,False,False
ISIC_0024733,HAM_0001964,mel,True,False
ISIC_0031821,HAM_0003957,mel,True,True
ISIC_0025128,HAM_0006899,mel,False,False
ISIC_0028156,HAM_0007498,mel,True,True
ISIC_0030901,HAM_0002131,mel,True,False
ISIC_0030995,HAM_0002131,mel,True,False
ISIC_0031368,HAM_0002576,mel,True,False
ISIC_0025724,HAM_0003520,mel,False,False
ISIC_0027067,HAM_0004053,mel,True,True
ISIC_0025941,HAM_0003171,mel,True,False
ISIC_0031901,HAM_0001920,vasc,True,True
ISIC_0026092,HAM_0002914,vasc,True,True
ISIC_0030956,HAM_0005713,vasc,True,True
ISIC_0027983,HAM_0003839,vasc,True,True
ISIC_0027672,HAM_0007614,vasc,True,True
ISIC_0033031,HAM_0003862,vasc,True,True
ISIC_0032919,HAM_0006946,vasc,True,True
ISIC_0033230,HAM_0007097,vasc,True,True
ISIC_0032270,HAM_0005270,vasc,False,False
ISIC_0026876,HAM_0002610,vasc,True,True
ISIC_0025924,HAM_0006748,vasc,True,True
ISIC_0027256,HAM_0004542,vasc,True,True
ISIC_0032890,HAM_0003480,vasc,True,True
ISIC_0031706,HAM_0000934,vasc,True,True
ISIC_0025677,HAM_0004097,vasc,True,True
ISIC_0028680,HAM_0007150,vasc,True,True
ISIC_0029742,HAM_0002650,vasc,True,True
ISIC_0026490,HAM_0006291,vasc,True,True
ISIC_0029099,HAM_0000286,vasc,True,True
ISIC_0027937,HAM_0006280,vasc,True,True
ISIC_0026068,HAM_0004413,vasc,True,True
ISIC_0031513,HAM_0007141,bcc,True,True
ISIC_0027146,HAM_0007009,bcc,True,True
ISIC_0028807,HAM_0003429,bcc,True,True
ISIC_0031585,HAM_0004219,bcc,True,False
ISIC_0028693,HAM_0001610,bcc,True,True
ISIC_0027057,HAM_0002021,bcc,True,True
ISIC_0025691,HAM_0000065,bcc,True,False
ISIC_0031400,HAM_0001331,bcc,True,True
ISIC_0029747,HAM_0006800,bcc,True,True
ISIC_0027433,HAM_0007002,bcc,True,True
ISIC_0026643,HAM_0005469,bcc,True,True
ISIC_0032139,HAM_0003738,bcc,True,True
ISIC_0031789,HAM_0002717,bcc,False,True
ISIC_0031169,HAM_0001616,bcc,True,True
ISIC_0026453,HAM_0003328,bcc,True,True
ISIC_0027297,HAM_0003186,bcc,True,False
ISIC_0030114,HAM_0005998,bcc,True,True
ISIC_0033271,HAM_0000823,bcc,True,True
ISIC_0034255,HAM_0005396,bcc,True,True
ISIC_0032652,HAM_0004083,bcc,True,True
ISIC_0034276,HAM_0003046,bcc,True,True
ISIC_0033468,HAM_0000795,bcc,False,False
ISIC_0032816,HAM_0000879,bcc,True,True
ISIC_0033372,HAM_0001749,bcc,True,True
ISIC_0033301,HAM_0005478,bcc,True,True
ISIC_0033146,HAM_0003690,bcc,True,True
ISIC_0032727,HAM_0004848,bcc,True,False
ISIC_0025617,HAM_0004539,bcc,True,True
ISIC_0029564,HAM_0004515,bcc,True,False
ISIC_0032146,HAM_0004435,bcc,True,False
ISIC_0025576,HAM_0006115,bcc,True,True
ISIC_0029392,HAM_0002983,bcc,True,True
ISIC_0027601,HAM_0005842,bcc,True,True
ISIC_0031245,HAM_0005901,bcc,True,True
ISIC_0027631,HAM_0004440,bcc,True,True
ISIC_0028035,HAM_0002577,bcc,True,True
ISIC_0025299,HAM_0007313,bcc,True,True
ISIC_0024595,HAM_0004027,bcc,True,True
ISIC_0025046,HAM_0003866,bcc,True,True
ISIC_0029805,HAM_0005575,bcc,True,True
ISIC_0025433,HAM_0005410,bcc,True,True
ISIC_0026855,HAM_0000457,bcc,True,True
ISIC_0028107,HAM_0003135,bcc,True,True
ISIC_0032022,HAM_0005417,bcc,True,True
ISIC_0031122,HAM_0003389,bcc,True,True
ISIC_0032225,HAM_0001388,bcc,True,False
ISIC_0031007,HAM_0000153,bcc,True,False
ISIC_0032290,HAM_0004480,bcc,True,True
ISIC_0031728,HAM_0007588,bcc,True,True
ISIC_0028973,HAM_0005665,bcc,True,True
ISIC_0031009,HAM_0001434,bcc,True,False
ISIC_0030452,HAM_0004235,bcc,True,False
ISIC_0031057,HAM_0005509,bcc,True,False
ISIC_0031294,HAM_0004365,bcc,True,True
ISIC_0025530,HAM_0002313,bcc,True,True
ISIC_0029337,HAM_0002506,bcc,True,True
ISIC_0028652,HAM_0001575,bcc,True,True
ISIC_0030782,HAM_0000451,bcc,True,True
ISIC_0030915,HAM_0003043,bcc,True,True
ISIC_0032092,HAM_0005379,bcc,True,True
ISIC_0029602,HAM_0003991,bcc,True,True
ISIC_0029053,HAM_0002812,bcc,True,False
ISIC_0029220,HAM_0002258,bcc,True,True
ISIC_0026829,HAM_0007497,bcc,True,True
ISIC_0028568,HAM_0001434,bcc,True,True
ISIC_0027595,HAM_0006624,bcc,True,True
ISIC_0026154,HAM_0006658,bcc,True,True
ISIC_0029917,HAM_0007364,bcc,True,True
ISIC_0026090,HAM_0004084,bcc,True,False
ISIC_0025285,HAM_0004084,bcc,True,False
ISIC_0027920,HAM_0001390,bcc,True,True
ISIC_0025031,HAM_0002934,bcc,True,True
ISIC_0024931,HAM_0005488,bcc,True,True
ISIC_0026957,HAM_0001369,bcc,True,True
ISIC_0025564,HAM_0004161,bcc,True,False
ISIC_0032318,HAM_0006444,bcc,True,True
ISIC_0032061,HAM_0004685,bcc,True,True
ISIC_0028239,HAM_0002530,nv,True,True
ISIC_0031325,HAM_0002082,nv,True,True
ISIC_0025311,HAM_0001594,nv,True,True
ISIC_0031536,HAM_0007339,nv,True,True
ISIC_0032060,HAM_0005508,nv,True,True
ISIC_0026824,HAM_0004408,nv,True,True
ISIC_0030993,HAM_0006998,nv,True,True
ISIC_0029526,HAM_0001061,nv,True,True
ISIC_0032210,HAM_0001227,nv,True,True
ISIC_0031207,HAM_0001090,nv,True,True
ISIC_0027000,HAM_0000408,nv,True,True
ISIC_0032317,HAM_0001629,nv,True,True
ISIC_0027784,HAM_0001723,nv,True,True
ISIC_0028359,HAM_0001842,nv,True,True
ISIC_0026948,HAM_0007619,nv,True,True
ISIC_0031604,HAM_0004792,nv,True,True
ISIC_0029273,HAM_0004538,nv,True,True
ISIC_0027854,HAM_0002105,nv,True,True
ISIC_0027752,HAM_0007241,nv,True,True
ISIC_0030669,HAM_0007244,nv,True,True
ISIC_0025325,HAM_0002561,nv,True,True
ISIC_0026036,HAM_0003038,nv,True,True
ISIC_0028932,HAM_0000789,nv,True,True
ISIC_0025676,HAM_0004082,nv,True,True
ISIC_0025142,HAM_0004163,nv,True,True
ISIC_0030016,HAM_0003673,nv,True,True
ISIC_0027160,HAM_0007050,nv,True,True
ISIC_0028395,HAM_0006001,nv,True,True
ISIC_0027316,HAM_0004437,nv,True,True
ISIC_0028034,HAM_0005753,nv,True,True
ISIC_0030128,HAM_0002466,nv,True,True
ISIC_0026435,HAM_0006532,nv,True,True
ISIC_0027416,HAM_0006192,nv,True,True
ISIC_0024746,HAM_0004623,nv,True,True
ISIC_0024580,HAM_0003405,nv,True,True
ISIC_0031701,HAM_0005142,nv,True,True
ISIC_0024369,HAM_0004657,nv,True,True
ISIC_0031157,HAM_0003238,nv,True,True
ISIC_0027834,HAM_0002138,nv,True,True
ISIC_0032254,HAM_0001548,nv,True,True
ISIC_0030292,HAM_0002387,nv,True,True
ISIC_0031330,HAM_0002495,nv,True,True
ISIC_0028812,HAM_0004248,nv,True,True
ISIC_0031174,HAM_0000713,nv,True,True
ISIC_0028025,HAM_0005462,nv,True,True
ISIC_0027572,HAM_0006271,nv,True,True
ISIC_0029918,HAM_0000170,nv,True,True
ISIC_0025635,HAM_0004639,nv,True,True
ISIC_0031237,HAM_0001978,nv,True,True
ISIC_0026613,HAM_0004116,nv,True,True
ISIC_0029701,HAM_0001425,nv,True,True
ISIC_0030902,HAM_0004790,nv,True,True
ISIC_0031837,HAM_0005975,nv,True,True
ISIC_0024512,HAM_0000539,nv,True,True
ISIC_0024637,HAM_0006812,nv,True,True
ISIC_0031947,HAM_0002961,nv,True,True
ISIC_0029386,HAM_0004707,nv,True,True
ISIC_0029410,HAM_0004286,nv,True,True
ISIC_0028044,HAM_0000867,nv,True,True
ISIC_0024348,HAM_0002426,nv,True,True
ISIC_0025444,HAM_0000427,nv,True,True
ISIC_0027375,HAM_0005349,nv,True,True
ISIC_0031534,HAM_0002111,nv,True,True
ISIC_0028108,HAM_0005037,nv,True,True
ISIC_0027661,HAM_0002414,nv,True,True
ISIC_0028572,HAM_0006013,nv,True,True
ISIC_0026168,HAM_0002013,nv,True,True
ISIC_0028613,HAM_0004080,nv,True,True
ISIC_0025054,HAM_0005864,nv,True,True
ISIC_0031102,HAM_0004122,nv,True,True
ISIC_0031461,HAM_0001241,nv,True,True
ISIC_0031909,HAM_0007266,nv,True,True
ISIC_0029142,HAM_0000016,nv,True,True
ISIC_0028319,HAM_0001464,nv,True,True
ISIC_0025544,HAM_0001420,nv,True,True
ISIC_0029699,HAM_0005241,nv,True,True
ISIC_0032066,HAM_0002225,nv,True,True
ISIC_0024649,HAM_0001151,nv,True,True
ISIC_0031661,HAM_0001519,nv,True,True
ISIC_0026689,HAM_0005003,nv,True,True
ISIC_0027646,HAM_0000541,nv,True,True
ISIC_0026862,HAM_0002211,nv,True,True
ISIC_0025057,HAM_0005217,nv,True,True
ISIC_0030736,HAM_0004818,nv,True,True
ISIC_0028833,HAM_0001015,nv,True,True
ISIC_0030875,HAM_0001544,nv,True,True
ISIC_0031647,HAM_0005088,nv,True,True
ISIC_0027938,HAM_0006885,nv,True,True
ISIC_0029381,HAM_0002681,nv,True,True
ISIC_0024838,HAM_0002264,nv,True,True
ISIC_0024804,HAM_0006733,nv,True,True
ISIC_0031364,HAM_0000723,nv,True,True
ISIC_0027440,HAM_0003025,nv,True,True
ISIC_0030743,HAM_0003513,nv,False,False
ISIC_0024465,HAM_0006377,nv,True,True
ISIC_0029984,HAM_0004523,nv,True,True
ISIC_0025849,HAM_0001153,nv,True,True
ISIC_0030911,HAM_0005111,nv,True,True
ISIC_0032166,HAM_0001960,nv,True,True
ISIC_0028375,HAM_0006997,nv,True,True
ISIC_0031734,HAM_0000810,nv,True,True
ISIC_0027910,HAM_0001670,nv,True,True
ISIC_0030524,HAM_0005419,nv,True,True
ISIC_0029085,HAM_0007467,nv,True,True
ISIC_0030193,HAM_0000671,nv,True,True
ISIC_0026740,HAM_0003657,nv,True,True
ISIC_0027307,HAM_0002262,nv,True,True
ISIC_0026731,HAM_0001213,nv,True,True
ISIC_0024555,HAM_0004407,nv,True,True
ISIC_0030660,HAM_0003128,nv,True,True
ISIC_0025931,HAM_0001407,nv,True,True
ISIC_0025213,HAM_0003150,nv,True,True
ISIC_0026449,HAM_0002284,nv,True,True
ISIC_0028609,HAM_0007608,nv,True,True
ISIC_0024860,HAM_0002765,nv,True,True
ISIC_0026267,HAM_0007325,nv,True,True
ISIC_0030490,HAM_0001438,nv,True,True
ISIC_0028403,HAM_0003309,nv,True,True
ISIC_0032411,HAM_0000034,nv,True,True
ISIC_0032507,HAM_0004725,nv,True,True
ISIC_0024404,HAM_0005076,nv,True,True
ISIC_0031097,HAM_0004003,nv,True,True
ISIC_0029004,HAM_0001584,nv,True,True
ISIC_0025527,HAM_0001500,nv,True,True
ISIC_0029492,HAM_0000735,nv,True,True
ISIC_0030418,HAM_0005283,nv,True,True
ISIC_0026515,HAM_0002779,nv,True,True
ISIC_0032398,HAM_0002555,nv,True,True
ISIC_0026253,HAM_0005170,nv,True,True
ISIC_0026000,HAM_0003071,nv,True,True
ISIC_0030972,HAM_0002181,nv,True,True
ISIC_0029536,HAM_0005223,nv,True,True
ISIC_0026233,HAM_0000094,nv,True,True
ISIC_0027317,HAM_0001857,nv,True,True
ISIC_0030413,HAM_0006546,nv,True,True
ISIC_0028021,HAM_0002239,nv,True,True
ISIC_0030307,HAM_0003798,nv,True,True
ISIC_0026832,HAM_0000630,nv,True,True
ISIC_0027553,HAM_0002974,nv,True,True
ISIC_0029287,HAM_0000715,nv,True,True
ISIC_0030441,HAM_0000479,nv,True,True
ISIC_0025164,HAM_0005405,nv,True,True
ISIC_0031532,HAM_0004247,nv,True,True
ISIC_0030913,HAM_0002969,nv,True,True
ISIC_0031434,HAM_0003425,nv,True,True
ISIC_0025007,HAM_0001558,nv,True,True
ISIC_0028083,HAM_0007496,nv,True,True
ISIC_0030896,HAM_0003406,nv,True,True
ISIC_0032505,HAM_0007077,nv,True,True
ISIC_0028279,HAM_0001843,nv,True,True
ISIC_0026688,HAM_0001861,nv,True,True
ISIC_0032339,HAM_0007072,nv,True,True
ISIC_0027731,HAM_0000437,nv,True,True
ISIC_0028318,HAM_0001886,nv,True,True
ISIC_0028133,HAM_0003087,nv,True,True
ISIC_0028771,HAM_0005305,nv,True,True
ISIC_0031540,HAM_0006374,nv,True,True
ISIC_0027653,HAM_0005890,nv,True,True
ISIC_0026649,HAM_0006621,nv,True,True
ISIC_0026677,HAM_0001262,nv,True,True
ISIC_0025438,HAM_0003697,nv,True,True
ISIC_0032500,HAM_0006860,nv,True,True
ISIC_0030578,HAM_0002789,nv,True,True
ISIC_0025614,HAM_0002089,nv,True,True
ISIC_0029387,HAM_0000711,nv,True,True
ISIC_0025854,HAM_0000360,nv,True,True
ISIC_0024308,HAM_0001477,nv,True,True
ISIC_0029449,HAM_0000957,nv,True,True
ISIC_0026224,HAM_0005589,nv,True,True
ISIC_0024919,HAM_0006349,nv,True,True
ISIC_0028143,HAM_0006373,nv,True,True
ISIC_0027214,HAM_0004938,nv,True,True
ISIC_0025844,HAM_0006840,nv,True,True
ISIC_0031383,HAM_0000030,nv,True,True
ISIC_0026244,HAM_0002095,nv,True,True
ISIC_0027393,HAM_0007397,nv,True,True
ISIC_0028301,HAM_0005069,nv,True,True
ISIC_0028616,HAM_0002846,nv,True,True
ISIC_0027200,HAM_0001805,nv,True,True
ISIC_0024611,HAM_0000385,nv,True,True
ISIC_0032180,HAM_0004236,nv,True,True
ISIC_0024660,HAM_0001441,nv,True,True
ISIC_0028772,HAM_0007594,nv,True,True
ISIC_0029906,HAM_0001644,nv,True,True
ISIC_0029168,HAM_0003147,nv,True,True
ISIC_0024820,HAM_0005843,nv,True,True
ISIC_0027491,HAM_0007495,nv,True,True
ISIC_0031964,HAM_0007181,nv,True,True
ISIC_0027962,HAM_0003432,nv,True,True
ISIC_0027325,HAM_0005951,nv,True,True
ISIC_0024488,HAM_0003783,nv,True,True
ISIC_0027048,HAM_0001281,nv,True,True
ISIC_0029556,HAM_0001831,nv,True,True
ISIC_0029377,HAM_0006973,nv,True,True
ISIC_0026062,HAM_0000625,nv,True,True
ISIC_0026300,HAM_0005411,nv,True,True
ISIC_0029517,HAM_0004031,nv,True,True
ISIC_0025290,HAM_0001340,nv,True,True
ISIC_0028911,HAM_0006058,nv,True,True
ISIC_0030837,HAM_0007531,nv,True,True
ISIC_0030068,HAM_0005322,nv,True,True
ISIC_0026699,HAM_0007210,nv,True,True
ISIC_0028927,HAM_0000680,nv,True,True
ISIC_0028241,HAM_0007565,nv,True,True
ISIC_0029006,HAM_0001054,nv,True,True
ISIC_0024588,HAM_0006931,nv,True,True
ISIC_0024671,HAM_0001098,nv,True,True
ISIC_0030295,HAM_0007404,nv,True,True
ISIC_0031954,HAM_0003799,nv,True,True
ISIC_0029944,HAM_0006119,nv,True,True
ISIC_0028387,HAM_0004470,nv,True,True
ISIC_0024826,HAM_0000522,nv,True,True
ISIC_0028207,HAM_0000491,nv,True,True
ISIC_0028322,HAM_0003493,nv,True,True
ISIC_0029874,HAM_0003527,nv,True,True
ISIC_0026904,HAM_0004626,nv,True,True
ISIC_0029408,HAM_0002122,nv,True,True
ISIC_0026564,HAM_0001659,nv,True,True
ISIC_0026299,HAM_0004856,nv,True,True
ISIC_0028248,HAM_0002245,nv,True,True
ISIC_0028991,HAM_0001194,nv,True,True
ISIC_0026550,HAM_0004672,nv,True,True
ISIC_0029483,HAM_0003433,nv,True,True
ISIC_0024601,HAM_0001874,nv,True,True
ISIC_0027660,HAM_0000171,nv,True,True
ISIC_0028324,HAM_0006710,nv,True,True
ISIC_0024405,HAM_0001060,nv,True,True
ISIC_0029532,HAM_0006314,nv,True,True
ISIC_0027273,HAM_0004606,nv,True,True
ISIC_0028778,HAM_0006534,nv,True,True
ISIC_0028839,HAM_0004994,nv,True,True
ISIC_0026748,HAM_0001462,nv,True,True
ISIC_0032377,HAM_0000196,nv,True,True
ISIC_0026648,HAM_0003994,nv,True,True
ISIC_0025521,HAM_0004969,nv,True,True
ISIC_0027592,HAM_0006960,nv,True,True
ISIC_0024713,HAM_0005955,nv,True,True
ISIC_0031884,HAM_0004753,nv,True,True
ISIC_0028492,HAM_0004323,nv,True,True
ISIC_0030799,HAM_0005771,nv,True,True
ISIC_0031669,HAM_0004325,nv,True,True
ISIC_0024659,HAM_0001514,nv,True,True
ISIC_0028516,HAM_0005113,nv,True,True
ISIC_0026357,HAM_0001718,nv,True,True
ISIC_0025011,HAM_0002700,nv,True,True
ISIC_0024956,HAM_0005904,nv,True,True
ISIC_0029467,HAM_0006762,nv,True,True
ISIC_0031587,HAM_0001676,nv,True,True
ISIC_0030103,HAM_0001148,nv,True,True
ISIC_0028661,HAM_0006776,nv,True,True
ISIC_0028483,HAM_0003709,nv,True,True
ISIC_0024532,HAM_0004415,nv,True,True
ISIC_0029710,HAM_0002068,nv,True,True
ISIC_0032038,HAM_0001998,nv,True,True
ISIC_0024895,HAM_0004797,nv,True,True
ISIC_0031553,HAM_0001285,nv,True,True
ISIC_0028942,HAM_0006690,nv,True,True
ISIC_0028391,HAM_0005528,nv,True,True
ISIC_0029086,HAM_0000180,nv,True,True
ISIC_0027543,HAM_0006952,nv,True,True
ISIC_0030987,HAM_0001254,nv,True,True
ISIC_0030527,HAM_0006713,nv,True,True
ISIC_0024460,HAM_0007135,nv,True,True
ISIC_0026602,HAM_0003571,nv,True,True
ISIC_0027296,HAM_0001746,nv,True,True
ISIC_0026771,HAM_0006698,nv,True,True
ISIC_0024536,HAM_0003273,nv,True,True
ISIC_0029478,HAM_0002937,nv,True,True
ISIC_0026724,HAM_0003831,nv,True,True
ISIC_0030199,HAM_0001165,nv,True,True
ISIC_0026392,HAM_0004305,nv,True,True
ISIC_0029365,HAM_0001068,nv,True,True
ISIC_0030147,HAM_0004366,nv,True,True
ISIC_0025728,HAM_0003921,nv,True,True
ISIC_0026066,HAM_0001599,nv,True,True
ISIC_0024645,HAM_0000004,nv,True,False
ISIC_0030624,HAM_0006771,nv,True,True
ISIC_0028161,HAM_0005150,nv,True,True
ISIC_0032503,HAM_0002487,nv,True,True
ISIC_0025762,HAM_0005189,nv,True,True
ISIC_0025721,HAM_0001963,nv,True,True
ISIC_0026418,HAM_0005831,nv,True,True
ISIC_0028634,HAM_0000481,nv,True,True
ISIC_0027611,HAM_0000160,nv,True,True
ISIC_0024613,HAM_0001291,nv,True,True
ISIC_0026667,HAM_0003660,nv,True,True
ISIC_0030895,HAM_0006647,nv,True,True
ISIC_0031264,HAM_0006227,nv,True,True
ISIC_0028996,HAM_0004151,nv,True,True
ISIC_0029586,HAM_0003864,nv,True,True
ISIC_0027059,HAM_0007628,nv,True,True
ISIC_0027483,HAM_0005181,nv,True,True
ISIC_0030169,HAM_0005240,nv,True,True
ISIC_0028485,HAM_0005567,nv,True,True
ISIC_0027459,HAM_0006999,nv,True,True
ISIC_0028206,HAM_0004052,nv,True,True
ISIC_0024783,HAM_0007223,nv,True,True
ISIC_0029754,HAM_0000389,nv,True,True
ISIC_0029692,HAM_0005503,nv,True,True
ISIC_0032167,HAM_0000916,nv,True,True
ISIC_0024724,HAM_0000679,nv,True,True
ISIC_0030577,HAM_0000281,nv,True,True
ISIC_0027555,HAM_0003503,nv,True,True
ISIC_0031538,HAM_0004868,nv,True,True
ISIC_0030288,HAM_0003626,nv,True,True
ISIC_0025495,HAM_0001275,nv,True,True
ISIC_0027521,HAM_0005554,nv,True,True
ISIC_0030438,HAM_0006206,nv,True,True
ISIC_0030043,HAM_0002549,nv,True,True
ISIC_0026662,HAM_0005140,nv,True,True
ISIC_0026088,HAM_0002958,nv,True,True
ISIC_0032127,HAM_0001595,nv,True,True
ISIC_0029136,HAM_0005416,nv,True,True
ISIC_0025750,HAM_0007056,nv,True,True
ISIC_0030506,HAM_0000384,nv,True,True
ISIC_0029131,HAM_0006985,nv,True,True
ISIC_0027618,HAM_0006518,nv,True,True
ISIC_0024591,HAM_0006068,nv,True,True
ISIC_0026160,HAM_0001639,nv,True,True
ISIC_0030716,HAM_0006308,nv,True,True
ISIC_0027743,HAM_0004591,nv,True,True
ISIC_0024558,HAM_0003041,nv,True,True
ISIC_0025111,HAM_0005819,nv,True,True
ISIC_0024633,HAM_0006254,nv,True,True
ISIC_0031842,HAM_0006752,nv,True,True
ISIC_0029853,HAM_0001485,nv,True,True
ISIC_0027015,HAM_0001851,nv,True,True
ISIC_0031684,HAM_0001351,nv,True,True
ISIC_0024889,HAM_0000197,nv,True,True
ISIC_0028672,HAM_0003888,nv,True,True
ISIC_0024438,HAM_0002251,nv,True,True
ISIC_0026077,HAM_0005592,nv,True,True
ISIC_0031300,HAM_0007626,nv,True,True
ISIC_0026434,HAM_0007414,nv,True,True
ISIC_0031780,HAM_0005167,nv,True,True
ISIC_0029616,HAM_0002842,nv,True,True
ISIC_0028624,HAM_0003750,nv,True,True
ISIC_0026899,HAM_0001652,nv,True,True
ISIC_0028892,HAM_0006335,nv,True,True
ISIC_0027050,HAM_0004597,nv,True,True
ISIC_0025270,HAM_0004764,nv,True,True
ISIC_0029506,HAM_0005497,nv,True,True
ISIC_0028189,HAM_0006849,nv,True,True
ISIC_0028708,HAM_0005004,nv,True,True
ISIC_0024354,HAM_0004117,nv,True,True
ISIC_0027342,HAM_0000510,nv,True,True
ISIC_0032295,HAM_0006106,nv,True,True
ISIC_0030012,HAM_0000253,nv,True,True
ISIC_0027761,HAM_0000663,nv,True,True
ISIC_0024339,HAM_0005781,nv,True,True
ISIC_0024627,HAM_0002992,nv,True,True
ISIC_0030152,HAM_0000043,nv,True,True
ISIC_0028867,HAM_0003169,nv,True,True
ISIC_0031607,HAM_0002270,nv,True,True
ISIC_0026616,HAM_0007105,nv,True,True
ISIC_0026459,HAM_0002241,nv,True,True
ISIC_0024384,HAM_0001029,nv,True,True
ISIC_0029275,HAM_0003905,nv,True,True
ISIC_0026332,HAM_0004339,nv,True,True
ISIC_0024600,HAM_0002499,nv,True,True
ISIC_0030078,HAM_0005796,nv,True,True
ISIC_0029957,HAM_0005418,nv,True,True
ISIC_0028273,HAM_0000242,nv,True,True
ISIC_0027864,HAM_0000944,nv,True,True
ISIC_0027292,HAM_0006460,nv,True,True
ISIC_0025269,HAM_0004155,nv,True,True
ISIC_0031397,HAM_0000178,nv,True,True
ISIC_0028171,HAM_0005346,nv,True,True
ISIC_0030001,HAM_0001658,nv,True,True
ISIC_0029535,HAM_0000664,nv,True,True
ISIC_0025582,HAM_0007423,nv,True,True
ISIC_0029078,HAM_0004808,nv,True,True
ISIC_0031983,HAM_0006890,nv,True,True
ISIC_0027830,HAM_0001516,nv,True,True
ISIC_0026450,HAM_0001784,nv,True,True
ISIC_0024817,HAM_0000447,nv,True,True
ISIC_0031109,HAM_0000869,nv,True,True
ISIC_0031307,HAM_0004299,nv,True,True
ISIC_0030472,HAM_0005161,nv,True,True
ISIC_0026563,HAM_0005526,nv,True,True
ISIC_0025757,HAM_0000695,nv,True,True
ISIC_0025037,HAM_0002893,nv,True,True
ISIC_0031439,HAM_0001779,nv,True,True
ISIC_0032488,HAM_0002383,nv,True,True
ISIC_0027977,HAM_0004512,nv,True,True
ISIC_0030634,HAM_0000830,nv,True,True
ISIC_0025538,HAM_0000661,nv,True,True
ISIC_0030719,HAM_0000633,nv,True,True
ISIC_0026472,HAM_0004277,nv,True,True
ISIC_0032012,HAM_0001980,nv,True,True
ISIC_0031717,HAM_0001228,nv,True,True
ISIC_0026307,HAM_0001365,nv,True,True
ISIC_0024483,HAM_0004266,nv,True,True
ISIC_0031879,HAM_0003065,nv,True,True
ISIC_0027845,HAM_0006167,nv,True,True
ISIC_0028251,HAM_0002884,nv,True,True
ISIC_0028940,HAM_0003890,nv,True,True
ISIC_0028799,HAM_0001727,nv,True,True
ISIC_0032435,HAM_0002963,nv,True,True
ISIC_0031246,HAM_0003538,nv,True,True
ISIC_0024325,HAM_0002044,nv,True,True
ISIC_0029987,HAM_0005071,nv,True,True
ISIC_0025464,HAM_0006704,nv,True,True
ISIC_0031265,HAM_0007357,nv,True,True
ISIC_0030563,HAM_0007136,nv,True,True
ISIC_0031047,HAM_0002594,nv,True,True
ISIC_0025532,HAM_0000438,nv,True,True
ISIC_0029134,HAM_0002829,nv,True,True
ISIC_0032147,HAM_0006867,nv,True,True
ISIC_0026495,HAM_0003977,nv,True,True
ISIC_0032323,HAM_0003070,nv,True,True
ISIC_0025739,HAM_0002036,nv,True,True
ISIC_0025460,HAM_0006820,nv,True,True
ISIC_0026939,HAM_0000254,nv,True,True
ISIC_0027340,HAM_0007450,nv,True,True
ISIC_0030062,HAM_0001293,nv,True,True
ISIC_0030680,HAM_0002381,nv,True,True
ISIC_0030439,HAM_0002743,nv,True,True
ISIC_0031341,HAM_0006807,nv,True,True
ISIC_0027891,HAM_0003417,nv,True,True
ISIC_0030568,HAM_0002406,nv,True,True
ISIC_0026863,HAM_0002822,nv,True,True
ISIC_0029116,HAM_0007062,nv,True,True
ISIC_0025334,HAM_0006557,nv,True,True
ISIC_0026019,HAM_0001768,nv,True,True
ISIC_0027817,HAM_0004401,nv,True,True
ISIC_0028162,HAM_0000416,nv,True,True
ISIC_0030749,HAM_0006153,nv,True,True
ISIC_0031509,HAM_0000560,nv,True,True
ISIC_0027413,HAM_0007287,nv,True,True
ISIC_0026294,HAM_0000848,nv,True,True
ISIC_0030029,HAM_0005437,nv,True,True
ISIC_0029796,HAM_0000860,nv,True,True
ISIC_0026640,HAM_0006309,nv,True,True
ISIC_0028522,HAM_0004906,nv,True,True
ISIC_0025880,HAM_0005744,nv,True,True
ISIC_0027551,HAM_0006035,nv,True,True
ISIC_0031458,HAM_0007561,nv,True,True
ISIC_0025690,HAM_0007282,nv,True,True
ISIC_0027581,HAM_0005205,nv,True,True
ISIC_0024840,HAM_0006705,nv,True,True
ISIC_0029890,HAM_0000052,nv,True,True
ISIC_0030259,HAM_0000665,nv,True,True
ISIC_0025995,HAM_0000914,nv,True,True
ISIC_0024681,HAM_0006341,nv,True,True
ISIC_0024444,HAM_0005543,nv,True,True
ISIC_0029314,HAM_0003959,nv,True,True
ISIC_0029817,HAM_0003572,nv,True,True
ISIC_0030364,HAM_0001709,nv,True,True
ISIC_0024606,HAM_0006576,nv,True,True
ISIC_0030946,HAM_0001084,nv,True,True
ISIC_0032432,HAM_0001937,nv,True,True
ISIC_0031393,HAM_0006247,nv,True,True
ISIC_0025497,HAM_0007006,nv,True,True
ISIC_0029672,HAM_0006880,nv,True,True
ISIC_0026001,HAM_0004907,nv,True,True
ISIC_0029429,HAM_0003794,nv,True,True
ISIC_0025151,HAM_0007309,nv,True,True
ISIC_0025801,HAM_0004132,nv,True,True
ISIC_0031952,HAM_0000480,nv,True,True
ISIC_0032172,HAM_0007517,nv,True,True
ISIC_0029673,HAM_0001825,nv,True,True
ISIC_0028262,HAM_0004959,nv,True,True
ISIC_0027664,HAM_0000422,nv,True,True
ISIC_0028379,HAM_0003333,nv,True,True
ISIC_0026289,HAM_0005233,nv,True,True
ISIC_0030218,HAM_0002098,nv,True,True
ISIC_0024852,HAM_0003870,nv,True,True
ISIC_0028039,HAM_0000035,nv,True,True
ISIC_0029761,HAM_0005948,nv,True,True
ISIC_0032131,HAM_0003173,nv,True,True
ISIC_0030412,HAM_0002123,nv,True,True
ISIC_0025498,HAM_0003518,nv,True,True
ISIC_0026669,HAM_0000511,nv,True,True
ISIC_0029110,HAM_0001233,nv,True,True
ISIC_0026095,HAM_0002297,nv,True,True
ISIC_0030628,HAM_0002707,nv,True,True
ISIC_0027445,HAM_0007399,nv,True,True
ISIC_0026250,HAM_0003955,nv,True,True
ISIC_0029700,HAM_0001787,nv,True,True
ISIC_0030405,HAM_0006555,nv,True,True
ISIC_0025212,HAM_0003474,nv,True,True
ISIC_0029908,HAM_0001646,nv,True,True
ISIC_0029658,HAM_0005593,nv,True,True
ISIC_0027995,HAM_0001317,nv,True,True
ISIC_0026595,HAM_0004795,nv,True,True
ISIC_0029037,HAM_0004311,nv,True,True
ISIC_0028351,HAM_0002485,nv,True,True
ISIC_0026723,HAM_0001549,nv,True,True
ISIC_0026116,HAM_0002855,nv,True,True
ISIC_0025787,HAM_0004469,nv,True,True
ISIC_0028738,HAM_0004576,nv,True,True
ISIC_0025138,HAM_0002174,nv,True,True
ISIC_0027241,HAM_0000995,nv,True,True
ISIC_0031338,HAM_0005996,nv,True,True
ISIC_0031610,HAM_0004157,nv,True,True
ISIC_0028726,HAM_0005900,nv,True,True
ISIC_0025839,HAM_0003385,nv,True,True
ISIC_0027842,HAM_0000355,nv,True,True
ISIC_0027866,HAM_0004329,nv,True,True
ISIC_0029164,HAM_0006161,nv,True,True
ISIC_0026800,HAM_0003013,nv,True,True
ISIC_0031944,HAM_0004162,nv,True,True
ISIC_0031161,HAM_0001195,nv,True,True
ISIC_0028001,HAM_0005778,nv,True,True
ISIC_0026856,HAM_0004697,nv,True,True
ISIC_0029255,HAM_0007599,nv,True,True
ISIC_0028300,HAM_0004092,nv,True,True
ISIC_0032418,HAM_0004594,nv,True,True
ISIC_0028704,HAM_0006427,nv,True,True
ISIC_0032506,HAM_0002917,nv,True,True
ISIC_0032261,HAM_0005025,nv,True,True
ISIC_0029259,HAM_0003132,nv,True,True
ISIC_0031869,HAM_0005002,nv,True,True
ISIC_0025025,HAM_0004781,nv,True,True
ISIC_0029481,HAM_0004421,nv,True,True
ISIC_0030157,HAM_0002173,nv,True,True
ISIC_0029098,HAM_0000333,nv,True,True
ISIC_0031497,HAM_0004774,nv,True,True
ISIC_0031448,HAM_0004486,nv,True,True
ISIC_0028031,HAM_0005765,nv,True,True
ISIC_0028334,HAM_0002826,nv,True,True
ISIC_0030257,HAM_0001370,nv,True,True
ISIC_0031805,HAM_0005023,nv,True,True
ISIC_0024797,HAM_0000828,nv,True,True
ISIC_0030807,HAM_0004799,nv,True,True
ISIC_0028342,HAM_0006008,nv,True,True
ISIC_0024368,HAM_0003465,nv,True,True
ISIC_0024397,HAM_0001501,nv,True,True
ISIC_0029799,HAM_0003995,nv,True,True
ISIC_0028828,HAM_0002690,nv,True,True
ISIC_0026673,HAM_0004251,nv,True,True
ISIC_0025828,HAM_0006515,nv,True,True
ISIC_0025682,HAM_0004812,nv,True,True
ISIC_0026431,HAM_0003730,nv,True,True
ISIC_0028440,HAM_0001461,nv,True,True
ISIC_0024988,HAM_0000573,nv,True,True
ISIC_0029395,HAM_0006958,nv,True,True
ISIC_0025194,HAM_0005512,nv,True,True
ISIC_0024717,HAM_0004887,nv,True,True
ISIC_0028213,HAM_0000200,nv,True,True
ISIC_0024491,HAM_0002452,nv,True,True
ISIC_0030478,HAM_0000894,nv,True,True
ISIC_0028417,HAM_0000061,nv,True,True
ISIC_0030891,HAM_0001025,nv,True,True
ISIC_0027186,HAM_0005688,nv,True,True
ISIC_0025177,HAM_0001248,nv,True,True
ISIC_0029049,HAM_0003246,nv,True,True
ISIC_0029018,HAM_0003246,nv,True,True
ISIC_0027112,HAM_0004886,nv,True,True
ISIC_0028791,HAM_0006032,nv,True,True
ISIC_0027855,HAM_0000965,nv,True,True
ISIC_0026730,HAM_0003277,nv,True,True
ISIC_0026519,HAM_0007255,nv,True,True
ISIC_0028755,HAM_0000288,nv,True,True
ISIC_0024597,HAM_0003303,nv,True,True
ISIC_0029790,HAM_0001684,nv,True,True
ISIC_0027898,HAM_0007202,nv,True,True
ISIC_0028293,HAM_0000476,nv,True,True
ISIC_0032428,HAM_0004410,nv,True,True
ISIC_0027640,HAM_0003230,nv,True,False
ISIC_0030273,HAM_0004524,nv,False,False
ISIC_0028971,HAM_0000930,nv,True,True
ISIC_0031145,HAM_0004267,nv,True,True
ISIC_0027235,HAM_0003091,nv,False,False
ISIC_0024891,HAM_0004763,nv,True,True
ISIC_0025442,HAM_0002652,nv,True,True
ISIC_0028461,HAM_0000072,nv,True,False
ISIC_0029719,HAM_0003692,nv,False,True
ISIC_0028453,HAM_0002856,nv,False,True
ISIC_0031733,HAM_0005237,nv,True,True
ISIC_0031663,HAM_0002946,nv,True,True
ISIC_0032096,HAM_0003848,nv,True,True
ISIC_0027358,HAM_0003767,nv,True,True
ISIC_0027734,HAM_0002670,nv,True,True
ISIC_0030874,HAM_0002489,nv,True,True
ISIC_0029389,HAM_0004575,nv,True,True
ISIC_0026874,HAM_0001542,nv,True,True
ISIC_0026389,HAM_0005447,nv,True,True
ISIC_0025428,HAM_0005339,nv,True,True
ISIC_0024824,HAM_0005188,nv,True,True
ISIC_0027878,HAM_0007189,nv,True,True
ISIC_0028371,HAM_0007464,nv,True,True
ISIC_0026006,HAM_0003583,nv,True,True
ISIC_0026541,HAM_0006974,nv,True,False
ISIC_0025869,HAM_0007356,nv,True,True
ISIC_0027812,HAM_0004546,nv,True,True
ISIC_0027410,HAM_0005227,nv,True,True
ISIC_0027103,HAM_0000589,nv,True,True
ISIC_0028528,HAM_0000324,nv,False,True
ISIC_0029945,HAM_0000324,nv,False,False
ISIC_0026148,HAM_0002975,nv,True,True
ISIC_0031094,HAM_0005056,nv,True,True
ISIC_0029488,HAM_0001623,nv,True,True
ISIC_0028804,HAM_0006618,nv,True,False
ISIC_0026781,HAM_0002575,nv,True,True
ISIC_0029846,HAM_0002484,nv,True,True
ISIC_0029194,HAM_0002484,nv,True,True
ISIC_0027034,HAM_0007426,nv,True,True
ISIC_0031887,HAM_0007426,nv,True,True
ISIC_0028534,HAM_0003653,nv,True,True
ISIC_0028222,HAM_0001968,nv,True,True
ISIC_0026237,HAM_0003299,nv,True,True
ISIC_0027548,HAM_0004761,nv,True,True
ISIC_0028961,HAM_0005561,nv,True,True
ISIC_0030053,HAM_0000261,nv,True,True
ISIC_0025789,HAM_0007249,nv,True,True
ISIC_0030184,HAM_0004138,nv,True,True
ISIC_0031501,HAM_0007138,nv,True,True
ISIC_0029354,HAM_0000269,nv,True,True
ISIC_0033356,HAM_0005213,nv,True,True
ISIC_0031158,HAM_0006709,nv,True,True
ISIC_0033846,HAM_0006516,nv,True,True
ISIC_0032691,HAM_0007541,nv,True,True
ISIC_0032891,HAM_0006080,nv,True,True
ISIC_0033348,HAM_0001615,nv,True,True
ISIC_0033048,HAM_0001615,nv,True,True
ISIC_0026618,HAM_0006916,nv,True,True
ISIC_0025456,HAM_0003158,nv,True,True
ISIC_0033549,HAM_0005351,nv,True,True
ISIC_0025239,HAM_0003462,nv,True,True
ISIC_0034234,HAM_0004706,nv,True,True
ISIC_0034274,HAM_0004706,nv,True,True
ISIC_0033759,HAM_0002923,nv,True,True
ISIC_0033386,HAM_0002750,nv,True,False
ISIC_0033253,HAM_0002434,nv,True,True
ISIC_0033974,HAM_0002434,nv,True,True
ISIC_0025978,HAM_0000523,nv,True,True
ISIC_0025786,HAM_0004260,nv,True,True
ISIC_0025525,HAM_0004260,nv,True,True
ISIC_0027847,HAM_0000249,nv,True,True
ISIC_0028780,HAM_0000138,nv,True,True
ISIC_0031988,HAM_0003904,nv,True,True
ISIC_0029662,HAM_0005298,nv,True,True
ISIC_0025001,HAM_0003235,nv,True,True
ISIC_0028500,HAM_0006326,nv,True,True
ISIC_0025262,HAM_0005879,nv,True,True
ISIC_0029348,HAM_0000012,nv,True,True
ISIC_0030429,HAM_0006146,nv,True,True
ISIC_0030899,HAM_0004222,nv,True,True
ISIC_0032641,HAM_0006147,nv,True,True
ISIC_0032717,HAM_0005363,nv,True,True
ISIC_0032651,HAM_0004714,nv,True,True
ISIC_0033503,HAM_0006520,nv,True,False
ISIC_0033795,HAM_0006520,nv,False,False
ISIC_0033100,HAM_0000313,nv,True,True
ISIC_0033388,HAM_0002501,nv,True,True
ISIC_0032811,HAM_0002574,nv,True,True
ISIC_0033370,HAM_0001484,nv,True,True
ISIC_0033521,HAM_0001484,nv,True,True
ISIC_0032623,HAM_0001484,nv,True,True
ISIC_0032821,HAM_0006391,nv,True,True
ISIC_0034133,HAM_0004829,nv,True,True
ISIC_0034152,HAM_0004296,nv,True,True
ISIC_0034020,HAM_0002206,nv,True,True
ISIC_0034273,HAM_0002016,nv,True,True
ISIC_0033633,HAM_0005265,nv,True,False
ISIC_0032948,HAM_0005248,nv,True,True
ISIC_0033657,HAM_0006491,nv,True,True
ISIC_0033837,HAM_0000402,nv,True,True
ISIC_0032612,HAM_0000402,nv,True,True
ISIC_0034039,HAM_0000402,nv,True,True
ISIC_0033071,HAM_0004963,nv,True,True
ISIC_0034086,HAM_0003460,nv,False,True
ISIC_0033242,HAM_0006883,nv,True,True
ISIC_0032961,HAM_0000579,nv,True,False
ISIC_0034112,HAM_0000579,nv,True,True
ISIC_0033838,HAM_0005539,nv,True,True
ISIC_0033990,HAM_0006379,nv,True,True
ISIC_0034157,HAM_0002721,nv,True,True
ISIC_0032770,HAM_0003137,nv,True,True
ISIC_0034184,HAM_0003137,nv,True,True
ISIC_0033385,HAM_0001321,nv,True,False
ISIC_0033849,HAM_0006615,nv,True,True
ISIC_0032885,HAM_0003713,nv,True,True
ISIC_0032859,HAM_0005961,nv,True,True
ISIC_0033138,HAM_0004550,nv,True,True
ISIC_0032728,HAM_0004550,nv,True,True
ISIC_0034044,HAM_0000747,nv,True,True
ISIC_0033763,HAM_0001218,nv,True,True
ISIC_0033069,HAM_0004503,nv,True,False
ISIC_0032735,HAM_0004503,nv,True,True
ISIC_0032546,HAM_0000547,nv,True,True
ISIC_0033958,HAM_0005206,nv,True,True
ISIC_0033016,HAM_0005135,nv,True,False
ISIC_0026810,HAM_0007306,nv,True,True
ISIC_0033351,HAM_0001870,nv,True,True
ISIC_0033131,HAM_0001870,nv,True,True
ISIC_0032683,HAM_0005383,nv,True,True
ISIC_0032971,HAM_0003824,nv,True,True
ISIC_0034224,HAM_0003852,nv,True,True
ISIC_0032587,HAM_0003288,nv,True,True
ISIC_0034300,HAM_0003512,nv,True,True
ISIC_0032609,HAM_0003512,nv,True,True
ISIC_0033729,HAM_0000439,nv,True,True
ISIC_0034307,HAM_0000439,nv,True,True
ISIC_0032822,HAM_0001246,nv,True,True
ISIC_0033976,HAM_0003181,nv,True,True
ISIC_0034314,HAM_0006042,nv,True,True
ISIC_0033983,HAM_0006042,nv,True,True
ISIC_0032541,HAM_0007415,nv,True,True
ISIC_0034190,HAM_0003325,nv,False,False
ISIC_0033961,HAM_0003884,nv,True,True
ISIC_0033743,HAM_0001026,nv,True,True
ISIC_0034149,HAM_0003735,nv,True,True
ISIC_0033887,HAM_0004221,nv,True,True
ISIC_0034073,HAM_0001889,nv,True,True
ISIC_0033107,HAM_0004814,nv,True,True
ISIC_0034078,HAM_0003193,nv,True,True
ISIC_0033658,HAM_0007367,nv,True,True
ISIC_0032908,HAM_0006666,nv,True,True
ISIC_0034203,HAM_0005190,nv,True,True
ISIC_0033188,HAM_0001935,nv,True,True
ISIC_0034232,HAM_0000216,nv,True,True
ISIC_0033649,HAM_0001683,nv,True,True
ISIC_0032820,HAM_0006372,nv,True,True
ISIC_0032813,HAM_0002582,nv,True,True
ISIC_0033194,HAM_0003634,nv,True,True
ISIC_0032620,HAM_0003106,nv,True,True
ISIC_0030420,HAM_0003106,nv,True,True
ISIC_0033711,HAM_0007562,nv,True,True
ISIC_0034084,HAM_0001777,nv,True,True
ISIC_0032625,HAM_0007348,nv,True,True
ISIC_0032974,HAM_0002135,nv,True,True
ISIC_0032650,HAM_0002908,nv,True,True
ISIC_0032769,HAM_0004444,nv,True,True
ISIC_0033922,HAM_0004444,nv,True,True
ISIC_0033075,HAM_0002170,nv,True,True
ISIC_0032574,HAM_0000970,nv,True,True
ISIC_0033661,HAM_0003097,nv,True,True
ISIC_0033116,HAM_0001905,nv,True,True
ISIC_0033876,HAM_0005185,nv,True,True
ISIC_0031482,HAM_0005083,nv,True,False
ISIC_0033433,HAM_0007169,nv,True,True
ISIC_0034127,HAM_0006628,nv,True,True
ISIC_0033111,HAM_0006628,nv,True,True
ISIC_0034251,HAM_0002898,nv,True,True
ISIC_0033721,HAM_0002898,nv,True,False
ISIC_0032565,HAM_0007299,nv,True,True
ISIC_0034261,HAM_0002759,nv,True,True
ISIC_0033939,HAM_0006329,nv,True,True
ISIC_0032772,HAM_0005496,nv,True,True
ISIC_0032593,HAM_0004118,nv,True,True
ISIC_0031290,HAM_0001872,nv,True,True
ISIC_0032657,HAM_0002431,nv,True,True
ISIC_0032605,HAM_0006334,nv,True,True
ISIC_0033771,HAM_0002015,nv,True,True
ISIC_0033102,HAM_0004375,nv,True,True
ISIC_0033564,HAM_0003969,nv,True,True
ISIC_0032627,HAM_0003969,nv,True,True
ISIC_0032380,HAM_0003248,nv,True,True
ISIC_0028591,HAM_0000468,nv,True,False
ISIC_0033792,HAM_0004043,nv,True,True
ISIC_0034122,HAM_0002448,nv,True,True
ISIC_0034247,HAM_0006559,nv,True,True
ISIC_0034191,HAM_0001708,nv,True,True
ISIC_0034033,HAM_0005312,nv,True,True
ISIC_0032752,HAM_0007052,nv,True,False
ISIC_0033794,HAM_0007052,nv,False,False
ISIC_0032539,HAM_0004581,nv,True,True
ISIC_0033277,HAM_0004588,nv,True,True
ISIC_0033448,HAM_0002257,nv,True,True
ISIC_0033036,HAM_0004189,nv,True,True
ISIC_0033861,HAM_0004599,nv,True,True
ISIC_0033147,HAM_0004000,nv,True,True
ISIC_0033740,HAM_0005997,nv,False,False
ISIC_0033153,HAM_0003649,nv,True,True
ISIC_0032848,HAM_0002596,nv,True,True
ISIC_0033656,HAM_0002604,nv,True,True
ISIC_0029775,HAM_0002432,nv,True,False
ISIC_0031460,HAM_0000135,nv,True,True
ISIC_0028540,HAM_0002023,nv,True,True
ISIC_0029704,HAM_0003745,nv,True,True
ISIC_0029809,HAM_0004014,nv,True,True
ISIC_0028538,HAM_0007276,nv,True,True
ISIC_0031796,HAM_0000410,nv,True,True
ISIC_0026328,HAM_0002881,nv,True,True
ISIC_0027567,HAM_0004830,nv,True,True
ISIC_0027942,HAM_0001041,nv,True,True
ISIC_0030264,HAM_0007221,nv,True,True
ISIC_0027052,HAM_0000752,nv,True,True
ISIC_0028894,HAM_0003639,nv,True,False
ISIC_0025208,HAM_0000397,nv,True,True
ISIC_0030840,HAM_0002154,nv,True,False
ISIC_0032291,HAM_0000032,nv,True,True
ISIC_0029566,HAM_0004787,nv,True,True
ISIC_0026841,HAM_0003833,nv,True,True
ISIC_0025945,HAM_0003833,nv,True,True
ISIC_0031149,HAM_0003833,nv,True,True
ISIC_0031360,HAM_0000291,nv,True,True
ISIC_0032368,HAM_0001715,nv,True,True
ISIC_0031905,HAM_0003320,nv,True,True
ISIC_0025545,HAM_0000751,nv,True,True
ISIC_0024529,HAM_0004432,nv,True,True
ISIC_0024355,HAM_0001525,nv,True,True
ISIC_0027423,HAM_0001157,nv,True,True
ISIC_0024587,HAM_0002645,nv,True,True
ISIC_0031541,HAM_0004007,nv,True,True
ISIC_0027596,HAM_0004007,nv,True,True
ISIC_0031204,HAM_0002628,nv,True,True
ISIC_0024694,HAM_0001130,nv,True,True
ISIC_0025231,HAM_0001817,nv,True,True
ISIC_0027514,HAM_0000637,nv,True,True
ISIC_0029382,HAM_0000275,nv,True,True
ISIC_0031811,HAM_0003113,nv,True,True
ISIC_0028390,HAM_0000188,nv,True,True
ISIC_0029661,HAM_0001699,nv,True,False
ISIC_0028030,HAM_0007358,nv,True,True
ISIC_0026030,HAM_0003580,nv,True,True
ISIC_0032427,HAM_0005818,nv,True,True
ISIC_0031405,HAM_0002333,nv,True,True
ISIC_0027897,HAM_0003164,nv,True,True
ISIC_0032184,HAM_0004866,nv,True,True
ISIC_0031399,HAM_0002746,nv,True,True
ISIC_0030621,HAM_0001101,nv,True,True
ISIC_0031510,HAM_0000525,nv,False,False
ISIC_0031483,HAM_0002298,nv,True,True
ISIC_0032274,HAM_0006451,nv,True,True
ISIC_0025518,HAM_0003698,nv,True,True
ISIC_0025181,HAM_0001347,nv,True,True
ISIC_0031603,HAM_0002128,nv,False,False
ISIC_0029867,HAM_0002128,nv,True,True
ISIC_0027045,HAM_0005016,nv,True,True
ISIC_0025742,HAM_0003723,nv,True,True
ISIC_0031015,HAM_0007518,nv,True,True
ISIC_0030842,HAM_0006855,nv,True,True
ISIC_0028598,HAM_0006633,nv,True,True
ISIC_0026147,HAM_0006983,nv,True,True
ISIC_0025340,HAM_0006968,nv,True,True
ISIC_0025657,HAM_0006730,nv,True,True
ISIC_0026615,HAM_0002532,nv,True,True
ISIC_0031934,HAM_0002003,nv,True,True
ISIC_0029583,HAM_0003585,nv,True,True
ISIC_0029121,HAM_0002368,nv,True,True
ISIC_0031126,HAM_0003434,nv,True,True
ISIC_0025506,HAM_0005393,nv,True,True
ISIC_0030796,HAM_0006793,nv,True,True
ISIC_0029197,HAM_0001911,nv,True,True
ISIC_0028408,HAM_0006506,nv,True,False
ISIC_0026404,HAM_0003727,nv,False,False
ISIC_0029298,HAM_0001508,nv,True,True
ISIC_0024790,HAM_0001941,nv,True,False
ISIC_0028551,HAM_0000667,nv,True,True
ISIC_0030962,HAM_0003562,nv,True,True
ISIC_0025926,HAM_0005854,nv,True,True
ISIC_0026741,HAM_0005987,nv,True,True
ISIC_0032243,HAM_0004701,nv,True,False
ISIC_0031363,HAM_0001334,nv,True,True
ISIC_0026398,HAM_0007324,nv,True,True
ISIC_0030416,HAM_0003026,nv,True,True
ISIC_0031451,HAM_0006401,nv,True,True
ISIC_0030115,HAM_0003822,nv,True,True
ISIC_0025784,HAM_0003652,nv,False,True
ISIC_0027928,HAM_0001077,nv,True,True
ISIC_0027466,HAM_0001454,nv,True,True
ISIC_0026414,HAM_0001022,nv,False,True
ISIC_0024926,HAM_0006367,nv,True,True
ISIC_0026559,HAM_0006514,nv,True,False
ISIC_0031708,HAM_0002865,nv,True,False
ISIC_0024356,HAM_0000689,nv,True,True
ISIC_0031838,HAM_0002517,nv,True,True
ISIC_0030253,HAM_0005670,nv,True,True
ISIC_0029733,HAM_0005750,nv,True,True
ISIC_0029054,HAM_0005822,nv,False,True
ISIC_0030069,HAM_0004833,nv,True,True
ISIC_0025088,HAM_0002423,nv,True,True
ISIC_0026786,HAM_0003874,nv,True,True
ISIC_0027461,HAM_0005017,nv,True,True
ISIC_0026076,HAM_0001361,nv,True,True
ISIC_0028441,HAM_0000603,nv,True,True
ISIC_0030313,HAM_0003902,nv,True,True
ISIC_0025579,HAM_0005894,nv,True,True
ISIC_0032459,HAM_0003590,nv,True,True
ISIC_0025730,HAM_0007374,nv,True,True
ISIC_0027066,HAM_0000273,nv,True,False
ISIC_0029465,HAM_0006323,nv,True,False
ISIC_0025967,HAM_0004518,nv,True,True
ISIC_0027360,HAM_0003958,nv,True,True
ISIC_0029554,HAM_0003958,nv,True,True
ISIC_0024578,HAM_0004518,nv,True,True
ISIC_0025759,HAM_0000014,nv,True,True
ISIC_0031366,HAM_0000014,nv,True,True
ISIC_0028310,HAM_0000693,nv,True,True
ISIC_0028281,HAM_0006300,nv,True,False
ISIC_0030598,HAM_0001891,nv,True,True
ISIC_0028205,HAM_0000311,nv,True,True
ISIC_0025936,HAM_0000889,nv,True,True
ISIC_0025179,HAM_0005762,nv,False,True
ISIC_0024441,HAM_0007516,nv,True,True
ISIC_0030534,HAM_0002647,nv,True,True
ISIC_0031314,HAM_0000204,nv,True,True
ISIC_0031121,HAM_0006205,nv,True,True
ISIC_0031301,HAM_0000922,nv,False,False
ISIC_0024882,HAM_0000961,nv,True,False
ISIC_0026956,HAM_0003142,nv,True,True
ISIC_0031982,HAM_0002345,nv,True,True
ISIC_0029833,HAM_0006664,nv,True,True
ISIC_0028736,HAM_0003125,nv,True,True
ISIC_0024447,HAM_0007429,nv,True,True
ISIC_0027498,HAM_0007014,nv,True,True
ISIC_0024657,HAM_0005537,nv,True,True
ISIC_0032279,HAM_0004991,nv,True,True
ISIC_0027922,HAM_0007178,nv,True,True
ISIC_0027298,HAM_0003451,nv,True,True
ISIC_0032090,HAM_0004479,nv,True,True
ISIC_0026048,HAM_0002271,nv,True,True
ISIC_0026753,HAM_0001934,nv,True,True
ISIC_0025505,HAM_0000836,nv,True,True
ISIC_0025517,HAM_0005848,nv,True,True
ISIC_0031238,HAM_0002238,nv,True,True
ISIC_0026297,HAM_0005762,nv,True,True
ISIC_0030639,HAM_0000815,nv,True,True
ISIC_0025165,HAM_0003033,nv,True,True
ISIC_0025237,HAM_0001701,nv,True,False
ISIC_0029390,HAM_0001701,nv,True,False
ISIC_0030663,HAM_0006104,nv,True,True
ISIC_0025422,HAM_0002572,nv,True,True
ISIC_0026665,HAM_0000778,nv,True,True
ISIC_0027984,HAM_0007413,nv,True,True
ISIC_0026124,HAM_0003078,nv,True,True
ISIC_0026711,HAM_0007030,nv,True,True
ISIC_0030176,HAM_0005450,nv,True,True
ISIC_0026580,HAM_0005008,nv,True,True
ISIC_0025346,HAM_0000000,nv,True,False
ISIC_0025540,HAM_0001083,nv,True,True
ISIC_0032333,HAM_0001083,nv,True,True
ISIC_0028596,HAM_0003322,nv,True,True
ISIC_0024902,HAM_0000505,nv,True,True
ISIC_0026676,HAM_0007543,nv,True,True
ISIC_0032328,HAM_0006469,nv,True,True
ISIC_0025193,HAM_0006469,nv,True,True
ISIC_0026218,HAM_0001541,nv,True,True
ISIC_0030155,HAM_0005817,nv,True,True
ISIC_0028531,HAM_0001498,nv,True,True
ISIC_0025446,HAM_0002364,nv,True,True
ISIC_0025647,HAM_0002798,nv,True,True
ISIC_0026371,HAM_0004360,nv,True,True
ISIC_0030019,HAM_0006967,nv,True,True
ISIC_0028042,HAM_0003579,nv,True,True
ISIC_0030229,HAM_0003579,nv,True,True
ISIC_0027133,HAM_0004604,nv,True,True
ISIC_0028756,HAM_0004604,nv,True,True
ISIC_0024818,HAM_0006645,nv,True,True
ISIC_0025271,HAM_0003430,nv,True,True
ISIC_0032042,HAM_0002364,nv,True,True
ISIC_0030589,HAM_0005829,nv,True,True
ISIC_0027140,HAM_0006411,nv,True,True
ISIC_0030404,HAM_0002084,nv,True,True
ISIC_0027311,HAM_0002084,nv,True,True
ISIC_0031896,HAM_0003027,nv,True,True
ISIC_0032388,HAM_0000378,nv,True,True
ISIC_0030299,HAM_0006554,nv,True,True
ISIC_0028866,HAM_0006554,nv,True,True
ISIC_0025253,HAM_0005365,nv,True,True
ISIC_0026190,HAM_0002571,nv,True,True
ISIC_0030358,HAM_0005960,nv,True,True
ISIC_0030086,HAM_0000229,nv,True,True
ISIC_0034265,HAM_0005122,nv,True,False
ISIC_0033765,HAM_0003366,nv,True,True
ISIC_0032939,HAM_0003358,nv,True,True
ISIC_0033682,HAM_0003365,nv,True,True
ISIC_0032979,HAM_0003359,nv,True,True
ISIC_0033474,HAM_0003364,nv,True,False
ISIC_0034043,HAM_0006625,nv,True,True
ISIC_0033589,HAM_0006925,nv,True,True
ISIC_0032880,HAM_0001930,nv,True,True
ISIC_0032721,HAM_0001916,nv,True,True
ISIC_0032616,HAM_0007376,nv,True,True
ISIC_0033355,HAM_0004392,nv,True,True
ISIC_0034219,HAM_0004165,nv,True,True
ISIC_0033118,HAM_0003777,nv,True,True
ISIC_0033542,HAM_0001613,nv,True,True
ISIC_0032575,HAM_0002074,nv,True,True
ISIC_0033842,HAM_0005353,nv,True,True
ISIC_0032923,HAM_0005353,nv,True,True
ISIC_0033577,HAM_0004346,nv,True,True
ISIC_0033898,HAM_0003812,nv,True,True
ISIC_0033173,HAM_0003813,nv,True,True
ISIC_0032655,HAM_0003807,bkl,True,True
ISIC_0034114,HAM_0004212,nv,True,True
ISIC_0033039,HAM_0004190,nv,True,True
ISIC_0034228,HAM_0004213,nv,True,True
ISIC_0032759,HAM_0004186,nv,True,True
ISIC_0033647,HAM_0004203,nv,True,True
ISIC_0032956,HAM_0004187,nv,True,True
ISIC_0034082,HAM_0004211,nv,True,True
ISIC_0034312,HAM_0004216,nv,True,True
ISIC_0032578,HAM_0007460,nv,True,True
ISIC_0034266,HAM_0004120,nv,True,True
ISIC_0034080,HAM_0000421,nv,True,True
ISIC_0034154,HAM_0003561,nv,True,True
ISIC_0033028,HAM_0001139,nv,True,True
ISIC_0032814,HAM_0001366,nv,True,True
ISIC_0033190,HAM_0004670,nv,True,True
ISIC_0033535,HAM_0003017,nv,True,True
ISIC_0033330,HAM_0005156,nv,True,True
ISIC_0024725,HAM_0006720,nv,True,True
ISIC_0031259,HAM_0006720,nv,True,True
ISIC_0027138,HAM_0004370,nv,True,True
ISIC_0028014,HAM_0005696,nv,True,True
ISIC_0031105,HAM_0002566,nv,True,True
ISIC_0029030,HAM_0001393,nv,True,False
ISIC_0031454,HAM_0002408,nv,True,True
ISIC_0028618,HAM_0001633,nv,True,True
ISIC_0031488,HAM_0001633,nv,True,False
ISIC_0027345,HAM_0005091,nv,True,True
ISIC_0029143,HAM_0001410,nv,True,True
ISIC_0030693,HAM_0005314,nv,False,False
ISIC_0031040,HAM_0006898,akiec,True,True
ISIC_0027795,HAM_0001526,akiec,True,True
ISIC_0024913,HAM_0001495,akiec,False,True
ISIC_0026872,HAM_0006746,akiec,True,True
ISIC_0031119,HAM_0004243,akiec,True,True
ISIC_0024562,HAM_0002745,akiec,False,False
ISIC_0025696,HAM_0002472,akiec,True,True
ISIC_0030794,HAM_0002185,akiec,True,True
ISIC_0027678,HAM_0003586,akiec,True,False
ISIC_0028132,HAM_0005413,akiec,False,True
ISIC_0030991,HAM_0001453,akiec,False,False
ISIC_0029582,HAM_0003501,akiec,True,True
ISIC_0031852,HAM_0004441,akiec,False,False
ISIC_0031609,HAM_0004363,akiec,True,True
ISIC_0026645,HAM_0003136,akiec,True,True
ISIC_0024710,HAM_0004609,akiec,True,True
ISIC_0030375,HAM_0007037,akiec,True,False
ISIC_0031335,HAM_0000501,akiec,True,True
ISIC_0027178,HAM_0002705,akiec,True,True
ISIC_0028190,HAM_0002734,akiec,True,True
ISIC_0029059,HAM_0002771,akiec,False,False
ISIC_0032277,HAM_0001624,akiec,True,False
ISIC_0025953,HAM_0002461,akiec,True,True
ISIC_0033494,HAM_0002615,akiec,True,False
ISIC_0031381,HAM_0002441,akiec,True,True
ISIC_0029279,HAM_0000769,akiec,True,True
ISIC_0031431,HAM_0004439,akiec,True,True
ISIC_0028224,HAM_0001625,akiec,True,False
ISIC_0026319,HAM_0003195,akiec,True,True
ISIC_0032014,HAM_0007349,akiec,True,True
ISIC_0024923,HAM_0001004,akiec,True,True
ISIC_0026626,HAM_0005020,akiec,True,False
ISIC_0028335,HAM_0001219,akiec,False,False
ISIC_0026981,HAM_0000909,akiec,True,True
ISIC_0031823,HAM_0006301,akiec,True,True
ISIC_0032404,HAM_0007038,akiec,True,True
ISIC_0024800,HAM_0007088,akiec,True,False
ISIC_0027767,HAM_0003934,akiec,False,False
ISIC_0026984,HAM_0001903,akiec,False,False
ISIC_0031506,HAM_0006902,akiec,False,False
ISIC_0026765,HAM_0001474,akiec,False,True
ISIC_0024511,HAM_0001505,akiec,True,True
ISIC_0027884,HAM_0006024,akiec,True,True
ISIC_0031108,HAM_0004809,akiec,True,True
ISIC_0027334,HAM_0004462,akiec,False,False
ISIC_0033358,HAM_0004282,akiec,True,True
ISIC_0029141,HAM_0004592,akiec,False,False
ISIC_0028619,HAM_0001565,akiec,False,False
ISIC_0033536,HAM_0002867,akiec,True,True
