epoch,train_loss,train_accuracy,train_images_used,val_loss,val_accuracy,val_macro_precision,val_macro_recall,val_macro_f1,epoch_seed,backbone_lr,head_lr,optimizer_updates,validation_ms_per_image,peak_allocated_vram_mb,epoch_seconds,validation_precision
1,1.1661283832017817,0.7207477168949772,7008,0.7653985167286691,0.7957418496340652,0.6498721250259727,0.6675661385282774,0.6570997375683124,43,3e-05,0.0001,218,8.567250166345493,1984.7705078125,115.38048439996783,amp_fp16
2,0.6662086909876571,0.8179223744292238,7008,0.6098255738769387,0.8130405854956753,0.6970248063565626,0.7435045464187005,0.7166681180364002,44,3e-05,0.0001,436,8.121534065248634,1984.7705078125,98.24900069995783,amp_fp16
3,0.4438424728838226,0.8690068493150684,7008,0.5660751832880554,0.8263473053892215,0.7062464836851344,0.773988780036735,0.7345394757293873,45,3e-05,0.0001,655,8.284728343307933,1984.7705078125,112.31629139999859,amp_fp16
4,0.29958737889765147,0.9046803652968036,7008,0.5598124943905762,0.865602129075183,0.7576926794715894,0.7700631226051108,0.7602707228646454,46,3e-05,0.0001,874,8.183412907579424,1984.7705078125,91.37676180002745,amp_fp16
5,0.1987218670453416,0.9384988584474886,7008,0.5564845993749046,0.8669328010645376,0.7934097803848145,0.7571210766678309,0.7735296940181886,47,3e-05,0.0001,1093,8.135120492367816,1984.7705078125,111.71313140005805,amp_fp16
6,0.13072455520104484,0.961329908675799,7008,0.5442358323153804,0.8829008649367931,0.8145781939623323,0.7913945986383951,0.7967455674994689,48,3e-05,0.0001,1311,8.163549301399788,1984.7705078125,112.61286859994289,amp_fp16
7,0.09840356114978638,0.9730308219178082,7008,0.5860386358624694,0.8775781769793746,0.78037315585232,0.7844844049614637,0.7785948386083579,49,3e-05,0.0001,1530,8.103611776422454,1984.7705078125,111.875880699954,amp_fp16
8,0.07334860385287738,0.9794520547945206,7008,0.6130253062412031,0.872255489021956,0.78153602213345,0.7800660359037334,0.7787046483426175,50,3e-05,0.0001,1749,8.136404191573842,1984.7705078125,111.8502429999644,amp_fp16
9,0.07485117955101395,0.9777397260273972,7008,0.6986385950852232,0.8755821689953427,0.8225351258482991,0.7546614010594604,0.7816530661584306,51,3e-05,0.0001,1968,8.447195874903219,1984.7705078125,112.82367300009355,amp_fp16
10,0.039279941118351445,0.9911529680365296,7008,0.5896290368155059,0.8915502328675982,0.8164294122738369,0.7905393679580893,0.8026980831904078,52,1.5e-05,5e-05,2187,8.155717897549252,1984.7705078125,112.47655719995964,amp_fp16
11,0.034742412359880064,0.9921518264840182,7008,0.5796600887604445,0.8948769128409847,0.8105953341643252,0.7962426211249337,0.8021002688324369,53,1.5e-05,5e-05,2406,8.076563539635329,1984.7705078125,112.0126384999603,amp_fp16
12,0.02698871680645302,0.995148401826484,7008,0.5991140240110769,0.8962075848303394,0.81691264404218,0.805484253908005,0.8075191800514074,54,1.5e-05,5e-05,2625,8.035985495633659,1984.7705078125,111.35045389994048,amp_fp16
13,0.025347474410040136,0.9944349315068494,7008,0.6132635074370787,0.8835662009314704,0.8025196736513344,0.7855433101421737,0.7918072575110843,55,1.5e-05,5e-05,2844,8.136263938762585,1984.7705078125,111.46572460001335,amp_fp16
14,0.01976824525380298,0.995148401826484,7008,0.6411203321099027,0.895542248835662,0.8237400794953202,0.8061324797112955,0.8105850660973271,56,1.5e-05,5e-05,3063,8.109819361272672,1984.7705078125,111.70466119993944,amp_fp16
15,0.01865845073023836,0.9965753424657534,7008,0.6375253376368634,0.8855622089155023,0.8188718061782764,0.7852396247685981,0.8000137705167484,57,1.5e-05,5e-05,3282,8.120337258810604,1984.7705078125,111.1032829999458,amp_fp16
16,0.01348077758395957,0.997716894977169,7008,0.6438923213753424,0.886892880904857,0.8078861809716119,0.779637682615269,0.7911839076375884,58,7.5e-06,2.5e-05,3501,8.269803393266585,1984.7705078125,103.80425460007973,amp_fp16
17,0.012188279890545849,0.9978595890410958,7008,0.6675792128787539,0.8948769128409847,0.8232805100545465,0.78713190861782,0.8021948332569643,59,7.5e-06,2.5e-05,3720,8.191451230795877,1984.7705078125,112.22562300006393,amp_fp16
